id,kind,src,video,poem,type,work,title,prompt
CINEOSIS-COLLAGE-001,image,cut/out/collage/GRID_ALL.webp,,,gaseous perception,collage · collage,"The whole archive laid flat has no centre, so it perceives without a perceiver.","No protagonist and no horizon. Two thousand small photographic fragments hang in a
pale field and drift at different speeds — a hand, a window, a strip of neon, a
shoulder. Nothing enters and nothing exits. Bands of density slowly migrate
upward like weather. Let fragments rhyme by shape rather than meaning: an ear
answers a doorway, a lamp answers an eye. Never let the camera settle long enough
for any fragment to become the subject. The film ends when the field has
redistributed itself, not when anything has happened."
CINEOSIS-COLLAGE-002,image,cut/out/collage/BY_POEM.webp,,,vector,collage · collage,Fourteen separate worlds become one world by being ruled into the same grid.,"Fourteen panels on one screen, all running at once, each a different poem's
weather: teal drowned room, orange stairwell, red heart on a chest, olive arch,
skeleton in bokeh, pale blue columns, neon and a red coat, rain on glass, blue
starburst, night road, two men on white ground, grey tunnel, a man in smoke, red
figure in lights. Never cut to a single panel. Instead let one element cross a
frame edge into its neighbour — a light leaves 07 and arrives in 08, a figure
walks out of 11 and into 12. The suite is proved by what can traverse it."
CINEOSIS-COLLAGE-003,image,cut/out/collage/BY_TYPE.webp,,,mark,collage · collage,"Sixteen nouns, each stacked into one picture, make meaning out of recurrence.","Sixteen tiles, each a word becoming visible. Begin with all sixteen black. One at
a time, instances arrive and stack — 499 lights, 316 people, 248 windows, 10
doors — each arrival slightly brightening the tile and slightly shifting its
shape. Show the count rising in the corner. The film is over when every word has
been reached by enough examples to look like a thing. Where a word has too few
examples, leave it sparse and unresolved, and hold on it longest."
CINEOSIS-COLLAGE-004,image,cut/out/collage/poem_01.webp,,01 OUT OF LIFE,any-space-whatever,collage · collage,A room dissolved into its own atmosphere stops being a place and becomes a pressure.,"A dim teal room that never resolves. Hold one fixed frame for four minutes. Furniture edges assemble and dissolve without ever agreeing. A window brightens somewhere left of centre and is gone. Vapour moves; nothing else does. No one enters. The room must feel inhabited by having been looked at too many times, not by anyone being in it."
CINEOSIS-COLLAGE-005,image,cut/out/collage/poem_02.webp,,02 FLASHING LIGHTS,figure of the sublime,collage · collage,"One shot, sixteen pieces, and a white figure climbing out of an orange wall.","A burning orange stairwell, flat as a screenprint. One small white cut-out figure climbs. The stairwell is far too large for the figure and the colour far too loud for the event. Nothing else exists. As the figure climbs, the orange intensifies until it is the only fact in the frame. Keep the means visibly poor — hard edges, no gradient, no depth — so that scale does all the work."
CINEOSIS-COLLAGE-006,image,cut/out/collage/poem_03.webp,,03 HOW TO BREAK OFF AN ENGAGEMENT,fetish,collage · collage,A heart printed on a chest turns a body into the object that carries the story's force.,"A man in red half-light, city bokeh behind him. Over his sternum a pale heart-shape sits like a decal, slightly wrong in scale, refusing to move with his breathing. Everything soft-focus except the heart, which stays hard-edged. Push in very slowly. Other people pass and none of them look at it. Do not explain it. End before anything happens to it."
CINEOSIS-COLLAGE-007,image,cut/out/collage/poem_04.webp,,04 NEVERMORE,restrained dream,collage · collage,"A figure under an arch, seen past a bottle, at the hour when nothing is decided.","Olive-gold interior, one lamp burning above an arch. A seated figure, back to us, does not move. In the foreground a bottle stands far too large, in focus, present. Change almost nothing for two minutes. Once, the arch light dims and returns a half-second late. Once, the bottle's reflection shows a room that is not this one. Never cut away and never wake anybody."
CINEOSIS-COLLAGE-008,image,cut/out/collage/poem_05.webp,,05 BLOODLINES,strong destiny,collage · collage,A skeleton laid over a living body makes the past act on the present through the flesh.,"A woman stands in red night light. Over her torso, an X-ray ribcage in the same red, breathing very slightly out of time with her. As she moves, the ribcage lags. Cut once to an older woman standing in exactly the same posture in a different decade, then back. The ribcage now keeps the older woman's time. Her next action must be caused by what the overlay showed."
CINEOSIS-COLLAGE-009,image,cut/out/collage/poem_06.webp,,06 RESURRECTING ATLANTIS,seed and environment,collage · collage,A city built out of faces is a city that has to be read off the people who were in it.,"A pale underwater plaza whose columns, on inspection, are made of standing human figures pressed into one another. Move slowly along the colonnade. Each column occasionally resolves into a face and loses it again. As the camera passes, new columns assemble behind from figures arriving. The city grows out of the bodies and the bodies are held up by the city. Never give a wide shot that settles the question."
CINEOSIS-COLLAGE-010,image,cut/out/collage/poem_07.webp,,07 DJ TURN ME UP,dividual,collage · collage,"Two men, one red coat, and a wall of neon slabs: the crowd as a single instrument.","A club street. Two men stand sharply separate in the foreground. Behind them the signage is not signage but a wall of vertical colour slabs that pulse together as one organism. A woman in red stands between the two conditions, her edges resolving and dissolving with the beat. Let the crowd's feeling arrive first in the slabs, then in her, and last in the two sharp men. No one leads."
CINEOSIS-COLLAGE-011,image,cut/out/collage/poem_08.webp,,08 NEWLY SINGLE,opsign and sonsign,collage · collage,Rain on glass turns a whole city into something that happens to a surface.,"Fixed shot through a rain-covered window for six minutes. Beyond it a street exists only as smeared colour. Drops accumulate, merge, run, and clear a momentary lens through which something almost resolves and is lost. No one wipes the glass. No one arrives. Sound is only rain, glass, and distantly a city that will not be reached. Nothing in the frame can be responded to."
CINEOSIS-COLLAGE-012,image,cut/out/collage/poem_09.webp,,"09 YET, HEARD",icon,collage · collage,A burst of blue light behind two silhouettes turns an encounter into a shape.,"Two people face each other against a hard blue radial burst that blows out every feature. Hold. Do not cut to what either of them sees, and never light their faces. The entire event is the minute change in the gap between the two silhouettes as the burst breathes. When the light finally drops enough to show a face, end the shot immediately."
CINEOSIS-COLLAGE-013,image,cut/out/collage/poem_10.webp,,10 MAGIC RIDE,any-space-whatever,collage · collage,A night road made of yellow lights is a journey with the journey taken out.,"A night road with no car and no camera-in-a-car. Lamps recede in a yellow-green chain. Things pass through frame at the speed of a vehicle — a sign, a rail, a rectangle of light — but nothing is travelling. The road itself has the momentum. Hold until the absence of a traveller becomes the subject rather than an omission."
CINEOSIS-COLLAGE-014,image,cut/out/collage/poem_11.webp,,11 NEW DAY,body of gest,collage · collage,Two men walking on white ground: the world subtracted until only conduct is left.,"White void, a colonnade in yellow light far behind. Two men walk the same line in opposite directions. Repeat the crossing many times with small variations: one hesitates, one shortens his stride, one carries something, one does not look. Never explain their relation. The meaning must accumulate only from the series of crossings, and vanish if the crossings are reordered."
CINEOSIS-COLLAGE-015,image,cut/out/collage/poem_12.webp,,12 REUNION,sheets of the past,collage · collage,A grey tunnel of mist is a place that has already had everything happen in it.,"One continuous slow move down a misty street. At each depth a different decade is in progress: nearest figures present-day, mid-ground twenty years back, the far end further still. No dissolves, no flashback cues. Walking forward is going backward. Let a figure from one layer step into another and be unremarked. The street is the archive."
CINEOSIS-COLLAGE-016,image,cut/out/collage/poem_13.webp,,13 HOW TO WIN MY HEART,body of attitude,collage · collage,"A man in blue smoke, assembled from three shots, is a portrait that will not settle.","A man in dark glasses in blue smoke. Film him as three overlapping performances of the same moment, offset by fractions of a second and a few degrees of posture. Never resolve them into one body. When he turns, the three turns do not arrive together. Do not use ghosting effects — shoot three real bodies occupying one intention. No name, no dialogue."
CINEOSIS-COLLAGE-017,image,cut/out/collage/poem_14.webp,,14 HOT MINUTE,quotidian,collage · collage,A red figure in bokeh: the everyday and the catastrophic at the same exposure.,"A woman in a red coat stands at a crossing among ordinary city lights, waiting. She checks a phone. She shifts her weight. The light does not change. Keep the action entirely mundane and the colour entirely extreme. Somewhere off-frame something enormous is audible and never explained, and she does not react because she has heard it before. Give the burnt-out streetlamp as much attention as the sound."
CINEOSIS-COLLAGE-018,image,cut/out/collage/type_a-light.webp,,,gaseous perception,collage · collage,Four hundred and ninety-nine lights on black become a constellation with no sky.,"Pure black. Hundreds of small lights of every colour and shape drift at different rates — some flare, some are steady, some are the smeared trace of a light that moved during exposure. No lamp, no window, no street ever appears to explain any of them. Let them cluster into something that feels like a skyline, then let it disperse. The film is a city seen only as its emissions."
CINEOSIS-COLLAGE-019,image,cut/out/collage/type_a-person.webp,,,dividual,collage · collage,Three hundred and sixteen people stacked make a mass with no face and no edge.,"A slow-moving mass of bodies, warm brown and mauve, so densely overlapped that no individual can be followed for more than a second. Occasionally one shoulder, one turn of a head, one hand becomes briefly distinct and is reabsorbed. The mass breathes as one. Never cut to a face. Feeling must travel across the whole body of it and never belong to anyone."
CINEOSIS-COLLAGE-020,image,cut/out/collage/type_a-window.webp,,,any-space-whatever,collage · collage,Two hundred and forty-eight windows agree on one thing: where the light gets in.,"An interior assembled only from openings. Teal rectangles of daylight at incompatible scales hang in a dim room whose walls are never shown. Light moves across them as if from one sun, though they cannot share one. Nobody enters. Hold long enough that the room's expectancy becomes its own event."
CINEOSIS-COLLAGE-021,image,cut/out/collage/type_a-building.webp,,,milieu,collage · collage,Two hundred and twenty buildings stacked make one building that cannot be built.,"A city that is only massing: grey-blue facades at every scale piled into one wall, with a strip of street-level activity along the bottom of frame. Follow one figure walking that strip. Every gesture — how far they keep from the wall, where they cross, what they look up at — should make the city's pressure more legible. Never show a whole building and never show the sky."
CINEOSIS-COLLAGE-022,image,cut/out/collage/type_a-wall.webp,,,any-space-whatever,collage · collage,A hundred and seventy-six walls become a surface with weather on it.,"A single wall filling the frame for its entire duration. Light crosses it, damp rises through it, paint lifts, a shadow of something unseen passes. At the bottom edge, small coloured things accumulate and are cleared away. Nothing is in front of the wall. The wall must acquire tension, expectancy and power without anyone arriving to give it any."
CINEOSIS-COLLAGE-023,image,cut/out/collage/type_a-human-face.webp,,,dividual,collage · collage,Ninety-nine faces over one another produce a face that belongs to no one and looks back.,"A face slowly assembling from many faces. Begin with an unreadable blue-brown mass. Over four minutes let features arrive from different people — one person's eyes, another's mouth, another's jaw — never settling into a single face, always nearly one. At the right edge of frame, one whole woman's face remains sharp and unmerged throughout, watching. Do not cut to what she sees. End when the centre almost becomes her and does not."
CINEOSIS-COLLAGE-024,image,cut/out/collage/type_the-sky.webp,,,gaseous perception,collage · collage,Ninety-eight skies produce weather that no day ever had.,"A sky that is all skies at once. A hot white core with pale blue radiating from it, crossed by orange streaks that behave like lens artefacts rather than light. Cloud forms assemble and are overrun by other cloud forms at a different scale. No horizon and no ground. Time of day changes continuously without ever passing through dusk. Nothing observes it."
CINEOSIS-COLLAGE-025,image,cut/out/collage/type_a-hand.webp,,,symptom,collage · collage,"Sixty-three hands, scattered and small, on a page that is mostly empty.","A pale empty field. Hands enter one at a time from nowhere, each already mid-gesture — gripping, pointing, reaching, cupping — hold, and leave. There is never anything to grip, point at, reach for, or hold. The gestures come faster. They begin to repeat. The film must make it clear that some force is moving these hands and that it is not intention."
CINEOSIS-COLLAGE-026,image,cut/out/collage/type_a-person-in-mid-air.webp,,,originary world,collage · collage,"Fifty-seven bodies in the air, on black, become one long red fall.","Darkness with a red-brown weight at its centre. Bodies in the air — falling, thrown, jumping, floating — arrive continuously from every direction and pass through one another without collision. There is no floor and no ceiling and no one lands. The same primitive force clearly governs all of it. Do not explain what the force is. Let a body occasionally slow almost to stillness before being taken again."
CINEOSIS-COLLAGE-027,image,cut/out/collage/type_a-road.webp,,,vector,collage · collage,Fifty-six roads averaged into a horizontal smear: direction without destination.,"A road seen from a fixed height, running left to right across frame. Nothing travels the whole length. Instead, separate journeys occupy separate stretches of it — a cyclist here, a truck there, someone walking a dog further along — none of them ever meeting. Slowly it becomes clear they are all on the same road at the same time. One pale structure stands at the centre and every journey passes it."
CINEOSIS-COLLAGE-028,image,cut/out/collage/type_a-lamp.webp,,,fetish,collage · collage,Forty-six lamps on black are objects that carry their own reason to be looked at.,"Black. Forty-six lamps hang in the void, each lit, each lighting nothing but itself. Approach one — a small yellow shade. As you approach, the others dim. The room these lamps came from never appears. Something in the object is clearly held rather than emitted. Do not switch it off and do not reveal a hand."
CINEOSIS-COLLAGE-029,image,cut/out/collage/type_a-bed.webp,,,imprint,collage · collage,Forty-six beds make a low teal mound: the place the whole archive keeps returning to.,"A low teal mound in the dark, breathing very slightly, filmed as landscape rather than furniture. Hold on it. Over time, the impressions of bodies that have lain there rise and fade in the surface — not ghosts, just depressions that fill in slowly, as if the material had memory and was slow to forget. No one is in it. No one comes."
CINEOSIS-COLLAGE-030,image,cut/out/collage/type_a-neon-sign.webp,,,lectosign,collage · collage,Forty-two signs from seven shots: language reduced to colour and left unread.,"Black. Vertical strips of saturated neon colour, each obviously a word, none of them resolvable. Move past them as if along a street. Occasionally two strips align and almost form a phrase before separating. Show partial letters. Show a sign reflected in water where it is briefly more readable than the sign itself. Never let a full word be read. The viewer must assemble the street's language and fail."
CINEOSIS-COLLAGE-031,image,cut/out/collage/type_water.webp,,,liquid perception,collage · collage,Fifty-eight waters make a bright collision of surfaces that were never adjacent.,One continuous take through water in all its states. Begin on rain hitting a road; follow the runoff to a gutter; follow the gutter to a river; the river's surface becomes a reflection; the reflection becomes a window with rain on it; the rain becomes spray from a passing vehicle. Attention is handed on at each transfer and never returns. No character and no destination — only the passage of perceptual privilege through one substance.
CINEOSIS-COLLAGE-032,image,cut/out/collage/type_a-door.webp,,,index of lack,collage · collage,"Ten doors on a nearly empty page: too few to average, too many to ignore.","A pale empty room-sized field with a handful of doors standing in it, unattached to any wall. Someone opens the first: behind it, more of the same emptiness. They cross to the second and open it. Each opening reveals one more fact about a building that is not there — a draught, a sound, a change of floor. The situation is assembled entirely from what the doors imply and never shown."
CINEOSIS-COLLAGE-033,image,cut/out/collage/type_a-staircase.webp,,,index of equivocity,collage · collage,"Ten staircases: an orange flight, a dark frame, and the two never meet.","Two staircases in one space, at incompatible angles and scales — one hot orange and domestic, one dark and industrial. A figure climbs. Depending on which stair the camera favours, the same ascent reads as escape or as descent into a plant. Every new action supports both. Never establish which building this is, and never let the two stairs be seen to meet."
CINEOSIS-COLLAGE-034,image,cut/out/scene/01_PLATE.webp,,01 OUT OF LIFE,any-space-whatever,collage · scene,"OUT OF LIFE as a place you could stand in, assembled from things that were never adjacent.","A place that was never photographed. A drowned teal bedroom that will not hold its edges. Hold it as a fixed frame with no one in it. Light crosses it from a source that could not exist given its geometry. Small things move at the wrong scale — something distant passes too fast, something near too slow. Do not resolve the perspective and do not send anyone in. The location must acquire expectancy on its own, and the film ends before it is used for anything."
CINEOSIS-COLLAGE-035,image,cut/out/scene/02_PLATE.webp,,02 FLASHING LIGHTS,any-space-whatever,collage · scene,"FLASHING LIGHTS as a place you could stand in, assembled from things that were never adjacent.","A place that was never photographed. An orange stairwell burning at the top of a building. Hold it as a fixed frame with no one in it. Light crosses it from a source that could not exist given its geometry. Small things move at the wrong scale — something distant passes too fast, something near too slow. Do not resolve the perspective and do not send anyone in. The location must acquire expectancy on its own, and the film ends before it is used for anything."
CINEOSIS-COLLAGE-036,image,cut/out/scene/03_PLATE.webp,,03 HOW TO BREAK OFF AN ENGAGEMENT,any-space-whatever,collage · scene,"HOW TO BREAK OFF AN ENGAGEMENT as a place you could stand in, assembled from things that were never adjacent.","A place that was never photographed. A bokeh street where a heart has been printed on a chest. Hold it as a fixed frame with no one in it. Light crosses it from a source that could not exist given its geometry. Small things move at the wrong scale — something distant passes too fast, something near too slow. Do not resolve the perspective and do not send anyone in. The location must acquire expectancy on its own, and the film ends before it is used for anything."
CINEOSIS-COLLAGE-037,image,cut/out/scene/04_PLATE.webp,,04 NEVERMORE,any-space-whatever,collage · scene,"NEVERMORE as a place you could stand in, assembled from things that were never adjacent.","A place that was never photographed. An olive room with one lit arch and a bottle too near the lens. Hold it as a fixed frame with no one in it. Light crosses it from a source that could not exist given its geometry. Small things move at the wrong scale — something distant passes too fast, something near too slow. Do not resolve the perspective and do not send anyone in. The location must acquire expectancy on its own, and the film ends before it is used for anything."
CINEOSIS-COLLAGE-038,image,cut/out/scene/05_PLATE.webp,,05 BLOODLINES,any-space-whatever,collage · scene,"BLOODLINES as a place you could stand in, assembled from things that were never adjacent.","A place that was never photographed. A red interior where the bones are on the outside. Hold it as a fixed frame with no one in it. Light crosses it from a source that could not exist given its geometry. Small things move at the wrong scale — something distant passes too fast, something near too slow. Do not resolve the perspective and do not send anyone in. The location must acquire expectancy on its own, and the film ends before it is used for anything."
CINEOSIS-COLLAGE-039,image,cut/out/scene/06_PLATE.webp,,06 RESURRECTING ATLANTIS,any-space-whatever,collage · scene,"RESURRECTING ATLANTIS as a place you could stand in, assembled from things that were never adjacent.","A place that was never photographed. A pale colonnade whose columns are people. Hold it as a fixed frame with no one in it. Light crosses it from a source that could not exist given its geometry. Small things move at the wrong scale — something distant passes too fast, something near too slow. Do not resolve the perspective and do not send anyone in. The location must acquire expectancy on its own, and the film ends before it is used for anything."
CINEOSIS-COLLAGE-040,image,cut/out/scene/07_PLATE.webp,,07 DJ TURN ME UP,any-space-whatever,collage · scene,"DJ TURN ME UP as a place you could stand in, assembled from things that were never adjacent.","A place that was never photographed. A club street built out of vertical neon slabs. Hold it as a fixed frame with no one in it. Light crosses it from a source that could not exist given its geometry. Small things move at the wrong scale — something distant passes too fast, something near too slow. Do not resolve the perspective and do not send anyone in. The location must acquire expectancy on its own, and the film ends before it is used for anything."
CINEOSIS-COLLAGE-041,image,cut/out/scene/08_PLATE.webp,,08 NEWLY SINGLE,any-space-whatever,collage · scene,"NEWLY SINGLE as a place you could stand in, assembled from things that were never adjacent.","A place that was never photographed. A city that only exists on the far side of wet glass. Hold it as a fixed frame with no one in it. Light crosses it from a source that could not exist given its geometry. Small things move at the wrong scale — something distant passes too fast, something near too slow. Do not resolve the perspective and do not send anyone in. The location must acquire expectancy on its own, and the film ends before it is used for anything."
CINEOSIS-COLLAGE-042,image,cut/out/scene/09_PLATE.webp,,"09 YET, HEARD",any-space-whatever,collage · scene,"YET, HEARD as a place you could stand in, assembled from things that were never adjacent.","A place that was never photographed. A blue burst with two silhouettes inside it. Hold it as a fixed frame with no one in it. Light crosses it from a source that could not exist given its geometry. Small things move at the wrong scale — something distant passes too fast, something near too slow. Do not resolve the perspective and do not send anyone in. The location must acquire expectancy on its own, and the film ends before it is used for anything."
CINEOSIS-COLLAGE-043,image,cut/out/scene/10_PLATE.webp,,10 MAGIC RIDE,any-space-whatever,collage · scene,"MAGIC RIDE as a place you could stand in, assembled from things that were never adjacent.","A place that was never photographed. A night road with the traveller removed. Hold it as a fixed frame with no one in it. Light crosses it from a source that could not exist given its geometry. Small things move at the wrong scale — something distant passes too fast, something near too slow. Do not resolve the perspective and do not send anyone in. The location must acquire expectancy on its own, and the film ends before it is used for anything."
CINEOSIS-COLLAGE-044,image,cut/out/scene/11_PLATE.webp,,11 NEW DAY,any-space-whatever,collage · scene,"NEW DAY as a place you could stand in, assembled from things that were never adjacent.","A place that was never photographed. A white ground, a colonnade, and two men crossing. Hold it as a fixed frame with no one in it. Light crosses it from a source that could not exist given its geometry. Small things move at the wrong scale — something distant passes too fast, something near too slow. Do not resolve the perspective and do not send anyone in. The location must acquire expectancy on its own, and the film ends before it is used for anything."
CINEOSIS-COLLAGE-045,image,cut/out/scene/12_PLATE.webp,,12 REUNION,any-space-whatever,collage · scene,"REUNION as a place you could stand in, assembled from things that were never adjacent.","A place that was never photographed. A grey street holding several decades at different depths. Hold it as a fixed frame with no one in it. Light crosses it from a source that could not exist given its geometry. Small things move at the wrong scale — something distant passes too fast, something near too slow. Do not resolve the perspective and do not send anyone in. The location must acquire expectancy on its own, and the film ends before it is used for anything."
CINEOSIS-COLLAGE-046,image,cut/out/scene/13_PLATE.webp,,13 HOW TO WIN MY HEART,any-space-whatever,collage · scene,"HOW TO WIN MY HEART as a place you could stand in, assembled from things that were never adjacent.","A place that was never photographed. A blue haze with a man in it three times. Hold it as a fixed frame with no one in it. Light crosses it from a source that could not exist given its geometry. Small things move at the wrong scale — something distant passes too fast, something near too slow. Do not resolve the perspective and do not send anyone in. The location must acquire expectancy on its own, and the film ends before it is used for anything."
CINEOSIS-COLLAGE-047,image,cut/out/scene/14_PLATE.webp,,14 HOT MINUTE,any-space-whatever,collage · scene,"HOT MINUTE as a place you could stand in, assembled from things that were never adjacent.","A place that was never photographed. An ordinary crossing at maximum saturation. Hold it as a fixed frame with no one in it. Light crosses it from a source that could not exist given its geometry. Small things move at the wrong scale — something distant passes too fast, something near too slow. Do not resolve the perspective and do not send anyone in. The location must acquire expectancy on its own, and the film ends before it is used for anything."
CINEOSIS-COLLAGE-048,image,cut/out/scene/01_01-out-of-life.webp,,01 OUT OF LIFE,limpid and opaque,collage · scene,The same place in ink: the photograph and the dot field trade which one is real.,"Two versions of one place, cut against each other: the photographic assemblage, and the same place in eight weights of black ink with a single blue. Begin by treating the photograph as real and the ink as its diagram. Then let the ink move first — a dot field shifts and, a beat later, the photograph catches up. Then let something appear in the ink that has no counterpart in the photograph and stay there. End with the photograph looking like a memory of the dots."
CINEOSIS-COLLAGE-049,image,cut/out/scene/02_02-flashing-lights.webp,,02 FLASHING LIGHTS,limpid and opaque,collage · scene,The same place in ink: the photograph and the dot field trade which one is real.,"Two versions of one place, cut against each other: the photographic assemblage, and the same place in eight weights of black ink with a single blue. Begin by treating the photograph as real and the ink as its diagram. Then let the ink move first — a dot field shifts and, a beat later, the photograph catches up. Then let something appear in the ink that has no counterpart in the photograph and stay there. End with the photograph looking like a memory of the dots."
CINEOSIS-COLLAGE-050,image,cut/out/scene/03_03-how-to-break-off-an-engagement.webp,,03 HOW TO BREAK OFF AN ENGAGEMENT,limpid and opaque,collage · scene,The same place in ink: the photograph and the dot field trade which one is real.,"Two versions of one place, cut against each other: the photographic assemblage, and the same place in eight weights of black ink with a single blue. Begin by treating the photograph as real and the ink as its diagram. Then let the ink move first — a dot field shifts and, a beat later, the photograph catches up. Then let something appear in the ink that has no counterpart in the photograph and stay there. End with the photograph looking like a memory of the dots."
CINEOSIS-COLLAGE-051,image,cut/out/scene/04_04-nevermore.webp,,04 NEVERMORE,limpid and opaque,collage · scene,The same place in ink: the photograph and the dot field trade which one is real.,"Two versions of one place, cut against each other: the photographic assemblage, and the same place in eight weights of black ink with a single blue. Begin by treating the photograph as real and the ink as its diagram. Then let the ink move first — a dot field shifts and, a beat later, the photograph catches up. Then let something appear in the ink that has no counterpart in the photograph and stay there. End with the photograph looking like a memory of the dots."
CINEOSIS-COLLAGE-052,image,cut/out/scene/05_05-bloodlines.webp,,05 BLOODLINES,limpid and opaque,collage · scene,The same place in ink: the photograph and the dot field trade which one is real.,"Two versions of one place, cut against each other: the photographic assemblage, and the same place in eight weights of black ink with a single blue. Begin by treating the photograph as real and the ink as its diagram. Then let the ink move first — a dot field shifts and, a beat later, the photograph catches up. Then let something appear in the ink that has no counterpart in the photograph and stay there. End with the photograph looking like a memory of the dots."
CINEOSIS-COLLAGE-053,image,cut/out/scene/06_06-resurrecting-atlantis.webp,,06 RESURRECTING ATLANTIS,limpid and opaque,collage · scene,The same place in ink: the photograph and the dot field trade which one is real.,"Two versions of one place, cut against each other: the photographic assemblage, and the same place in eight weights of black ink with a single blue. Begin by treating the photograph as real and the ink as its diagram. Then let the ink move first — a dot field shifts and, a beat later, the photograph catches up. Then let something appear in the ink that has no counterpart in the photograph and stay there. End with the photograph looking like a memory of the dots."
CINEOSIS-COLLAGE-054,image,cut/out/scene/07_07-dj-turn-me-up.webp,,07 DJ TURN ME UP,limpid and opaque,collage · scene,The same place in ink: the photograph and the dot field trade which one is real.,"Two versions of one place, cut against each other: the photographic assemblage, and the same place in eight weights of black ink with a single blue. Begin by treating the photograph as real and the ink as its diagram. Then let the ink move first — a dot field shifts and, a beat later, the photograph catches up. Then let something appear in the ink that has no counterpart in the photograph and stay there. End with the photograph looking like a memory of the dots."
CINEOSIS-COLLAGE-055,image,cut/out/scene/08_08-newly-single.webp,,08 NEWLY SINGLE,limpid and opaque,collage · scene,The same place in ink: the photograph and the dot field trade which one is real.,"Two versions of one place, cut against each other: the photographic assemblage, and the same place in eight weights of black ink with a single blue. Begin by treating the photograph as real and the ink as its diagram. Then let the ink move first — a dot field shifts and, a beat later, the photograph catches up. Then let something appear in the ink that has no counterpart in the photograph and stay there. End with the photograph looking like a memory of the dots."
CINEOSIS-COLLAGE-056,image,cut/out/scene/09_09-yet-heard.webp,,"09 YET, HEARD",limpid and opaque,collage · scene,The same place in ink: the photograph and the dot field trade which one is real.,"Two versions of one place, cut against each other: the photographic assemblage, and the same place in eight weights of black ink with a single blue. Begin by treating the photograph as real and the ink as its diagram. Then let the ink move first — a dot field shifts and, a beat later, the photograph catches up. Then let something appear in the ink that has no counterpart in the photograph and stay there. End with the photograph looking like a memory of the dots."
CINEOSIS-COLLAGE-057,image,cut/out/scene/10_10-magic-ride.webp,,10 MAGIC RIDE,limpid and opaque,collage · scene,The same place in ink: the photograph and the dot field trade which one is real.,"Two versions of one place, cut against each other: the photographic assemblage, and the same place in eight weights of black ink with a single blue. Begin by treating the photograph as real and the ink as its diagram. Then let the ink move first — a dot field shifts and, a beat later, the photograph catches up. Then let something appear in the ink that has no counterpart in the photograph and stay there. End with the photograph looking like a memory of the dots."
CINEOSIS-COLLAGE-058,image,cut/out/scene/11_11-new-day.webp,,11 NEW DAY,limpid and opaque,collage · scene,The same place in ink: the photograph and the dot field trade which one is real.,"Two versions of one place, cut against each other: the photographic assemblage, and the same place in eight weights of black ink with a single blue. Begin by treating the photograph as real and the ink as its diagram. Then let the ink move first — a dot field shifts and, a beat later, the photograph catches up. Then let something appear in the ink that has no counterpart in the photograph and stay there. End with the photograph looking like a memory of the dots."
CINEOSIS-COLLAGE-059,image,cut/out/scene/12_12-reunion.webp,,12 REUNION,limpid and opaque,collage · scene,The same place in ink: the photograph and the dot field trade which one is real.,"Two versions of one place, cut against each other: the photographic assemblage, and the same place in eight weights of black ink with a single blue. Begin by treating the photograph as real and the ink as its diagram. Then let the ink move first — a dot field shifts and, a beat later, the photograph catches up. Then let something appear in the ink that has no counterpart in the photograph and stay there. End with the photograph looking like a memory of the dots."
CINEOSIS-COLLAGE-060,image,cut/out/scene/13_13-how-to-win-my-heart.webp,,13 HOW TO WIN MY HEART,limpid and opaque,collage · scene,The same place in ink: the photograph and the dot field trade which one is real.,"Two versions of one place, cut against each other: the photographic assemblage, and the same place in eight weights of black ink with a single blue. Begin by treating the photograph as real and the ink as its diagram. Then let the ink move first — a dot field shifts and, a beat later, the photograph catches up. Then let something appear in the ink that has no counterpart in the photograph and stay there. End with the photograph looking like a memory of the dots."
CINEOSIS-COLLAGE-061,image,cut/out/scene/14_14-hot-minute.webp,,14 HOT MINUTE,limpid and opaque,collage · scene,The same place in ink: the photograph and the dot field trade which one is real.,"Two versions of one place, cut against each other: the photographic assemblage, and the same place in eight weights of black ink with a single blue. Begin by treating the photograph as real and the ink as its diagram. Then let the ink move first — a dot field shifts and, a beat later, the photograph catches up. Then let something appear in the ink that has no counterpart in the photograph and stay there. End with the photograph looking like a memory of the dots."
CINEOSIS-COLLAGE-062,image,cut/out/sheets/01_01-out-of-life.webp,,01 OUT OF LIFE,cinema of the brain,collage · cutsheet,The cutsheet puts the place on a diagram and prints its own confidence beside it.,"A city drawn as a working diagram on a pale ground. Skylines assembled from photographic fragments stand over a baseline of numbers. Leader lines connect five faces to their confidence scores and the scores tick as the camera moves. In the margin a running tally of nouns rises. When the two describers disagree, print the disagreement over the image and leave it there. The camera never enters the city; it reads it. Nothing is resolved and nothing is hidden."
CINEOSIS-COLLAGE-063,image,cut/out/sheets/02_02-flashing-lights.webp,,02 FLASHING LIGHTS,cinema of the brain,collage · cutsheet,The cutsheet puts the place on a diagram and prints its own confidence beside it.,"A city drawn as a working diagram on a pale ground. Skylines assembled from photographic fragments stand over a baseline of numbers. Leader lines connect five faces to their confidence scores and the scores tick as the camera moves. In the margin a running tally of nouns rises. When the two describers disagree, print the disagreement over the image and leave it there. The camera never enters the city; it reads it. Nothing is resolved and nothing is hidden."
CINEOSIS-COLLAGE-064,image,cut/out/sheets/03_03-how-to-break-off-an-engagement.webp,,03 HOW TO BREAK OFF AN ENGAGEMENT,cinema of the brain,collage · cutsheet,The cutsheet puts the place on a diagram and prints its own confidence beside it.,"A city drawn as a working diagram on a pale ground. Skylines assembled from photographic fragments stand over a baseline of numbers. Leader lines connect five faces to their confidence scores and the scores tick as the camera moves. In the margin a running tally of nouns rises. When the two describers disagree, print the disagreement over the image and leave it there. The camera never enters the city; it reads it. Nothing is resolved and nothing is hidden."
CINEOSIS-COLLAGE-065,image,cut/out/sheets/04_04-nevermore.webp,,04 NEVERMORE,cinema of the brain,collage · cutsheet,The cutsheet puts the place on a diagram and prints its own confidence beside it.,"A city drawn as a working diagram on a pale ground. Skylines assembled from photographic fragments stand over a baseline of numbers. Leader lines connect five faces to their confidence scores and the scores tick as the camera moves. In the margin a running tally of nouns rises. When the two describers disagree, print the disagreement over the image and leave it there. The camera never enters the city; it reads it. Nothing is resolved and nothing is hidden."
CINEOSIS-COLLAGE-066,image,cut/out/sheets/05_05-bloodlines.webp,,05 BLOODLINES,cinema of the brain,collage · cutsheet,The cutsheet puts the place on a diagram and prints its own confidence beside it.,"A city drawn as a working diagram on a pale ground. Skylines assembled from photographic fragments stand over a baseline of numbers. Leader lines connect five faces to their confidence scores and the scores tick as the camera moves. In the margin a running tally of nouns rises. When the two describers disagree, print the disagreement over the image and leave it there. The camera never enters the city; it reads it. Nothing is resolved and nothing is hidden."
CINEOSIS-COLLAGE-067,image,cut/out/sheets/06_06-resurrecting-atlantis.webp,,06 RESURRECTING ATLANTIS,cinema of the brain,collage · cutsheet,The cutsheet puts the place on a diagram and prints its own confidence beside it.,"A city drawn as a working diagram on a pale ground. Skylines assembled from photographic fragments stand over a baseline of numbers. Leader lines connect five faces to their confidence scores and the scores tick as the camera moves. In the margin a running tally of nouns rises. When the two describers disagree, print the disagreement over the image and leave it there. The camera never enters the city; it reads it. Nothing is resolved and nothing is hidden."
CINEOSIS-COLLAGE-068,image,cut/out/sheets/07_07-dj-turn-me-up.webp,,07 DJ TURN ME UP,cinema of the brain,collage · cutsheet,The cutsheet puts the place on a diagram and prints its own confidence beside it.,"A city drawn as a working diagram on a pale ground. Skylines assembled from photographic fragments stand over a baseline of numbers. Leader lines connect five faces to their confidence scores and the scores tick as the camera moves. In the margin a running tally of nouns rises. When the two describers disagree, print the disagreement over the image and leave it there. The camera never enters the city; it reads it. Nothing is resolved and nothing is hidden."
CINEOSIS-COLLAGE-069,image,cut/out/sheets/08_08-newly-single.webp,,08 NEWLY SINGLE,cinema of the brain,collage · cutsheet,The cutsheet puts the place on a diagram and prints its own confidence beside it.,"A city drawn as a working diagram on a pale ground. Skylines assembled from photographic fragments stand over a baseline of numbers. Leader lines connect five faces to their confidence scores and the scores tick as the camera moves. In the margin a running tally of nouns rises. When the two describers disagree, print the disagreement over the image and leave it there. The camera never enters the city; it reads it. Nothing is resolved and nothing is hidden."
CINEOSIS-COLLAGE-070,image,cut/out/sheets/09_09-yet-heard.webp,,"09 YET, HEARD",cinema of the brain,collage · cutsheet,The cutsheet puts the place on a diagram and prints its own confidence beside it.,"A city drawn as a working diagram on a pale ground. Skylines assembled from photographic fragments stand over a baseline of numbers. Leader lines connect five faces to their confidence scores and the scores tick as the camera moves. In the margin a running tally of nouns rises. When the two describers disagree, print the disagreement over the image and leave it there. The camera never enters the city; it reads it. Nothing is resolved and nothing is hidden."
CINEOSIS-COLLAGE-071,image,cut/out/sheets/10_10-magic-ride.webp,,10 MAGIC RIDE,cinema of the brain,collage · cutsheet,The cutsheet puts the place on a diagram and prints its own confidence beside it.,"A city drawn as a working diagram on a pale ground. Skylines assembled from photographic fragments stand over a baseline of numbers. Leader lines connect five faces to their confidence scores and the scores tick as the camera moves. In the margin a running tally of nouns rises. When the two describers disagree, print the disagreement over the image and leave it there. The camera never enters the city; it reads it. Nothing is resolved and nothing is hidden."
CINEOSIS-COLLAGE-072,image,cut/out/sheets/11_11-new-day.webp,,11 NEW DAY,cinema of the brain,collage · cutsheet,The cutsheet puts the place on a diagram and prints its own confidence beside it.,"A city drawn as a working diagram on a pale ground. Skylines assembled from photographic fragments stand over a baseline of numbers. Leader lines connect five faces to their confidence scores and the scores tick as the camera moves. In the margin a running tally of nouns rises. When the two describers disagree, print the disagreement over the image and leave it there. The camera never enters the city; it reads it. Nothing is resolved and nothing is hidden."
CINEOSIS-COLLAGE-073,image,cut/out/sheets/12_12-reunion.webp,,12 REUNION,cinema of the brain,collage · cutsheet,The cutsheet puts the place on a diagram and prints its own confidence beside it.,"A city drawn as a working diagram on a pale ground. Skylines assembled from photographic fragments stand over a baseline of numbers. Leader lines connect five faces to their confidence scores and the scores tick as the camera moves. In the margin a running tally of nouns rises. When the two describers disagree, print the disagreement over the image and leave it there. The camera never enters the city; it reads it. Nothing is resolved and nothing is hidden."
CINEOSIS-COLLAGE-074,image,cut/out/sheets/13_13-how-to-win-my-heart.webp,,13 HOW TO WIN MY HEART,cinema of the brain,collage · cutsheet,The cutsheet puts the place on a diagram and prints its own confidence beside it.,"A city drawn as a working diagram on a pale ground. Skylines assembled from photographic fragments stand over a baseline of numbers. Leader lines connect five faces to their confidence scores and the scores tick as the camera moves. In the margin a running tally of nouns rises. When the two describers disagree, print the disagreement over the image and leave it there. The camera never enters the city; it reads it. Nothing is resolved and nothing is hidden."
CINEOSIS-COLLAGE-075,image,cut/out/sheets/14_14-hot-minute.webp,,14 HOT MINUTE,cinema of the brain,collage · cutsheet,The cutsheet puts the place on a diagram and prints its own confidence beside it.,"A city drawn as a working diagram on a pale ground. Skylines assembled from photographic fragments stand over a baseline of numbers. Leader lines connect five faces to their confidence scores and the scores tick as the camera moves. In the margin a running tally of nouns rises. When the two describers disagree, print the disagreement over the image and leave it there. The camera never enters the city; it reads it. Nothing is resolved and nothing is hidden."
CINEOSIS-COLLAGE-076,image,cut/out/lucier/shot_P133_g0.webp,,,solid perception,collage · lucier,"The first pass still has a centre: three people, and everything arranged around them.","Three people stand in a lit room, one of them made of light. Film them plainly, centred, with the room organised entirely around where they are standing. Hold. This is the last shot in which anyone will be the subject of anything."
CINEOSIS-COLLAGE-077,image,cut/out/lucier/shot_P133_g1.webp,,,solid perception,collage · lucier,"Still centred, but the centre is now made of grain rather than of body.","The same three people, still centred, still the subject — but their surfaces have begun to be made of small photographic fragments of themselves. Nothing about the framing changes. Only what they are made of."
CINEOSIS-COLLAGE-078,image,cut/out/lucier/shot_P133_g2.webp,,,liquid perception,collage · lucier,The centre begins to hand itself between the three.,"Three figures, none of whom can hold your attention for more than a moment. As one dissolves, another briefly firms up and takes the centre, then loses it in turn. The camera does not move. Perceptual privilege moves instead."
CINEOSIS-COLLAGE-079,image,cut/out/lucier/shot_P133_g3.webp,,,liquid perception,collage · lucier,Bodies as vertical currents; the transfer is now continuous.,"Three vertical currents of fragments where three people were. Attention runs down one, crosses the gap, and runs down the next, continuously, never stopping. No face resolves. The transfer has become the only event."
CINEOSIS-COLLAGE-080,image,cut/out/lucier/shot_P133_g4.webp,,,gaseous perception,collage · lucier,The centre is gone; only drifts remain where bodies were.,"A pale field with three faint vertical drifts of small coloured fragments. No one is present. The fragments vary against one another — a dark one answers a dark one across the gap, a pale cluster thins as another thickens. Three presences are implied by the arrangement alone and never by anybody."
CINEOSIS-COLLAGE-081,image,cut/out/lucier/shot_P133_g5.webp,,,gaseous perception,collage · lucier,"Fewer marks, and the implication of bodies survives them.",A nearly empty pale field with scattered marks. The marks are too few to depict anything and the sense of three standing presences is undiminished. Let marks disappear one at a time and hold on the moment where the third presence finally fails.
CINEOSIS-COLLAGE-082,image,cut/out/lucier/shot_P133_g6.webp,,,demark,collage · lucier,What is left is only meaningful against the generations before it.,"Two nearly identical near-empty fields, side by side, from consecutive generations. The film is the difference between them. Show the earlier, then the later, then the earlier again. Everything the image means is in what has gone."
CINEOSIS-COLLAGE-083,image,cut/out/lucier/shot_P133_g7.webp,,,powers of the false,collage · lucier,The image now produces content that was never in the source.,Marks on a pale ground that arrange themselves into a figure that was never photographed. Cut between this and the original three people. The invented figure is more convincing than the record. Do not reveal which is the source. Each pass produces another candidate and none of them converge.
CINEOSIS-COLLAGE-084,image,cut/out/lucier/shot_P133_g8.webp,,,lectosign,collage · lucier,At the end there is nothing to see and something to read.,"An almost empty pale field with a handful of marks. Nothing in the frame completes itself. Hold it far longer than is comfortable. The viewer must reconstruct three people, a room and a light from marks that no longer depict any of them — and must do the reconstructing themselves, because the image will not."
CINEOSIS-COLLAGE-085,image,cut/out/lucier/shot_P133_STRIP.webp,,,mark,collage · lucier,"The whole descent on one strip: meaning arrives from the series, not from any frame.","Nine panels in a row, all playing at once, left to right: a photograph of three
people, and eight successive re-descriptions of it, each thinner than the last.
Never cut. Let the viewer's eye do the travelling. As the film runs, each panel
loses a little more, in step, so the whole row descends together. The subject of
the film is the interval between neighbours, and the film is over when the
rightmost panel is empty and the leftmost is still a photograph."
CINEOSIS-COLLAGE-086,image,cut/out/lucier/world_06_g0.webp,,,solid perception,collage · lucier,"The first pass still has a centre: three people, and everything arranged around them.","Three people stand in a lit room, one of them made of light. Film them plainly, centred, with the room organised entirely around where they are standing. Hold. This is the last shot in which anyone will be the subject of anything."
CINEOSIS-COLLAGE-087,image,cut/out/lucier/world_06_g1.webp,,,solid perception,collage · lucier,"Still centred, but the centre is now made of grain rather than of body.","The same three people, still centred, still the subject — but their surfaces have begun to be made of small photographic fragments of themselves. Nothing about the framing changes. Only what they are made of."
CINEOSIS-COLLAGE-088,image,cut/out/lucier/world_06_g2.webp,,,liquid perception,collage · lucier,The centre begins to hand itself between the three.,"Three figures, none of whom can hold your attention for more than a moment. As one dissolves, another briefly firms up and takes the centre, then loses it in turn. The camera does not move. Perceptual privilege moves instead."
CINEOSIS-COLLAGE-089,image,cut/out/lucier/world_06_g3.webp,,,liquid perception,collage · lucier,Bodies as vertical currents; the transfer is now continuous.,"Three vertical currents of fragments where three people were. Attention runs down one, crosses the gap, and runs down the next, continuously, never stopping. No face resolves. The transfer has become the only event."
CINEOSIS-COLLAGE-090,image,cut/out/lucier/world_06_g4.webp,,,gaseous perception,collage · lucier,The centre is gone; only drifts remain where bodies were.,"A pale field with three faint vertical drifts of small coloured fragments. No one is present. The fragments vary against one another — a dark one answers a dark one across the gap, a pale cluster thins as another thickens. Three presences are implied by the arrangement alone and never by anybody."
CINEOSIS-COLLAGE-091,image,cut/out/lucier/world_06_g5.webp,,,gaseous perception,collage · lucier,"Fewer marks, and the implication of bodies survives them.",A nearly empty pale field with scattered marks. The marks are too few to depict anything and the sense of three standing presences is undiminished. Let marks disappear one at a time and hold on the moment where the third presence finally fails.
CINEOSIS-COLLAGE-092,image,cut/out/lucier/world_06_g6.webp,,,demark,collage · lucier,What is left is only meaningful against the generations before it.,"Two nearly identical near-empty fields, side by side, from consecutive generations. The film is the difference between them. Show the earlier, then the later, then the earlier again. Everything the image means is in what has gone."
CINEOSIS-COLLAGE-093,image,cut/out/lucier/world_06_g7.webp,,,powers of the false,collage · lucier,The image now produces content that was never in the source.,Marks on a pale ground that arrange themselves into a figure that was never photographed. Cut between this and the original three people. The invented figure is more convincing than the record. Do not reveal which is the source. Each pass produces another candidate and none of them converge.
CINEOSIS-COLLAGE-094,image,cut/out/lucier/world_06_g8.webp,,,lectosign,collage · lucier,At the end there is nothing to see and something to read.,"An almost empty pale field with a handful of marks. Nothing in the frame completes itself. Hold it far longer than is comfortable. The viewer must reconstruct three people, a room and a light from marks that no longer depict any of them — and must do the reconstructing themselves, because the image will not."
CINEOSIS-COLLAGE-095,image,cut/out/lucier/world_06_STRIP.webp,,,mark,collage · lucier,"The whole descent on one strip: meaning arrives from the series, not from any frame.","Nine panels in a row, all playing at once, left to right: a photograph of three
people, and eight successive re-descriptions of it, each thinner than the last.
Never cut. Let the viewer's eye do the travelling. As the film runs, each panel
loses a little more, in step, so the whole row descends together. The subject of
the film is the interval between neighbours, and the film is over when the
rightmost panel is empty and the leftmost is still a photograph."
CINEOSIS-COLLAGE-096,image,cut/out/parts/P001.png,,,solid perception,collage · plate,"The first plate: a poet in a dim room, and a world that agrees to be about him.","A man alone in a dim teal bedroom. Light falls only where he is. Film the room as entirely his — every surface, every reflection, every sound curved around his body. He does not act. He does not need to. Hold until it is clear the room could not be anyone else's."
CINEOSIS-COLLAGE-097,image,cut/out/parts/P002.png,,,solid perception,collage · plate,"A second take of the same room proves the centre was specified, not discovered.","The same man in the same dim room, filmed twice, cut together. Nothing differs except what a second generation happened to produce. Let the viewer look for the difference and find only that the centre held. The film is about the reliability of the centring."
CINEOSIS-COLLAGE-098,image,cut/out/parts/P003.png,,,solid perception,collage · plate,The third take: repetition begins to look like a category rather than a scene.,"A dim bedroom, filmed three times with a different man each time and the same light. Cut them in sequence with no transitions. By the third the viewer stops seeing a room and starts seeing a type. Hold on the third longest."
CINEOSIS-COLLAGE-099,image,cut/out/parts/P004.png,,,solid perception,collage · plate,A fourth: the centre persists while everything around it has been replaced.,"Four versions of one shot in which the man, the furniture, the colour and the hour all change, and the position of the centre does not. Cut them quickly. The film is about the position, which never appears."
CINEOSIS-COLLAGE-100,image,cut/out/parts/P031.png,,,solid perception,collage · plate,A plate with two figures: the centre has to be shared and is not.,"Two people in one room. The light has already chosen between them. Hold long enough that the unchosen one becomes the more interesting, and then do not give them the light."
CINEOSIS-COLLAGE-101,image,cut/out/parts/P070.png,,,solid perception,collage · plate,A plate where the light source is the subject and the body is the setting.,"A room in which a light — not a person — holds the centre. A figure moves through and is organised by it: shadowed, edge-lit, eclipsed. Never let the figure take the frame. The lamp is the perceiver."
CINEOSIS-COLLAGE-102,image,cut/out/parts/P073.png,,,solid perception,collage · plate,The face plate: the frame narrows until composition and face are the same thing.,"A face filling the frame. Nothing else is in shot and nothing else will be. Hold past the point of information. If a reverse shot ever arrives, this stops being a centre and becomes an affect."
CINEOSIS-COLLAGE-103,image,cut/out/parts/P083.png,,,solid perception,collage · plate,"A plate with depth: three planes, and only one of them is allowed to matter.","Three distinct planes: something near, someone in the middle, a city behind. Rack focus between them slowly and repeatedly. Each rack reassigns which plane the world is about. End on the plane that was never chosen."
CINEOSIS-COLLAGE-104,image,cut/out/parts/P133.png,,,solid perception,collage · plate,Three figures and one made of light: the plate that everything else was cut from.,"Three figures in a lit interior. The one in the middle is made of light and moving data and is the only one who does not blink. Film the two outer figures as though they are the subject. Let the middle one hold the centre anyway, without doing anything, simply by being the thing the room is organised around."
CINEOSIS-COLLAGE-105,image,cut/out/quilt/shot_P133.png,,,imprint,collage · quilt,Bodies made entirely out of their own world are the world made durable inside them.,"Three people standing in an empty pale room. Seen from across the room they are
ordinary. As the camera approaches, their skin, clothes and hair are revealed to
be made of small photographic fragments of everywhere they have ever been —
windows, signs, other people's hands, a stair, a light. When they move, the
fragments do not move with them; the fragments stay where they are and the
bodies slide across them, taking new material. Nothing else is in the room. The
only place the world exists is inside them."
CINEOSIS-COLLAGE-106,image,cut/out/partswap/06_ADMISSION_44s.png,,06 RESURRECTING ATLANTIS,body of attitude,collage · partswap,Exchanging parts between bodies asks how much can be swapped before identity fails.,"One person, filmed continuously, whose parts are replaced one at a time by the
corresponding parts of other people — a forearm, then a jaw, then a shoulder,
then a gait. Each substitution is seamless and none is remarked upon. The
performance does not change; only the material performing it. Keep going past
the point where none of the original body remains and see whether the character
is still there. Do not cut. Do not explain. Never name anybody."
CINEOSIS-COLLAGE-107,image,cut/out/patchfield/modes.webp,,,cinema of the brain,collage · patchfield,A chart of every way two images can meet is a picture of the grammar itself.,"Nine panels, all showing the same two images meeting in nine different ways:
one covers, one hides behind, one adds weight, one takes weight away, one keeps
the heavier, one keeps the lighter, one keeps the difference, one keeps only what
the other touches, one removes only what the other touches. Run all nine at once
from the same source footage. Do not label them. Let the viewer learn the grammar
by watching the same event nine ways, and end on the panel where the two images
have destroyed each other."
P059,video,MARKOV_POET/thumbnails/20251019_225846_63fd3f15_720p_5s_audio_sound_drone_sound_fire_light_energy_epic.jpg,MARKOV_POET/videos/20251019_225846_63fd3f15_720p_5s_audio_sound_drone_sound_fire_light_energy_epic.mp4,14 HOT MINUTE,shadowed stylist plasma,MARKOV_POET,P059 · 720p 5s,"SOUND: epic drone, surreal, blessed, red engergy passion, mood"
P060,video,MARKOV_POET/thumbnails/20251019_225855_60c4c35f_720p_5s_audio_sound_drone_heavenly_sound_red_fire_echo.jpg,MARKOV_POET/videos/20251019_225855_60c4c35f_720p_5s_audio_sound_drone_heavenly_sound_red_fire_echo.mp4,14 HOT MINUTE,shadowed stylist plasma,MARKOV_POET,P060 · 720p 5s,"SOUND: drone, heavenly sound, red fire echo drone, lu,ninous, legend entry deep light"
P061,video,MARKOV_POET/thumbnails/20251019_225924_4ed309f2_720p_5s_audio_sound_drone_light_mood_red.jpg,MARKOV_POET/videos/20251019_225924_4ed309f2_720p_5s_audio_sound_drone_light_mood_red.mp4,14 HOT MINUTE,shadowed stylist plasma,MARKOV_POET,P061 · 720p 5s,"SOUND: drone, light, mood red"
P062,video,MARKOV_POET/thumbnails/20251019_230530_e9c18d8d_720p_5s_audio_sound_rain_distant_sounds_echo_of_radio.jpg,MARKOV_POET/videos/20251019_230530_e9c18d8d_720p_5s_audio_sound_rain_distant_sounds_echo_of_radio.mp4,07 DJ TURN ME UP,boy at rain window,MARKOV_POET,P062 · 720p 5s,"SOUND: rain, distant sounds echo of radio, 80's ambient, drone glow rain"
P063,video,MARKOV_POET/thumbnails/20251019_230548_02eba2a1_720p_5s_audio_interpolated_sequence.jpg,MARKOV_POET/videos/20251019_230548_02eba2a1_720p_5s_audio_interpolated_sequence.mp4,01 OUT OF LIFE,poet dim bedroom,MARKOV_POET,P063 · 720p 5s,(no prompt recorded — the stem is all there is: 20251019_230548_02eba2a1_720p_5s_audio_interpolated_sequence)
P064,video,MARKOV_POET/thumbnails/20251019_230706_0b025dc2_draft_5s_audio_sound_drowning_in_red_light_fluid_bubbli.jpg,MARKOV_POET/videos/20251019_230706_0b025dc2_draft_5s_audio_sound_drowning_in_red_light_fluid_bubbli.mp4,03 HOW TO BREAK OFF AN ENGAGEMENT,red fluid submersion,MARKOV_POET,P064 · draft 5s,"the man s head

SOUND: drowning in red light fluid, bubbling, textured, mood atmospheric"
P065,video,MARKOV_POET/thumbnails/20251019_231205_f3088dc0_draft_5s_audio_interpolated_sequence.jpg,MARKOV_POET/videos/20251019_231205_f3088dc0_draft_5s_audio_interpolated_sequence.mp4,01 OUT OF LIFE,poet dim bedroom,MARKOV_POET,P065 · draft 5s,the man turns his
P066,video,MARKOV_POET/thumbnails/20251019_231210_84c137db_draft_5s_audio_interpolated_sequence.jpg,MARKOV_POET/videos/20251019_231210_84c137db_draft_5s_audio_interpolated_sequence.mp4,01 OUT OF LIFE,poet dim bedroom,MARKOV_POET,P066 · draft 5s,the dj s right hand
P067,video,MARKOV_POET/thumbnails/20251019_231240_0183fedb_draft_5s_audio_sound_rain_drone_dope_slow_mo_vocoder_mo.jpg,MARKOV_POET/videos/20251019_231240_0183fedb_draft_5s_audio_sound_rain_drone_dope_slow_mo_vocoder_mo.mp4,07 DJ TURN ME UP,boy at rain window,MARKOV_POET,P067 · draft 5s,"the man in

SOUND: rain, drone, dope slow mo, vocoder, mood"
P068,video,MARKOV_POET/thumbnails/20251019_231453_6017f123_720p_5s_audio_interpolated_sequence.jpg,MARKOV_POET/videos/20251019_231453_6017f123_720p_5s_audio_interpolated_sequence.mp4,01 OUT OF LIFE,poet dim bedroom,MARKOV_POET,P068 · 720p 5s,(no prompt recorded — the stem is all there is: 20251019_231453_6017f123_720p_5s_audio_interpolated_sequence)
P069,video,MARKOV_POET/thumbnails/20251019_231512_5bbf08ef_draft_5s_audio_interpolated_sequence.jpg,MARKOV_POET/videos/20251019_231512_5bbf08ef_draft_5s_audio_interpolated_sequence.mp4,01 OUT OF LIFE,poet dim bedroom,MARKOV_POET,P069 · draft 5s,the vibrant red and
P070,video,MARKOV_POET/thumbnails/20251019_231846_ee2b1d79_720p_5s_audio_interpolated_sequence.jpg,MARKOV_POET/videos/20251019_231846_ee2b1d79_720p_5s_audio_interpolated_sequence.mp4,01 OUT OF LIFE,poet dim bedroom,MARKOV_POET,P070 · 720p 5s,(no prompt recorded — the stem is all there is: 20251019_231846_ee2b1d79_720p_5s_audio_interpolated_sequence)
P071,video,MARKOV_POET/thumbnails/20251019_231955_222c8cca_draft_5s_audio_interpolated_sequence.jpg,MARKOV_POET/videos/20251019_231955_222c8cca_draft_5s_audio_interpolated_sequence.mp4,13 HOW TO WIN MY HEART,temporal echo trail,MARKOV_POET,P071 · draft 5s,the person s visible
P072,video,MARKOV_POET/thumbnails/20251019_231956_53666716_720p_5s_silent_interpolated_sequence.jpg,MARKOV_POET/videos/20251019_231956_53666716_720p_5s_silent_interpolated_sequence.mp4,13 HOW TO WIN MY HEART,temporal echo trail,MARKOV_POET,P072 · 720p 5s,(no prompt recorded — the stem is all there is: 20251019_231956_53666716_720p_5s_silent_interpolated_sequence)
P073,video,MARKOV_POET/thumbnails/20251019_232034_0b99d0ac_draft_5s_audio_sound_drone_breathing_vocoder_echo_deep.jpg,MARKOV_POET/videos/20251019_232034_0b99d0ac_draft_5s_audio_sound_drone_breathing_vocoder_echo_deep.mp4,01 OUT OF LIFE,poet dim bedroom,MARKOV_POET,P073 · draft 5s,"the person s eyelids

SOUND: drone, breathing, vocoder, echo, deep space"
P074,video,MARKOV_POET/thumbnails/20251019_232508_9e848953_draft_5s_silent_interpolated_sequence.jpg,MARKOV_POET/videos/20251019_232508_9e848953_draft_5s_silent_interpolated_sequence.mp4,01 OUT OF LIFE,poet dim bedroom,MARKOV_POET,P074 · draft 5s,the person s left
P075,video,MARKOV_POET/thumbnails/20251019_232901_ef876320_draft_5s_silent_interpolated_sequence.jpg,MARKOV_POET/videos/20251019_232901_ef876320_draft_5s_silent_interpolated_sequence.mp4,01 OUT OF LIFE,poet dim bedroom,MARKOV_POET,P075 · draft 5s,the man on the red
P076,video,MARKOV_POET/thumbnails/20251019_233247_8acad7c0_720p_5s_audio_interpolated_sequence.jpg,MARKOV_POET/videos/20251019_233247_8acad7c0_720p_5s_audio_interpolated_sequence.mp4,01 OUT OF LIFE,poet dim bedroom,MARKOV_POET,P076 · 720p 5s,(no prompt recorded — the stem is all there is: 20251019_233247_8acad7c0_720p_5s_audio_interpolated_sequence)
P077,video,MARKOV_POET/thumbnails/20251019_233913_764b035a_720p_5s_audio_interpolated_sequence.jpg,MARKOV_POET/videos/20251019_233913_764b035a_720p_5s_audio_interpolated_sequence.mp4,05 BLOODLINES,beating heart skeleton,MARKOV_POET,P077 · 720p 5s,(no prompt recorded — the stem is all there is: 20251019_233913_764b035a_720p_5s_audio_interpolated_sequence)
P078,video,MARKOV_POET/thumbnails/20251019_233925_b8d2065c_720p_5s_audio_interpolated_sequence.jpg,MARKOV_POET/videos/20251019_233925_b8d2065c_720p_5s_audio_interpolated_sequence.mp4,05 BLOODLINES,beating heart skeleton,MARKOV_POET,P078 · 720p 5s,(no prompt recorded — the stem is all there is: 20251019_233925_b8d2065c_720p_5s_audio_interpolated_sequence)
P079,video,MARKOV_POET/thumbnails/20251019_234018_34051c38_720p_5s_audio_sound_hearbeat_drone_light_skeleton_purp.jpg,MARKOV_POET/videos/20251019_234018_34051c38_720p_5s_audio_sound_hearbeat_drone_light_skeleton_purp.mp4,05 BLOODLINES,skeletal profile,MARKOV_POET,P079 · 720p 5s,"SOUND: hearbeat, drone, light skeleton, purpose, energey"
P080,video,MARKOV_POET/thumbnails/20251019_234027_516f88fd_720p_5s_silent_interpolated_sequence.jpg,MARKOV_POET/videos/20251019_234027_516f88fd_720p_5s_silent_interpolated_sequence.mp4,05 BLOODLINES,skeletal profile,MARKOV_POET,P080 · 720p 5s,(no prompt recorded — the stem is all there is: 20251019_234027_516f88fd_720p_5s_silent_interpolated_sequence)
P081,video,MARKOV_POET/thumbnails/20251019_234038_80b32fdf_720p_5s_silent_interpolated_sequence.jpg,MARKOV_POET/videos/20251019_234038_80b32fdf_720p_5s_silent_interpolated_sequence.mp4,05 BLOODLINES,skeletal profile,MARKOV_POET,P081 · 720p 5s,(no prompt recorded — the stem is all there is: 20251019_234038_80b32fdf_720p_5s_silent_interpolated_sequence)
P082,video,MARKOV_POET/thumbnails/20251019_234806_f91d5823_draft_5s_audio_sound_tamborine_echo_waves_ocean_drone_b.jpg,MARKOV_POET/videos/20251019_234806_f91d5823_draft_5s_audio_sound_tamborine_echo_waves_ocean_drone_b.mp4,05 BLOODLINES,skeletal profile,MARKOV_POET,P082 · draft 5s,"the man slowly lifts

SOUND: drone, surreal, tamborine, bass beat, bad ass, surreal atlantis psychadelic trap beat"
P083,video,MARKOV_POET/thumbnails/20251019_234957_e05d9393_draft_5s_audio_interpolated_sequence.jpg,MARKOV_POET/videos/20251019_234957_e05d9393_draft_5s_audio_interpolated_sequence.mp4,01 OUT OF LIFE,poet dim bedroom,MARKOV_POET,P083 · draft 5s,the flock of dark
P084,video,MARKOV_POET/thumbnails/20251019_235035_08ff0a63_720p_5s_silent_interpolated_sequence.jpg,MARKOV_POET/videos/20251019_235035_08ff0a63_720p_5s_silent_interpolated_sequence.mp4,01 OUT OF LIFE,poet dim bedroom,MARKOV_POET,P084 · 720p 5s,(no prompt recorded — the stem is all there is: 20251019_235035_08ff0a63_720p_5s_silent_interpolated_sequence)
P085,video,MARKOV_POET/thumbnails/20251019_235513_b71779e4_draft_5s_audio_interpolated_sequence.jpg,MARKOV_POET/videos/20251019_235513_b71779e4_draft_5s_audio_interpolated_sequence.mp4,01 OUT OF LIFE,poet dim bedroom,MARKOV_POET,P085 · draft 5s,the man slowly
P086,video,MARKOV_POET/thumbnails/20251019_235726_c1d4e13c_draft_5s_silent_interpolated_sequence.jpg,MARKOV_POET/videos/20251019_235726_c1d4e13c_draft_5s_silent_interpolated_sequence.mp4,01 OUT OF LIFE,poet dim bedroom,MARKOV_POET,P086 · draft 5s,his facial muscles
P087,video,MARKOV_POET/thumbnails/20251019_235726_5edab801_draft_5s_audio_interpolated_sequence.jpg,MARKOV_POET/videos/20251019_235726_5edab801_draft_5s_audio_interpolated_sequence.mp4,01 OUT OF LIFE,poet dim bedroom,MARKOV_POET,P087 · draft 5s,subtle tension
P088,video,MARKOV_POET/thumbnails/20251019_235926_d847a1b8_draft_5s_audio_sound_ocean_light_heartbreak_heart_soul.jpg,MARKOV_POET/videos/20251019_235926_d847a1b8_draft_5s_audio_sound_ocean_light_heartbreak_heart_soul.mp4,03 HOW TO BREAK OFF AN ENGAGEMENT,beach heart ribbon,MARKOV_POET,P088 · draft 5s,"the glowing red

SOUND: ocean, light, heartbreak, heart soul drone, light ocean acceptance, vocoder, echo, caretaker, african hauntology"
P089,video,MARKOV_POET/thumbnails/20251020_000746_2255ec6b_720p_5s_silent_interpolated_sequence.jpg,MARKOV_POET/videos/20251020_000746_2255ec6b_720p_5s_silent_interpolated_sequence.mp4,13 HOW TO WIN MY HEART,temporal echo trail,MARKOV_POET,P089 · 720p 5s,(no prompt recorded — the stem is all there is: 20251020_000746_2255ec6b_720p_5s_silent_interpolated_sequence)
P090,video,MARKOV_POET/thumbnails/20251020_001028_1cdf9a75_draft_5s_audio_interpolated_sequence.jpg,MARKOV_POET/videos/20251020_001028_1cdf9a75_draft_5s_audio_interpolated_sequence.mp4,12 REUNION,embracing youths butterflies,MARKOV_POET,P090 · draft 5s,the distant figures
P091,video,MARKOV_POET/thumbnails/20251020_001740_5c7f1747_draft_5s_audio_interpolated_sequence.jpg,MARKOV_POET/videos/20251020_001740_5c7f1747_draft_5s_audio_interpolated_sequence.mp4,12 REUNION,embracing youths butterflies,MARKOV_POET,P091 · draft 5s,dense fog drifts
P092,video,MARKOV_POET/thumbnails/20251020_002206_845aeac2_720p_5s_silent_interpolated_sequence.jpg,MARKOV_POET/videos/20251020_002206_845aeac2_720p_5s_silent_interpolated_sequence.mp4,01 OUT OF LIFE,poet dim bedroom,MARKOV_POET,P092 · 720p 5s,(no prompt recorded — the stem is all there is: 20251020_002206_845aeac2_720p_5s_silent_interpolated_sequence)
P093,video,MARKOV_POET/thumbnails/20251020_002659_17b996fa_720p_5s_audio_interpolated_sequence.jpg,MARKOV_POET/videos/20251020_002659_17b996fa_720p_5s_audio_interpolated_sequence.mp4,01 OUT OF LIFE,poet dim bedroom,MARKOV_POET,P093 · 720p 5s,(no prompt recorded — the stem is all there is: 20251020_002659_17b996fa_720p_5s_audio_interpolated_sequence)
P094,video,MARKOV_POET/thumbnails/20251020_003144_7dc53bea_720p_5s_silent_interpolated_sequence.jpg,MARKOV_POET/videos/20251020_003144_7dc53bea_720p_5s_silent_interpolated_sequence.mp4,01 OUT OF LIFE,poet dim bedroom,MARKOV_POET,P094 · 720p 5s,(no prompt recorded — the stem is all there is: 20251020_003144_7dc53bea_720p_5s_silent_interpolated_sequence)
P095,video,MARKOV_POET/thumbnails/20251020_003624_0107df88_draft_5s_silent_interpolated_sequence.jpg,MARKOV_POET/videos/20251020_003624_0107df88_draft_5s_silent_interpolated_sequence.mp4,12 REUNION,embracing youths butterflies,MARKOV_POET,P095 · draft 5s,the luminous
P096,video,MARKOV_POET/thumbnails/20251020_011907_48a7a55a_draft_5s_silent_interpolated_sequence.jpg,MARKOV_POET/videos/20251020_011907_48a7a55a_draft_5s_silent_interpolated_sequence.mp4,11 NEW DAY,saffron sanctuary monks,MARKOV_POET,P096 · draft 5s,the robed figures
P097,video,MARKOV_POET/thumbnails/20251020_012659_2b779f89_draft_5s_audio_interpolated_sequence.jpg,MARKOV_POET/videos/20251020_012659_2b779f89_draft_5s_audio_interpolated_sequence.mp4,06 RESURRECTING ATLANTIS,ancestral communion roses,MARKOV_POET,P097 · draft 5s,the thick mist
P098,video,MARKOV_POET/thumbnails/20251020_012842_9708bfad_draft_5s_audio_interpolated_sequence.jpg,MARKOV_POET/videos/20251020_012842_9708bfad_draft_5s_audio_interpolated_sequence.mp4,06 RESURRECTING ATLANTIS,ancestral communion roses,MARKOV_POET,P098 · draft 5s,the intense light
P099,video,MARKOV_POET/thumbnails/20251020_012957_068f796b_draft_5s_audio_sound_make_it_more_deep_dark_ocean_more.jpg,MARKOV_POET/videos/20251020_012957_068f796b_draft_5s_audio_sound_make_it_more_deep_dark_ocean_more.mp4,06 RESURRECTING ATLANTIS,ancestral communion roses,MARKOV_POET,P099 · draft 5s,"the luminous

SOUND: drone star, light, heavenly chorus drone, tender light, space echo drone, vocoder"
P100,video,MARKOV_POET/thumbnails/20251020_013140_37235c7f_draft_5s_audio_interpolated_sequence.jpg,MARKOV_POET/videos/20251020_013140_37235c7f_draft_5s_audio_interpolated_sequence.mp4,12 REUNION,two kin women,MARKOV_POET,P100 · draft 5s,the woman on the
P101,video,MARKOV_POET/thumbnails/20251020_014513_02185971_720p_5s_audio_interpolated_sequence.jpg,MARKOV_POET/videos/20251020_014513_02185971_720p_5s_audio_interpolated_sequence.mp4,12 REUNION,two kin women,MARKOV_POET,P101 · 720p 5s,(no prompt recorded — the stem is all there is: 20251020_014513_02185971_720p_5s_audio_interpolated_sequence)
P102,video,MARKOV_POET/thumbnails/20251020_014733_6ac81cae_720p_5s_audio_interpolated_sequence.jpg,MARKOV_POET/videos/20251020_014733_6ac81cae_720p_5s_audio_interpolated_sequence.mp4,12 REUNION,two kin women,MARKOV_POET,P102 · 720p 5s,(no prompt recorded — the stem is all there is: 20251020_014733_6ac81cae_720p_5s_audio_interpolated_sequence)
P103,video,MARKOV_POET/thumbnails/20251020_015442_ce4762b5_draft_5s_audio_interpolated_sequence.jpg,MARKOV_POET/videos/20251020_015442_ce4762b5_draft_5s_audio_interpolated_sequence.mp4,14 HOT MINUTE,rooftop crimson flares,MARKOV_POET,P103 · draft 5s,the dense red smoke
P104,video,MARKOV_POET/thumbnails/20251020_031806_7e0bd7d0_720p_5s_audio_interpolated_sequence.jpg,MARKOV_POET/videos/20251020_031806_7e0bd7d0_720p_5s_audio_interpolated_sequence.mp4,01 OUT OF LIFE,poet dim bedroom,MARKOV_POET,P104 · 720p 5s,(no prompt recorded — the stem is all there is: 20251020_031806_7e0bd7d0_720p_5s_audio_interpolated_sequence)
P105,video,MARKOV_POET/thumbnails/20251020_032021_badaf97b_720p_5s_audio_sound_dream_surreal_drone_water.jpg,MARKOV_POET/videos/20251020_032021_badaf97b_720p_5s_audio_sound_dream_surreal_drone_water.mp4,11 NEW DAY,apothecary yellow flowers,MARKOV_POET,P105 · 720p 5s,"SOUND: surreal drone, flowers"
P106,video,MARKOV_POET/thumbnails/20251020_032316_653ecfbe_draft_5s_audio_sound_vehicles_zooming_by_light_drone_ti.jpg,MARKOV_POET/videos/20251020_032316_653ecfbe_draft_5s_audio_sound_vehicles_zooming_by_light_drone_ti.mp4,10 MAGIC RIDE,coastal magic ride,MARKOV_POET,P106 · draft 5s,"red light trails

SOUND: vehicles zooming by, light, drone time lapse"
P107,video,MARKOV_POET/thumbnails/20251020_032322_fc64e987_draft_5s_audio_sound_magic_ride_light_zooming_by_time_w.jpg,MARKOV_POET/videos/20251020_032322_fc64e987_draft_5s_audio_sound_magic_ride_light_zooming_by_time_w.mp4,10 MAGIC RIDE,coastal magic ride,MARKOV_POET,P107 · draft 5s,"the streaks of

SOUND: magic ride, light zooming by, time warp, morph echo"
P108,video,MARKOV_POET/thumbnails/20251020_032325_8a9e7a1e_720p_5s_audio_sound_more_humble_drone_glorious_morph_v.jpg,MARKOV_POET/videos/20251020_032325_8a9e7a1e_720p_5s_audio_sound_more_humble_drone_glorious_morph_v.mp4,11 NEW DAY,ruined colonnade pilgrim,MARKOV_POET,P108 · 720p 5s,"SOUND: more humble drone, glorious morph vocoder beach, light"
P109,video,MARKOV_POET/thumbnails/20251020_032340_474a21a0_draft_5s_audio_interpolated_sequence.jpg,MARKOV_POET/videos/20251020_032340_474a21a0_draft_5s_audio_interpolated_sequence.mp4,10 MAGIC RIDE,coastal magic ride,MARKOV_POET,P109 · draft 5s,maintain a static
P110,video,MARKOV_POET/thumbnails/20251020_032459_eaea9d0a_720p_5s_audio_interpolated_sequence.jpg,MARKOV_POET/videos/20251020_032459_eaea9d0a_720p_5s_audio_interpolated_sequence.mp4,10 MAGIC RIDE,coastal magic ride,MARKOV_POET,P110 · 720p 5s,(no prompt recorded — the stem is all there is: 20251020_032459_eaea9d0a_720p_5s_audio_interpolated_sequence)
P111,video,MARKOV_POET/thumbnails/20251020_032828_63d387a4_draft_5s_audio_sound_drone_sound_of_morph_vocoder_light.jpg,MARKOV_POET/videos/20251020_032828_63d387a4_draft_5s_audio_sound_drone_sound_of_morph_vocoder_light.mp4,04 NEVERMORE,poet cathedral crows,MARKOV_POET,P111 · draft 5s,"the two blurred

SOUND: drone, sound of morph vocoder, light, gold"
P112,video,MARKOV_POET/thumbnails/20251020_033150_8daa2ef0_draft_5s_audio_interpolated_sequence.jpg,MARKOV_POET/videos/20251020_033150_8daa2ef0_draft_5s_audio_interpolated_sequence.mp4,08 NEWLY SINGLE,train window refraction,MARKOV_POET,P112 · draft 5s,the chromatic
P113,video,MARKOV_POET/thumbnails/20251020_033310_13fee118_720p_5s_audio_interpolated_sequence.jpg,MARKOV_POET/videos/20251020_033310_13fee118_720p_5s_audio_interpolated_sequence.mp4,08 NEWLY SINGLE,train window refraction,MARKOV_POET,P113 · 720p 5s,(no prompt recorded — the stem is all there is: 20251020_033310_13fee118_720p_5s_audio_interpolated_sequence)
P114,video,MARKOV_POET/thumbnails/20251020_033403_4d3fc262_draft_5s_audio_interpolated_sequence.jpg,MARKOV_POET/videos/20251020_033403_4d3fc262_draft_5s_audio_interpolated_sequence.mp4,08 NEWLY SINGLE,train window refraction,MARKOV_POET,P114 · draft 5s,fresh raindrops
P115,video,MARKOV_POET/thumbnails/20251020_033411_5bcf5bf5_draft_5s_audio_interpolated_sequence.jpg,MARKOV_POET/videos/20251020_033411_5bcf5bf5_draft_5s_audio_interpolated_sequence.mp4,12 REUNION,gothic cathedral terminal,MARKOV_POET,P115 · draft 5s,rain continues to
P116,video,MARKOV_POET/thumbnails/20251020_033443_7b30f724_720p_5s_silent_interpolated_sequence.jpg,MARKOV_POET/videos/20251020_033443_7b30f724_720p_5s_silent_interpolated_sequence.mp4,08 NEWLY SINGLE,train window refraction,MARKOV_POET,P116 · 720p 5s,(no prompt recorded — the stem is all there is: 20251020_033443_7b30f724_720p_5s_silent_interpolated_sequence)
P117,video,MARKOV_POET/thumbnails/20251020_033605_afa81d04_draft_5s_audio_interpolated_sequence.jpg,MARKOV_POET/videos/20251020_033605_afa81d04_draft_5s_audio_interpolated_sequence.mp4,14 HOT MINUTE,train window refraction,MARKOV_POET,P117 · draft 5s,a lone figure slowly
P118,video,MARKOV_POET/thumbnails/20251020_033653_c52c52ca_draft_5s_audio_interpolated_sequence.jpg,MARKOV_POET/videos/20251020_033653_c52c52ca_draft_5s_audio_interpolated_sequence.mp4,08 NEWLY SINGLE,train window refraction,MARKOV_POET,P118 · draft 5s,the numerous red and
P119,video,MARKOV_POET/thumbnails/20251020_033922_6750a5d1_720p_5s_audio_sound_train_arrives_man_runs_down_stairs.jpg,MARKOV_POET/videos/20251020_033922_6750a5d1_720p_5s_audio_sound_train_arrives_man_runs_down_stairs.mp4,02 FLASHING LIGHTS,subway sprint stairs,MARKOV_POET,P119 · 720p 5s,SOUND: foot steps running down stairs
P120,video,MARKOV_POET/thumbnails/20251020_035846_b7dc3595_720p_9s_audio_interpolated_sequence.jpg,MARKOV_POET/videos/20251020_035846_b7dc3595_720p_9s_audio_interpolated_sequence.mp4,01 OUT OF LIFE,poet dim bedroom,MARKOV_POET,P120 · 720p 5s,the two figures walk
P121,video,MARKOV_POET/thumbnails/20251020_042303_9c7af8fd_720p_9s_audio_interpolated_sequence.jpg,MARKOV_POET/videos/20251020_042303_9c7af8fd_720p_9s_audio_interpolated_sequence.mp4,01 OUT OF LIFE,poet dim bedroom,MARKOV_POET,P121 · 720p 5s,(no prompt recorded — the stem is all there is: 20251020_042303_9c7af8fd_720p_9s_audio_interpolated_sequence)
P122,video,MARKOV_POET/thumbnails/20251020_045239_8bc45974_720p_9s_audio_interpolated_sequence.jpg,MARKOV_POET/videos/20251020_045239_8bc45974_720p_9s_audio_interpolated_sequence.mp4,01 OUT OF LIFE,poet dim bedroom,MARKOV_POET,P122 · 720p 5s,the man on the red
P123,video,MARKOV_POET/thumbnails/20251020_045322_c0323bcf_720p_14s_audio_interpolated_sequence.jpg,MARKOV_POET/videos/20251020_045322_c0323bcf_720p_14s_audio_interpolated_sequence.mp4,01 OUT OF LIFE,poet dim bedroom,MARKOV_POET,P123 · 720p 5s,(no prompt recorded — the stem is all there is: 20251020_045322_c0323bcf_720p_14s_audio_interpolated_sequence)
P124,video,MARKOV_POET/thumbnails/20251020_050129_4351bc7a_720p_18s_silent_interpolated_sequence.jpg,MARKOV_POET/videos/20251020_050129_4351bc7a_720p_18s_silent_interpolated_sequence.mp4,01 OUT OF LIFE,poet dim bedroom,MARKOV_POET,P124 · 720p 5s,(no prompt recorded — the stem is all there is: 20251020_050129_4351bc7a_720p_18s_silent_interpolated_sequence)
P125,video,MARKOV_POET/thumbnails/20251020_064257_84c43938_720p_9s_audio_tvs_play_water_ocean_atlantis_lost_city.jpg,MARKOV_POET/videos/20251020_064257_84c43938_720p_9s_audio_tvs_play_water_ocean_atlantis_lost_city.mp4,06 RESURRECTING ATLANTIS,crt tv pyramid atlantis,MARKOV_POET,P125 · 720p 5s,"tvs play water ocean atlantis, lost city of atlantis, afrofuturism

SOUND: drones tatic, harmonies waves, ocean peace gates, drone, calm"
P126,video,MARKOV_POET/thumbnails/20251020_064323_b38a6302_720p_9s_audio_interpolated_sequence.jpg,MARKOV_POET/videos/20251020_064323_b38a6302_720p_9s_audio_interpolated_sequence.mp4,06 RESURRECTING ATLANTIS,crt tv pyramid atlantis,MARKOV_POET,P126 · 720p 5s,(no prompt recorded — the stem is all there is: 20251020_064323_b38a6302_720p_9s_audio_interpolated_sequence)
P127,video,MARKOV_POET/thumbnails/20251020_064916_464b4dcc_720p_23s_audio_interpolated_sequence.jpg,MARKOV_POET/videos/20251020_064916_464b4dcc_720p_23s_audio_interpolated_sequence.mp4,06 RESURRECTING ATLANTIS,crt tv pyramid atlantis,MARKOV_POET,P127 · 720p 5s,(no prompt recorded — the stem is all there is: 20251020_064916_464b4dcc_720p_23s_audio_interpolated_sequence)
P128,video,MARKOV_POET/thumbnails/20251020_065914_d06fff56_720p_29s_audio_interpolated_sequence.jpg,MARKOV_POET/videos/20251020_065914_d06fff56_720p_29s_audio_interpolated_sequence.mp4,06 RESURRECTING ATLANTIS,crt tv pyramid atlantis,MARKOV_POET,P128 · 720p 5s,(no prompt recorded — the stem is all there is: 20251020_065914_d06fff56_720p_29s_audio_interpolated_sequence)
P129,video,MARKOV_POET/thumbnails/20251020_070137_60ea25fc_720p_9s_audio_interpolated_sequence.jpg,MARKOV_POET/videos/20251020_070137_60ea25fc_720p_9s_audio_interpolated_sequence.mp4,06 RESURRECTING ATLANTIS,crt tv pyramid atlantis,MARKOV_POET,P129 · 720p 5s,(no prompt recorded — the stem is all there is: 20251020_070137_60ea25fc_720p_9s_audio_interpolated_sequence)
P130,video,MARKOV_POET/thumbnails/20251020_071057_c2a64680_720p_14s_audio_interpolated_sequence.jpg,MARKOV_POET/videos/20251020_071057_c2a64680_720p_14s_audio_interpolated_sequence.mp4,06 RESURRECTING ATLANTIS,crt tv pyramid atlantis,MARKOV_POET,P130 · 720p 5s,(no prompt recorded — the stem is all there is: 20251020_071057_c2a64680_720p_14s_audio_interpolated_sequence)
P131,video,MARKOV_POET/thumbnails/20251020_071957_35855d8a_720p_14s_silent_interpolated_sequence.jpg,MARKOV_POET/videos/20251020_071957_35855d8a_720p_14s_silent_interpolated_sequence.mp4,06 RESURRECTING ATLANTIS,mirrored island metropolis,MARKOV_POET,P131 · 720p 5s,(no prompt recorded — the stem is all there is: 20251020_071957_35855d8a_720p_14s_silent_interpolated_sequence)
P132,video,MARKOV_POET/thumbnails/20251020_072308_447a4780_720p_9s_audio_ocean_light_heartbreak_heart_soul_drone.jpg,MARKOV_POET/videos/20251020_072308_447a4780_720p_9s_audio_ocean_light_heartbreak_heart_soul_drone.mp4,03 HOW TO BREAK OFF AN ENGAGEMENT,beach heart ribbon,MARKOV_POET,P132 · 720p 5s,the glowing red
P133,video,MARKOV_POET/thumbnails/20251020_073316_10440c21_720p_9s_silent_interpolated_sequence.jpg,MARKOV_POET/videos/20251020_073316_10440c21_720p_9s_silent_interpolated_sequence.mp4,06 RESURRECTING ATLANTIS,mirrored island metropolis,MARKOV_POET,P133 · 720p 5s,(no prompt recorded — the stem is all there is: 20251020_073316_10440c21_720p_9s_silent_interpolated_sequence)
P134,video,MARKOV_POET/thumbnails/20251020_073932_92cc2431_720p_9s_audio_interpolated_sequence.jpg,MARKOV_POET/videos/20251020_073932_92cc2431_720p_9s_audio_interpolated_sequence.mp4,06 RESURRECTING ATLANTIS,mirrored island metropolis,MARKOV_POET,P134 · 720p 5s,(no prompt recorded — the stem is all there is: 20251020_073932_92cc2431_720p_9s_audio_interpolated_sequence)
P135,video,MARKOV_POET/thumbnails/20251020_074433_882db957_720p_9s_silent_tamborine_echo_waves_ocean_drone_beat_mi.jpg,MARKOV_POET/videos/20251020_074433_882db957_720p_9s_silent_tamborine_echo_waves_ocean_drone_beat_mi.mp4,03 HOW TO BREAK OFF AN ENGAGEMENT,beach heart ribbon,MARKOV_POET,P135 · 720p 5s,the man slowly lifts
P001,video,MARKOV_POET_00/thumbnails/20250719_034351_2474f1b5_720p_5s_silent_establishing_shot_of_poet_in_dim_bedroom.jpg,MARKOV_POET_00/videos/20250719_034351_2474f1b5_720p_5s_silent_establishing_shot_of_poet_in_dim_bedroom.mp4,01 OUT OF LIFE,poet dim bedroom,MARKOV_POET_00,P001 · 720p 5s,"Establishing shot of POET in Dim Bedroom - Dim bedroom stasis, EX's detachment. POET's initial <You>₀.. Focus on the visual impact of: narrative progression. The scene's ambiance is Eerie green fog with a Film-noir grain style. Use Camera dollies forward, framed as in a symmetrical layout, aspect ratio 9:16."
P002,video,MARKOV_POET_00/thumbnails/20250719_034530_7534249f_720p_5s_silent_establishing_shot_of_poet_in_dim_bedroom.jpg,MARKOV_POET_00/videos/20250719_034530_7534249f_720p_5s_silent_establishing_shot_of_poet_in_dim_bedroom.mp4,01 OUT OF LIFE,poet dim bedroom,MARKOV_POET_00,P002 · 720p 5s,"Establishing shot of POET in Dim Bedroom - Dim bedroom stasis, EX's detachment. POET's initial <You>₀.. Focus on the visual impact of: narrative progression. The scene's ambiance is Eerie green fog with a Film-noir grain style. Use Camera dollies forward, framed as in a symmetrical layout, aspect ratio 9:16."
P003,video,MARKOV_POET_00/thumbnails/20250719_034822_0a69c776_720p_5s_silent_establishing_shot_of_poet_in_dim_bedroom.jpg,MARKOV_POET_00/videos/20250719_034822_0a69c776_720p_5s_silent_establishing_shot_of_poet_in_dim_bedroom.mp4,01 OUT OF LIFE,poet dim bedroom,MARKOV_POET_00,P003 · 720p 5s,"Establishing shot of POET in Dim Bedroom - Dim bedroom stasis, EX's detachment. POET's initial <You>₀.. Focus on the visual impact of: narrative progression. The scene's ambiance is Eerie green fog with a Film-noir grain style. Use Camera dollies forward, framed as in a symmetrical layout, aspect ratio 9:16. Add flavor:"
P004,video,MARKOV_POET_00/thumbnails/20250719_035044_1ea914c8_720p_5s_silent_establishing_shot_of_poet_in_dim_bedroom.jpg,MARKOV_POET_00/videos/20250719_035044_1ea914c8_720p_5s_silent_establishing_shot_of_poet_in_dim_bedroom.mp4,01 OUT OF LIFE,poet dim bedroom,MARKOV_POET_00,P004 · 720p 5s,"Establishing shot of POET in Dim Bedroom - Dim bedroom stasis, EX's detachment. POET's initial <You>₀.. Focus on the visual impact of: narrative progression. The scene's ambiance is Eerie green fog with a Film-noir grain style. Use Camera dollies forward, framed as in a symmetrical layout, aspect ratio 9:16. Add flavor: with graffiti tag 'Turbo Pitch 2026'."
P005,video,MARKOV_POET_00/thumbnails/20250719_035126_9f391a75_720p_5s_silent_establishing_shot_of_poet_in_dim_bedroom.jpg,MARKOV_POET_00/videos/20250719_035126_9f391a75_720p_5s_silent_establishing_shot_of_poet_in_dim_bedroom.mp4,01 OUT OF LIFE,poet dim bedroom,MARKOV_POET_00,P005 · 720p 5s,"Establishing shot of POET in Dim Bedroom - Dim bedroom stasis, EX's detachment. POET's initial <You>₀.. Focus on the visual impact of: narrative progression. The scene's ambiance is Eerie green fog with a Film-noir grain style. Use Camera dollies forward, framed as in a symmetrical layout, aspect ratio 9:16. Add flavor: with graffiti tag 'OUT OF LIFE'."
P006,video,MARKOV_POET_00/thumbnails/20250719_035247_bcc4949f_720p_5s_silent_establishing_shot_of_poet_in_dim_bedroom.jpg,MARKOV_POET_00/videos/20250719_035247_bcc4949f_720p_5s_silent_establishing_shot_of_poet_in_dim_bedroom.mp4,01 OUT OF LIFE,poet dim bedroom,MARKOV_POET_00,P006 · 720p 5s,"Establishing shot of POET in Dim Bedroom - Dim bedroom stasis, EX's detachment. POET's initial <You>₀.. Focus on the visual impact of: narrative progression. The scene's ambiance is Eerie green fog with a Film-noir grain style. Use Camera dollies forward, framed as in a symmetrical layout, aspect ratio 9:16. Add flavor:"
P007,video,MARKOV_POET_00/thumbnails/20250719_035316_90db999f_720p_5s_silent_establishing_shot_of_poet_in_dim_bedroom.jpg,MARKOV_POET_00/videos/20250719_035316_90db999f_720p_5s_silent_establishing_shot_of_poet_in_dim_bedroom.mp4,01 OUT OF LIFE,poet dim bedroom,MARKOV_POET_00,P007 · 720p 5s,"Establishing shot of POET in Dim Bedroom - Dim bedroom stasis, EX's detachment. POET's initial <You>₀.. Focus on the visual impact of: narrative progression. The scene's ambiance is Eerie green fog with a Film-noir grain style. Use Camera dollies forward, framed as in a symmetrical layout, aspect ratio 9:16. Add flavor: with graffiti tag 'Turbo Pitch 2026'."
P008,video,MARKOV_POET_00/thumbnails/20250719_043437_a5a18f9d_720p_9s_silent_overhead_drone_shot_of_poet_in_an_unknow.jpg,MARKOV_POET_00/videos/20250719_043437_a5a18f9d_720p_9s_silent_overhead_drone_shot_of_poet_in_an_unknow.mp4,01 OUT OF LIFE,poet dim bedroom,MARKOV_POET_00,P008 · 720p 5s,"Overhead drone shot of POET in an unknown space - External chaos and blurring vision; EX recedes. Forces the 'LEAVE' trigger.. Focus on the visual impact of: Subjective Frame Recalibration. The scene's ambiance is Pastel sunrise palette with a Lo-fi VHS aesthetic style. Use Smooth drone shot, framed as an asymmetrical composition, aspect ratio 9:16. Add flavor: like digital echoes."
P009,video,MARKOV_POET_00/thumbnails/20250719_043529_5321a933_720p_9s_silent_id_poet_type_character_name_poet_traits.jpg,MARKOV_POET_00/videos/20250719_043529_5321a933_720p_9s_silent_id_poet_type_character_name_poet_traits.mp4,01 OUT OF LIFE,poet dim bedroom,MARKOV_POET_00,P009 · 720p 5s,"[
  {
    ""id"": ""POET"",
    ""type"": ""Character"",
    ""name"": ""POET"",
    ""traits"": [
      ""Protagonist"",
      ""Ego-Proxy"",
      ""Transformer"",
      ""Creator"",
      ""Observer""
    ]
  },
  {
    ""id"": ""EX"",
    ""type"": ""Character"",
    ""name"": ""EX"",
    ""traits"": [
      ""Antagonist-or-Catalyst"",
      ""Unreachable"",
      ""Elusive"",
      ""Shadow-Projection"",
      ""Past-Attachment""
    ]
  },
  {
    ""id"": ""TV_CHAOS"",
    ""type"": ""Object"",
    ""name"": ""Television Screen"",
    ""traits"": [
      ""Source-of-External-Chaos"",
      ""Reflection-of-Inner-Disorder""
    ]
  },
  {
    ""id"": ""VAPE_HAZE"",
    ""type"": ""Concept"",
    ""name"": ""Vape Haze"",
    ""traits"": [
      ""Blurring-Agent"",
      ""Obscuring-Perception"",
      ""Symbol-of-Detachment""
    ]
  }
]"
P010,video,MARKOV_POET_00/thumbnails/20250719_043826_e01016b7_720p_9s_silent_my_journey_brings_me_to_dim_bedroom_as_e.jpg,MARKOV_POET_00/videos/20250719_043826_e01016b7_720p_9s_silent_my_journey_brings_me_to_dim_bedroom_as_e.mp4,01 OUT OF LIFE,poet dim bedroom,MARKOV_POET_00,P010 · 720p 5s,"My journey brings me to Dim Bedroom, as ""External chaos and blurring vision; EX recedes. Forces the 'LEAVE' trigger."" unfolds before me. I am undergoing a Subjective Frame Recalibration, as aspects of myself : Disoriented. Through it all, I am becoming You_Falling (Engaging EX)."
P011,video,MARKOV_POET_00/thumbnails/20250719_044016_72b8186d_720p_9s_silent_overhead_drone_shot_of_poet_in_an_unknow.jpg,MARKOV_POET_00/videos/20250719_044016_72b8186d_720p_9s_silent_overhead_drone_shot_of_poet_in_an_unknow.mp4,01 OUT OF LIFE,poet dim bedroom,MARKOV_POET_00,P011 · 720p 5s,"Overhead drone shot of POET in an unknown space - External chaos and blurring vision; EX recedes. Forces the 'LEAVE' trigger.. Focus on the visual impact of: Subjective Frame Recalibration. The scene's ambiance is Pastel sunrise palette with a Lo-fi VHS aesthetic style. Use Smooth drone shot, framed as an asymmetrical composition, aspect ratio 9:16. Add flavor: like digital echoes."
P012,video,MARKOV_POET_00/thumbnails/20250719_045257_64024978_720p_13s_silent_overhead_drone_shot_of_poet_in_an_unknow.jpg,MARKOV_POET_00/videos/20250719_045257_64024978_720p_13s_silent_overhead_drone_shot_of_poet_in_an_unknow.mp4,01 OUT OF LIFE,poet dim bedroom,MARKOV_POET_00,P012 · 720p 5s,overhead drone shot
P013,video,MARKOV_POET_00/thumbnails/20250719_050702_cb195db7_720p_5s_silent_interpolated_sequence.jpg,MARKOV_POET_00/videos/20250719_050702_cb195db7_720p_5s_silent_interpolated_sequence.mp4,01 OUT OF LIFE,poet dim bedroom,MARKOV_POET_00,P013 · 720p 5s,(no prompt recorded — the stem is all there is: 20250719_050702_cb195db7_720p_5s_silent_interpolated_sequence)
P014,video,MARKOV_POET_00/thumbnails/20250719_051147_dc67dc88_720p_5s_silent_interpolated_sequence.jpg,MARKOV_POET_00/videos/20250719_051147_dc67dc88_720p_5s_silent_interpolated_sequence.mp4,01 OUT OF LIFE,poet dim bedroom,MARKOV_POET_00,P014 · 720p 5s,(no prompt recorded — the stem is all there is: 20250719_051147_dc67dc88_720p_5s_silent_interpolated_sequence)
P015,video,MARKOV_POET_00/thumbnails/20250719_051359_05df5f1b_720p_5s_silent_my_journey_brings_me_to_dim_bedroom_as_e.jpg,MARKOV_POET_00/videos/20250719_051359_05df5f1b_720p_5s_silent_my_journey_brings_me_to_dim_bedroom_as_e.mp4,01 OUT OF LIFE,poet dim bedroom,MARKOV_POET_00,P015 · 720p 5s,"My journey brings me to Dim Bedroom, as ""External chaos and blurring vision; EX recedes. Forces the 'LEAVE' trigger."" unfolds before me. I am undergoing a Subjective Frame Recalibration, as aspects of myself : Disoriented. Through it all, I am becoming You_Falling (Engaging EX)."
P016,video,MARKOV_POET_00/thumbnails/20250719_051506_7a701277_720p_5s_silent_my_journey_brings_me_to_dim_bedroom_as_e.jpg,MARKOV_POET_00/videos/20250719_051506_7a701277_720p_5s_silent_my_journey_brings_me_to_dim_bedroom_as_e.mp4,01 OUT OF LIFE,poet dim bedroom,MARKOV_POET_00,P016 · 720p 5s,"My journey brings me to Dim Bedroom, as ""External chaos and blurring vision; EX recedes. Forces the 'LEAVE' trigger."" unfolds before me. I am undergoing a Subjective Frame Recalibration, as aspects of myself : Disoriented. Through it all, I am becoming You_Falling (Engaging EX)."
P017,video,MARKOV_POET_00/thumbnails/20250719_051548_8342f352_720p_5s_silent_my_journey_brings_me_to_dim_bedroom_as_e.jpg,MARKOV_POET_00/videos/20250719_051548_8342f352_720p_5s_silent_my_journey_brings_me_to_dim_bedroom_as_e.mp4,01 OUT OF LIFE,poet dim bedroom,MARKOV_POET_00,P017 · 720p 5s,"My journey brings me to Dim Bedroom, as ""External chaos and blurring vision; EX recedes. Forces the 'LEAVE' trigger."" unfolds before me. I am undergoing a Subjective Frame Recalibration, as aspects of myself : Disoriented. Through it all, I am becoming You_Falling (Engaging EX)."
P018,video,MARKOV_POET_00/thumbnails/20250719_052134_c42d545f_720p_5s_silent_my_journey_brings_me_to_dim_bedroom_as_e.jpg,MARKOV_POET_00/videos/20250719_052134_c42d545f_720p_5s_silent_my_journey_brings_me_to_dim_bedroom_as_e.mp4,01 OUT OF LIFE,poet dim bedroom,MARKOV_POET_00,P018 · 720p 5s,"My journey brings me to Dim Bedroom, as ""External chaos and blurring vision; EX recedes. Forces the 'LEAVE' trigger."" unfolds before me. I am undergoing a Subjective Frame Recalibration, as aspects of myself : Disoriented. Through it all, I am becoming You_Falling (Engaging EX)."
P019,video,MARKOV_POET_00/thumbnails/20250719_052317_773afeb6_720p_5s_silent_id_poet_type_character_name_poet_traits.jpg,MARKOV_POET_00/videos/20250719_052317_773afeb6_720p_5s_silent_id_poet_type_character_name_poet_traits.mp4,01 OUT OF LIFE,poet dim bedroom,MARKOV_POET_00,P019 · 720p 5s,"[
  {
    ""id"": ""POET"",
    ""type"": ""Character"",
    ""name"": ""POET"",
    ""traits"": [
      ""Protagonist"",
      ""Ego-Proxy"",
      ""Transformer"",
      ""Creator"",
      ""Observer""
    ]
  },
  {
    ""id"": ""EX"",
    ""type"": ""Character"",
    ""name"": ""EX"",
    ""traits"": [
      ""Antagonist-or-Catalyst"",
      ""Unreachable"",
      ""Elusive"",
      ""Shadow-Projection"",
      ""Past-Attachment""
    ]
  },
  {
    ""id"": ""TV_CHAOS"",
    ""type"": ""Object"",
    ""name"": ""Television Screen"",
    ""traits"": [
      ""Source-of-External-Chaos"",
      ""Reflection-of-Inner-Disorder""
    ]
  },
  {
    ""id"": ""VAPE_HAZE"",
    ""type"": ""Concept"",
    ""name"": ""Vape Haze"",
    ""traits"": [
      ""Blurring-Agent"",
      ""Obscuring-Perception"",
      ""Symbol-of-Detachment""
    ]
  }
]"
P020,video,MARKOV_POET_00/thumbnails/20250719_052634_a8922cd9_720p_5s_silent_at_this_point_poet_is_in_a_state_of_you.jpg,MARKOV_POET_00/videos/20250719_052634_a8922cd9_720p_5s_silent_at_this_point_poet_is_in_a_state_of_you.mp4,01 OUT OF LIFE,bedroom fog gesture,MARKOV_POET_00,P020 · 720p 5s,"At this point, POET is in a state of You_Falling (Engaging EX), navigating the Dim Bedroom. A key transformation occurring is the Subjective Frame Recalibration, which is intended to address its causes: Blurred Perception (Vape Haze). This leads to the new state: "": Disoriented""."
P021,video,MARKOV_POET_00/thumbnails/20250719_052744_e4c9215f_720p_5s_silent_id_poet_type_character_name_poet_traits.jpg,MARKOV_POET_00/videos/20250719_052744_e4c9215f_720p_5s_silent_id_poet_type_character_name_poet_traits.mp4,01 OUT OF LIFE,poet dim bedroom,MARKOV_POET_00,P021 · 720p 5s,"[
  {
    ""id"": ""POET"",
    ""type"": ""Character"",
    ""name"": ""POET"",
    ""traits"": [
      ""Protagonist"",
      ""Ego-Proxy"",
      ""Transformer"",
      ""Creator"",
      ""Observer""
    ]
  },
  {
    ""id"": ""EX"",
    ""type"": ""Character"",
    ""name"": ""EX"",
    ""traits"": [
      ""Antagonist-or-Catalyst"",
      ""Unreachable"",
      ""Elusive"",
      ""Shadow-Projection"",
      ""Past-Attachment""
    ]
  },
  {
    ""id"": ""TV_CHAOS"",
    ""type"": ""Object"",
    ""name"": ""Television Screen"",
    ""traits"": [
      ""Source-of-External-Chaos"",
      ""Reflection-of-Inner-Disorder""
    ]
  },
  {
    ""id"": ""VAPE_HAZE"",
    ""type"": ""Concept"",
    ""name"": ""Vape Haze"",
    ""traits"": [
      ""Blurring-Agent"",
      ""Obscuring-Perception"",
      ""Symbol-of-Detachment""
    ]
  }
]"
P022,video,MARKOV_POET_00/thumbnails/20250719_052921_db9c23a4_720p_5s_silent_poet_is_currently_in_a_state_of_you_fall.jpg,MARKOV_POET_00/videos/20250719_052921_db9c23a4_720p_5s_silent_poet_is_currently_in_a_state_of_you_fall.mp4,01 OUT OF LIFE,poet dim bedroom,MARKOV_POET_00,P022 · 720p 5s,"POET is currently in a state of You_Falling (Engaging EX) at Dim Bedroom. Key goals include: Escape Stagnant Reality, Find Connection (with EX), Reclaim Emotional Core and Agency, Manifest a New Reality (Atlantis/Temple), Integrate Past Relationships (EX, Mother, Father), Achieve Personal Autonomy, Embrace Cyclical Impermanence, Understand the Cyclical Nature of Existence. A major shift, Subjective Frame Recalibration, is transforming the experience, leading to "": Disoriented""."
P023,video,MARKOV_POET_00/thumbnails/20250719_053713_c3da8350_720p_5s_silent_timestamp_000103_image_path_usersgaiares.jpg,MARKOV_POET_00/videos/20250719_053713_c3da8350_720p_5s_silent_timestamp_000103_image_path_usersgaiares.mp4,01 OUT OF LIFE,poet dim bedroom,MARKOV_POET_00,P023 · 720p 5s,"""timestamp"": ""00:01:03"",
          ""image_path"": ""/Users/gaia/resurrecting atlantis/CAT/WHISKER/WGY004_PI__Subjective_Frame_Recalibration__A_televi_c6143380-89c4-4c46-b3b0-cf6ee0b53735_0.png"",
          ""id"": ""WGY004"",
          ""poem"": ""WHERE YOU GO WHEN YOU LEAVE PART 2"",
          ""imageType"": ""Perception-Image"",
          ""syntagmaType"": ""Descriptive Syntagma (DS)"",
          ""content"": ""TV displays images of world's chaos."",
          ""cineosisFunction"": ""Subjective Frame Recalibration"",
          ""operativeEkphrasis"": ""A television screen cycles through rapid, chaotic world events."",
          ""styleConditioning"": ""Photo-realistic, close-up on TV screen, montage of war, protests, natural disasters, flickering chaotic imagery, desaturated tones."",
          ""full_prompt"": ""PI · Subjective Frame Recalibration · A television screen cycles through rapid, chaotic world events · Photo-realistic, close-up on TV screen, montage of war, protests, natural disasters, flickering chaotic imagery, desaturated tones.""
        },"
P024,video,MARKOV_POET_00/thumbnails/20250719_054051_98f0499c_720p_5s_silent_overhead_drone_shot_of_poet_in_an_unknow.jpg,MARKOV_POET_00/videos/20250719_054051_98f0499c_720p_5s_silent_overhead_drone_shot_of_poet_in_an_unknow.mp4,01 OUT OF LIFE,poet dim bedroom,MARKOV_POET_00,P024 · 720p 5s,"Overhead drone shot of POET in an unknown space - External chaos and blurring vision; EX recedes. Forces the 'LEAVE' trigger.. Focus on the visual impact of: Subjective Frame Recalibration. The scene's ambiance is Pastel sunrise palette with a Lo-fi VHS aesthetic style. Use Smooth drone shot, framed as an asymmetrical composition, aspect ratio 9:16. Add flavor: like digital echoes."
P025,video,MARKOV_POET_00/thumbnails/20250719_054102_234d5fdb_720p_5s_silent_overhead_drone_shot_of_poet_in_an_unknow.jpg,MARKOV_POET_00/videos/20250719_054102_234d5fdb_720p_5s_silent_overhead_drone_shot_of_poet_in_an_unknow.mp4,01 OUT OF LIFE,poet dim bedroom,MARKOV_POET_00,P025 · 720p 5s,"Overhead drone shot of POET in an unknown space - External chaos and blurring vision; EX recedes. Forces the 'LEAVE' trigger.. Focus on the visual impact of: Subjective Frame Recalibration. The scene's ambiance is Pastel sunrise palette with a Lo-fi VHS aesthetic style. Use Smooth drone shot, framed as an asymmetrical composition, aspect ratio 9:16. Add flavor: like digital echoes."
P026,video,MARKOV_POET_00/thumbnails/20250719_055238_67bef226_720p_5s_silent_full_prompt_cs_causal_motion_trigger_ex.jpg,MARKOV_POET_00/videos/20250719_055238_67bef226_720p_5s_silent_full_prompt_cs_causal_motion_trigger_ex.mp4,01 OUT OF LIFE,poet dim bedroom,MARKOV_POET_00,P026 · 720p 5s,"""full_prompt"": ""CS · Causal Motion Trigger · EX, back turned, vapes on a fire escape outside a bedroom window · Photo-realistic, wide shot, EX (back to camera, never showing face), vape cloud, gritty fire escape, high-rise window frame, urban backdrop."""
P027,video,MARKOV_POET_00/thumbnails/20250719_055329_ebe2426d_720p_9s_silent_interpolated_sequence.jpg,MARKOV_POET_00/videos/20250719_055329_ebe2426d_720p_9s_silent_interpolated_sequence.mp4,01 OUT OF LIFE,poet dim bedroom,MARKOV_POET_00,P027 · 720p 5s,(no prompt recorded — the stem is all there is: 20250719_055329_ebe2426d_720p_9s_silent_interpolated_sequence)
P028,video,MARKOV_POET_00/thumbnails/20250719_055841_67e5b1cb_1080p_21s_silent_full_prompt_ds_mood_environment_stabiliz.jpg,MARKOV_POET_00/videos/20250719_055841_67e5b1cb_1080p_21s_silent_full_prompt_ds_mood_environment_stabiliz.mp4,01 OUT OF LIFE,poet dim bedroom,MARKOV_POET_00,P028 · 1080p 5s,"""full_prompt"": ""DS · Mood Environment Stabilizer · A dimly lit plain bedroom in a high-rise apartment · Photo-realistic, minimalist bedroom, urban high-rise window, blue-grey dim lighting, subtle dust motes in air.""
        },
    {

          ""full_prompt"": ""CS · Causal Motion Trigger · POET, wearing a black t-shirt, reads a poem aloud · Photo-realistic, medium shot, soft internal light on POET (black t-shirt), face focused, expressive reading.""
        },
    {
      
          ""full_prompt"": ""CS · Causal Motion Trigger · EX, back turned, vapes on a fire escape outside a bedroom window · Photo-realistic, wide shot, EX (back to camera, never showing face), vape cloud, gritty fire escape, high-rise window frame, urban backdrop.""
        },"
P029,video,MARKOV_POET_00/thumbnails/20250719_060209_349b41ba_720p_9s_silent_interpolated_sequence.jpg,MARKOV_POET_00/videos/20250719_060209_349b41ba_720p_9s_silent_interpolated_sequence.mp4,01 OUT OF LIFE,poet dim bedroom,MARKOV_POET_00,P029 · 720p 5s,(no prompt recorded — the stem is all there is: 20250719_060209_349b41ba_720p_9s_silent_interpolated_sequence)
P030,video,MARKOV_POET_00/thumbnails/20250719_060638_445aad93_720p_25s_silent_interpolated_sequence.jpg,MARKOV_POET_00/videos/20250719_060638_445aad93_720p_25s_silent_interpolated_sequence.mp4,01 OUT OF LIFE,poet dim bedroom,MARKOV_POET_00,P030 · 720p 5s,(no prompt recorded — the stem is all there is: 20250719_060638_445aad93_720p_25s_silent_interpolated_sequence)
P031,video,MARKOV_POET_00/thumbnails/20250719_061551_bbcdf587_720p_32s_silent_id_poet_type_character_name_poet_traits.jpg,MARKOV_POET_00/videos/20250719_061551_bbcdf587_720p_32s_silent_id_poet_type_character_name_poet_traits.mp4,01 OUT OF LIFE,poet dim bedroom,MARKOV_POET_00,P031 · 720p 5s,"[
  {
    ""id"": ""POET"",
    ""type"": ""Character"",
    ""name"": ""POET"",
    ""traits"": [
      ""Protagonist"",
      ""Ego-Proxy"",
      ""Transformer"",
      ""Creator"",
      ""Observer""
    ]
  },
  {
    ""id"": ""EX"",
    ""type"": ""Character"",
    ""name"": ""EX"",
    ""traits"": [
      ""Antagonist-or-Catalyst"",
      ""Unreachable"",
      ""Elusive"",
      ""Shadow-Projection"",
      ""Past-Attachment""
    ]
  },
  {
    ""id"": ""TV_CHAOS"",
    ""type"": ""Object"",
    ""name"": ""Television Screen"",
    ""traits"": [
      ""Source-of-External-Chaos"",
      ""Reflection-of-Inner-Disorder""
    ]
  },
  {
    ""id"": ""VAPE_HAZE"",
    ""type"": ""Concept"",
    ""name"": ""Vape Haze"",
    ""traits"": [
      ""Blurring-Agent"",
      ""Obscuring-Perception"",
      ""Symbol-of-Detachment""
    ]
  }
]"
P032,video,MARKOV_POET_00/thumbnails/20250719_064121_4c1980ee_720p_29s_silent_full_prompt_ds_mood_environment_stabiliz.jpg,MARKOV_POET_00/videos/20250719_064121_4c1980ee_720p_29s_silent_full_prompt_ds_mood_environment_stabiliz.mp4,01 OUT OF LIFE,poet dim bedroom,MARKOV_POET_00,P032 · 720p 5s,full prompt    ds
P033,video,MARKOV_POET_00/thumbnails/20250719_065420_a1e1a8ae_720p_29s_silent_full_prompt_ds_mood_environment_stabiliz.jpg,MARKOV_POET_00/videos/20250719_065420_a1e1a8ae_720p_29s_silent_full_prompt_ds_mood_environment_stabiliz.mp4,01 OUT OF LIFE,poet dim bedroom,MARKOV_POET_00,P033 · 720p 5s,"""full_prompt"": ""DS · Mood Environment Stabilizer · A dimly lit plain bedroom in a high-rise apartment · Photo-realistic, minimalist bedroom, urban high-rise window, blue-grey dim lighting, subtle dust motes in air.""
        },
    {

          ""full_prompt"": ""CS · Causal Motion Trigger · POET, wearing a black t-shirt, reads a poem aloud · Photo-realistic, medium shot, soft internal light on POET (black t-shirt), face focused, expressive reading.""
        },
    {
      
          ""full_prompt"": ""CS · Causal Motion Trigger · EX, back turned, vapes on a fire escape outside a bedroom window · Photo-realistic, wide shot, EX (back to camera, never showing face), vape cloud, gritty fire escape, high-rise window frame, urban backdrop.""
        },"
P034,video,MARKOV_POET_00/thumbnails/20250719_070045_a9a29752_720p_29s_silent_full_prompt_ds_mood_environment_stabiliz.jpg,MARKOV_POET_00/videos/20250719_070045_a9a29752_720p_29s_silent_full_prompt_ds_mood_environment_stabiliz.mp4,01 OUT OF LIFE,poet dim bedroom,MARKOV_POET_00,P034 · 720p 5s,"""full_prompt"": ""DS · Mood Environment Stabilizer · A dimly lit plain bedroom in a high-rise apartment · Photo-realistic, minimalist bedroom, urban high-rise window, blue-grey dim lighting, subtle dust motes in air.""
        },
    {

          ""full_prompt"": ""CS · Causal Motion Trigger · POET, wearing a black t-shirt, reads a poem aloud · Photo-realistic, medium shot, soft internal light on POET (black t-shirt), face focused, expressive reading.""
        },
    {
      
          ""full_prompt"": ""CS · Causal Motion Trigger · EX, back turned, vapes on a fire escape outside a bedroom window · Photo-realistic, wide shot, EX (back to camera, never showing face), vape cloud, gritty fire escape, high-rise window frame, urban backdrop.""
        },"
P035,video,MARKOV_POET_00/thumbnails/20250719_071736_b3ac7019_720p_33s_silent_interpolated_sequence.jpg,MARKOV_POET_00/videos/20250719_071736_b3ac7019_720p_33s_silent_interpolated_sequence.mp4,01 OUT OF LIFE,poet dim bedroom,MARKOV_POET_00,P035 · 720p 5s,"""full_prompt"": ""DS · Mood Environment Stabilizer · A dimly lit plain bedroom in a high-rise apartment · Photo-realistic, minimalist bedroom, urban high-rise window, blue-grey dim lighting, subtle dust motes in air.""
        },
    {

          ""full_prompt"": ""CS · Causal Motion Trigger · POET, wearing a black t-shirt, reads a poem aloud · Photo-realistic, medium shot, soft internal light on POET (black t-shirt), face focused, expressive reading.""
        },
    {
      
          ""full_prompt"": ""CS · Causal Motion Trigger · EX, back turned, vapes on a fire escape outside a bedroom window · Photo-realistic, wide shot, EX (back to camera, never showing face), vape cloud, gritty fire escape, high-rise window frame, urban backdrop.""
        },"
P036,video,MARKOV_POET_00/thumbnails/20250719_071953_5b9ec655_720p_13s_silent_poet_is_currently_in_a_state_of_you_fall.jpg,MARKOV_POET_00/videos/20250719_071953_5b9ec655_720p_13s_silent_poet_is_currently_in_a_state_of_you_fall.mp4,01 OUT OF LIFE,bedroom fog gesture,MARKOV_POET_00,P036 · 720p 5s,"POET is currently in a state of You_Falling (Engaging EX) at Inky Abyss. Key goals include: Escape Stagnant Reality, Find Connection (with EX), Reclaim Emotional Core and Agency, Manifest a New Reality (Atlantis/Temple), Integrate Past Relationships (EX, Mother, Father), Achieve Personal Autonomy, Embrace Cyclical Impermanence, Understand the Cyclical Nature of Existence. A major shift, Descent Initiated, is transforming the experience, leading to "": You_Falling""."
P037,video,MARKOV_POET_00/thumbnails/20250719_073404_4cfa729a_720p_5s_silent_interpolated_sequence.jpg,MARKOV_POET_00/videos/20250719_073404_4cfa729a_720p_5s_silent_interpolated_sequence.mp4,01 OUT OF LIFE,poet dim bedroom,MARKOV_POET_00,P037 · 720p 5s,(no prompt recorded — the stem is all there is: 20250719_073404_4cfa729a_720p_5s_silent_interpolated_sequence)
P038,video,MARKOV_POET_00/thumbnails/20250719_073830_8aff03e4_720p_13s_silent_here_in_inky_abyss_a_new_chapter_begins.jpg,MARKOV_POET_00/videos/20250719_073830_8aff03e4_720p_13s_silent_here_in_inky_abyss_a_new_chapter_begins.mp4,"09 YET, HEARD",rooftop steam alley,MARKOV_POET_00,P038 · 720p 5s,"Here in Inky Abyss, a new chapter begins, marked by: ""EX and POET fall into inky abyss; screen blacks out. Entering the deep unconscious."". The narrative takes a turn with the Descent Initiated, leading to a sense of "": You_Falling"". Through it all, I am becoming You_Falling (Engaging EX)."
P039,video,MARKOV_POET_00/thumbnails/20250719_075124_d5abc940_720p_9s_silent_pov_shot_through_a_glitching_filter_of_p.jpg,MARKOV_POET_00/videos/20250719_075124_d5abc940_720p_9s_silent_pov_shot_through_a_glitching_filter_of_p.mp4,"09 YET, HEARD",rooftop steam leap,MARKOV_POET_00,P039 · 720p 5s,"POV shot through a glitching filter of POET in Inky Abyss - EX and POET fall into inky abyss; screen blacks out. Entering the deep unconscious.. Focus on the visual impact of: Descent Initiated. The scene's ambiance is Vibrant, kaleidoscopic light with a Psychedelic, abstract style. Use Camera dollies forward, framed as in a symmetrical layout, aspect ratio 9:16. Add flavor:"
P040,video,MARKOV_POET_00/thumbnails/20250719_075431_8e5ebf2d_720p_5s_silent_id_poet_type_character_name_poet_traits.jpg,MARKOV_POET_00/videos/20250719_075431_8e5ebf2d_720p_5s_silent_id_poet_type_character_name_poet_traits.mp4,01 OUT OF LIFE,poet dim bedroom,MARKOV_POET_00,P040 · 720p 5s,"[
  {
    ""id"": ""POET"",
    ""type"": ""Character"",
    ""name"": ""POET"",
    ""traits"": [
      ""Protagonist"",
      ""Ego-Proxy"",
      ""Transformer"",
      ""Creator"",
      ""Observer""
    ]
  },
  {
    ""id"": ""EX"",
    ""type"": ""Character"",
    ""name"": ""EX"",
    ""traits"": [
      ""Antagonist-or-Catalyst"",
      ""Unreachable"",
      ""Elusive"",
      ""Shadow-Projection"",
      ""Past-Attachment""
    ]
  },
  {
    ""id"": ""INKY_ABYSS"",
    ""type"": ""Location"",
    ""name"": ""Inky Abyss"",
    ""traits"": [
      ""Profound-Void"",
      ""Unconscious-Descent"",
      ""No-Place""
    ],
    ""fixed_position"": [
      0.5,
      0.1
    ]
  }
]"
P041,video,MARKOV_POET_00/thumbnails/20250719_081127_d1dfc1d0_720p_9s_silent_here_in_inky_abyss_a_new_chapter_begins.jpg,MARKOV_POET_00/videos/20250719_081127_d1dfc1d0_720p_9s_silent_here_in_inky_abyss_a_new_chapter_begins.mp4,"09 YET, HEARD",rooftop steam alley,MARKOV_POET_00,P041 · 720p 5s,"Here in Inky Abyss, a new chapter begins, marked by: ""EX and POET fall into inky abyss; screen blacks out. Entering the deep unconscious."". The narrative takes a turn with the Descent Initiated, leading to a sense of "": You_Falling"". Through it all, I am becoming You_Falling (Engaging EX)."
P042,video,MARKOV_POET_00/thumbnails/20250719_081608_3af36c41_720p_28s_silent_interpolated_sequence.jpg,MARKOV_POET_00/videos/20250719_081608_3af36c41_720p_28s_silent_interpolated_sequence.mp4,01 OUT OF LIFE,poet dim bedroom,MARKOV_POET_00,P042 · 720p 5s,"""full_prompt"": ""DS · Mood Environment Stabilizer · A dimly lit plain bedroom in a high-rise apartment · Photo-realistic, minimalist bedroom, urban high-rise window, blue-grey dim lighting, subtle dust motes in air.""
        },
    {

          ""full_prompt"": ""CS · Causal Motion Trigger · POET, wearing a black t-shirt, reads a poem aloud · Photo-realistic, medium shot, soft internal light on POET (black t-shirt), face focused, expressive reading.""
        },
    {
      
          ""full_prompt"": ""CS · Causal Motion Trigger · EX, back turned, vapes on a fire escape outside a bedroom window · Photo-realistic, wide shot, EX (back to camera, never showing face), vape cloud, gritty fire escape, high-rise window frame, urban backdrop.""
        },"
P043,video,MARKOV_POET_00/thumbnails/20250719_081727_eb298ed7_720p_13s_silent_here_in_inky_abyss_a_new_chapter_begins.jpg,MARKOV_POET_00/videos/20250719_081727_eb298ed7_720p_13s_silent_here_in_inky_abyss_a_new_chapter_begins.mp4,"09 YET, HEARD",rooftop steam alley,MARKOV_POET_00,P043 · 720p 5s,"Here in Inky Abyss, a new chapter begins, marked by: ""EX and POET fall into inky abyss; screen blacks out. Entering the deep unconscious."". The narrative takes a turn with the Descent Initiated, leading to a sense of "": You_Falling"". Through it all, I am becoming You_Falling (Engaging EX)."
P044,video,MARKOV_POET_00/thumbnails/20250719_082558_af9410b7_720p_17s_silent_here_in_inky_abyss_a_new_chapter_begins.jpg,MARKOV_POET_00/videos/20250719_082558_af9410b7_720p_17s_silent_here_in_inky_abyss_a_new_chapter_begins.mp4,"09 YET, HEARD",rooftop steam alley,MARKOV_POET_00,P044 · 720p 5s,here in inky abyss
P045,video,MARKOV_POET_00/thumbnails/20250719_083133_cc6917c6_720p_17s_silent_here_in_inky_abyss_a_new_chapter_begins.jpg,MARKOV_POET_00/videos/20250719_083133_cc6917c6_720p_17s_silent_here_in_inky_abyss_a_new_chapter_begins.mp4,"09 YET, HEARD",rooftop steam alley,MARKOV_POET_00,P045 · 720p 5s,here in inky abyss
P046,video,MARKOV_POET_00/thumbnails/20250719_083455_6e80b1bd_720p_25s_silent_here_in_inky_abyss_a_new_chapter_begins.jpg,MARKOV_POET_00/videos/20250719_083455_6e80b1bd_720p_25s_silent_here_in_inky_abyss_a_new_chapter_begins.mp4,"09 YET, HEARD",rooftop steam alley,MARKOV_POET_00,P046 · 720p 5s,here in inky abyss
P047,video,MARKOV_POET_00/thumbnails/20250719_085121_c81cb1b0_720p_26s_silent_my_journey_brings_me_to_dim_bedroom_as_e.jpg,MARKOV_POET_00/videos/20250719_085121_c81cb1b0_720p_26s_silent_my_journey_brings_me_to_dim_bedroom_as_e.mp4,01 OUT OF LIFE,poet dim bedroom,MARKOV_POET_00,P047 · 720p 5s,"My journey brings me to Dim Bedroom, as ""External chaos and blurring vision; EX recedes. Forces the 'LEAVE' trigger."" unfolds before me. I am undergoing a Subjective Frame Recalibration, as aspects of myself : Disoriented. Through it all, I am becoming You_Falling (Engaging EX)."
P048,video,MARKOV_POET_00/thumbnails/20250719_093642_84592d51_1080p_5s_silent_should_feel_more_abstact_this_is_pre_fil.jpg,MARKOV_POET_00/videos/20250719_093642_84592d51_1080p_5s_silent_should_feel_more_abstact_this_is_pre_fil.mp4,04 NEVERMORE,poems title card,MARKOV_POET_00,P048 · 1080p 5s,should feel more abstact this is pre film.  think of this like art film like saul bass and john whitney would make
P049,video,MARKOV_POET_00/thumbnails/20250719_093818_9d16432c_720p_5s_silent_more_minimal_and_abstract_with_neon_touc.jpg,MARKOV_POET_00/videos/20250719_093818_9d16432c_720p_5s_silent_more_minimal_and_abstract_with_neon_touc.mp4,04 NEVERMORE,poems title card,MARKOV_POET_00,P049 · 720p 5s,more minimal and abstract with neon touches more grit and grain
P050,video,MARKOV_POET_00/thumbnails/20250719_093950_e3e52e35_720p_5s_silent_more_minimal_and_abstract_with_neon_touc.jpg,MARKOV_POET_00/videos/20250719_093950_e3e52e35_720p_5s_silent_more_minimal_and_abstract_with_neon_touc.mp4,04 NEVERMORE,poems title card,MARKOV_POET_00,P050 · 720p 5s,more minimal and abstract with neon touches more grit and grain
P051,video,MARKOV_POET_00/thumbnails/20250719_094807_a11b84af_720p_9s_silent_interpolated_sequence.jpg,MARKOV_POET_00/videos/20250719_094807_a11b84af_720p_9s_silent_interpolated_sequence.mp4,01 OUT OF LIFE,poet dim bedroom,MARKOV_POET_00,P051 · 720p 5s,(no prompt recorded — the stem is all there is: 20250719_094807_a11b84af_720p_9s_silent_interpolated_sequence)
P052,video,MARKOV_POET_00/thumbnails/20250719_095318_b072cfc2_720p_13s_silent_interpolated_sequence.jpg,MARKOV_POET_00/videos/20250719_095318_b072cfc2_720p_13s_silent_interpolated_sequence.mp4,01 OUT OF LIFE,poet dim bedroom,MARKOV_POET_00,P052 · 720p 5s,(no prompt recorded — the stem is all there is: 20250719_095318_b072cfc2_720p_13s_silent_interpolated_sequence)
P053,video,MARKOV_POET_00/thumbnails/20250719_095736_8478f997_720p_9s_silent_more_minimal_and_abstract_with_neon_touc.jpg,MARKOV_POET_00/videos/20250719_095736_8478f997_720p_9s_silent_more_minimal_and_abstract_with_neon_touc.mp4,04 NEVERMORE,poems title card,MARKOV_POET_00,P053 · 720p 5s,more minimal and
P054,video,MARKOV_POET_00/thumbnails/20250719_100245_173e50a6_720p_22s_silent_interpolated_sequence.jpg,MARKOV_POET_00/videos/20250719_100245_173e50a6_720p_22s_silent_interpolated_sequence.mp4,01 OUT OF LIFE,poet dim bedroom,MARKOV_POET_00,P054 · 720p 5s,"""full_prompt"": ""DS · Mood Environment Stabilizer · A dimly lit plain bedroom in a high-rise apartment · Photo-realistic, minimalist bedroom, urban high-rise window, blue-grey dim lighting, subtle dust motes in air.""
        },
    {

          ""full_prompt"": ""CS · Causal Motion Trigger · POET, wearing a black t-shirt, reads a poem aloud · Photo-realistic, medium shot, soft internal light on POET (black t-shirt), face focused, expressive reading.""
        },
    {
      
          ""full_prompt"": ""CS · Causal Motion Trigger · EX, back turned, vapes on a fire escape outside a bedroom window · Photo-realistic, wide shot, EX (back to camera, never showing face), vape cloud, gritty fire escape, high-rise window frame, urban backdrop.""
        },"
P055,video,MARKOV_POET_00/thumbnails/20250719_101013_706766af_720p_39s_silent_interpolated_sequence.jpg,MARKOV_POET_00/videos/20250719_101013_706766af_720p_39s_silent_interpolated_sequence.mp4,01 OUT OF LIFE,bedroom fog gesture,MARKOV_POET_00,P055 · 720p 5s,(no prompt recorded — the stem is all there is: 20250719_101013_706766af_720p_39s_silent_interpolated_sequence)
P056,video,MARKOV_POET_00/thumbnails/20250719_102441_46782136_720p_31s_silent_interpolated_sequence.jpg,MARKOV_POET_00/videos/20250719_102441_46782136_720p_31s_silent_interpolated_sequence.mp4,01 OUT OF LIFE,poet dim bedroom,MARKOV_POET_00,P056 · 720p 5s,"My journey brings me to Dim Bedroom, as ""External chaos and blurring vision; EX recedes. Forces the 'LEAVE' trigger."" unfolds before me. I am undergoing a Subjective Frame Recalibration, as aspects of myself : Disoriented. Through it all, I am becoming You_Falling (Engaging EX)."
P057,video,MARKOV_POET_00/thumbnails/20250719_102735_6a9fa071_720p_33s_silent_interpolated_sequence.jpg,MARKOV_POET_00/videos/20250719_102735_6a9fa071_720p_33s_silent_interpolated_sequence.mp4,01 OUT OF LIFE,poet dim bedroom,MARKOV_POET_00,P057 · 720p 5s,(no prompt recorded — the stem is all there is: 20250719_102735_6a9fa071_720p_33s_silent_interpolated_sequence)
P058,video,MARKOV_POET_00/thumbnails/20250721_132132_5880d3a4_720p_5s_silent_interpolated_sequence.jpg,MARKOV_POET_00/videos/20250721_132132_5880d3a4_720p_5s_silent_interpolated_sequence.mp4,01 OUT OF LIFE,poet dim bedroom,MARKOV_POET_00,P058 · 720p 5s,(no prompt recorded — the stem is all there is: 20250721_132132_5880d3a4_720p_5s_silent_interpolated_sequence)
P001_a-person_0,image,cut/out/thumbs/P001_a-person_0.webp,,01 OUT OF LIFE,a person,archive · cut-outs,P001_a-person_0,"""a person"" — cut from P001. The vape gathers, inside and out. My vision blurs. I move toward the window — and you only get further away."
P001_a-human-face_0,image,cut/out/thumbs/P001_a-human-face_0.webp,,01 OUT OF LIFE,a human face,archive · cut-outs,P001_a-human-face_0,"""a human face"" — cut from P001. The vape gathers, inside and out. My vision blurs. I move toward the window — and you only get further away."
P001_a-person-in-mid-air_0,image,cut/out/thumbs/P001_a-person-in-mid-air_0.webp,,01 OUT OF LIFE,a person in mid-air,archive · cut-outs,P001_a-person-in-mid-air_0,"""a person in mid-air"" — cut from P001. The vape gathers, inside and out. My vision blurs. I move toward the window — and you only get further away."
P001_a-window_0,image,cut/out/thumbs/P001_a-window_0.webp,,01 OUT OF LIFE,a window,archive · cut-outs,P001_a-window_0,"""a window"" — cut from P001. The vape gathers, inside and out. My vision blurs. I move toward the window — and you only get further away."
P001_a-window_1,image,cut/out/thumbs/P001_a-window_1.webp,,01 OUT OF LIFE,a window,archive · cut-outs,P001_a-window_1,"""a window"" — cut from P001. The vape gathers, inside and out. My vision blurs. I move toward the window — and you only get further away."
P001_a-window_2,image,cut/out/thumbs/P001_a-window_2.webp,,01 OUT OF LIFE,a window,archive · cut-outs,P001_a-window_2,"""a window"" — cut from P001. The vape gathers, inside and out. My vision blurs. I move toward the window — and you only get further away."
P001_a-light_25,image,cut/out/thumbs/P001_a-light_25.webp,,01 OUT OF LIFE,a light,archive · cut-outs,P001_a-light_25,"""a light"" — cut from P001. The vape gathers, inside and out. My vision blurs. I move toward the window — and you only get further away."
P001_a-lamp_0,image,cut/out/thumbs/P001_a-lamp_0.webp,,01 OUT OF LIFE,a lamp,archive · cut-outs,P001_a-lamp_0,"""a lamp"" — cut from P001. The vape gathers, inside and out. My vision blurs. I move toward the window — and you only get further away."
P001_a-wall_0,image,cut/out/thumbs/P001_a-wall_0.webp,,01 OUT OF LIFE,a wall,archive · cut-outs,P001_a-wall_0,"""a wall"" — cut from P001. The vape gathers, inside and out. My vision blurs. I move toward the window — and you only get further away."
P001_a-wall_1,image,cut/out/thumbs/P001_a-wall_1.webp,,01 OUT OF LIFE,a wall,archive · cut-outs,P001_a-wall_1,"""a wall"" — cut from P001. The vape gathers, inside and out. My vision blurs. I move toward the window — and you only get further away."
P001_a-wall_2,image,cut/out/thumbs/P001_a-wall_2.webp,,01 OUT OF LIFE,a wall,archive · cut-outs,P001_a-wall_2,"""a wall"" — cut from P001. The vape gathers, inside and out. My vision blurs. I move toward the window — and you only get further away."
P001_a-bed_0,image,cut/out/thumbs/P001_a-bed_0.webp,,01 OUT OF LIFE,a bed,archive · cut-outs,P001_a-bed_0,"""a bed"" — cut from P001. The vape gathers, inside and out. My vision blurs. I move toward the window — and you only get further away."
P001_a-road_0,image,cut/out/thumbs/P001_a-road_0.webp,,01 OUT OF LIFE,a road,archive · cut-outs,P001_a-road_0,"""a road"" — cut from P001. The vape gathers, inside and out. My vision blurs. I move toward the window — and you only get further away."
P001_the-sky_0,image,cut/out/thumbs/P001_the-sky_0.webp,,01 OUT OF LIFE,the sky,archive · cut-outs,P001_the-sky_0,"""the sky"" — cut from P001. The vape gathers, inside and out. My vision blurs. I move toward the window — and you only get further away."
P001_water_0,image,cut/out/thumbs/P001_water_0.webp,,01 OUT OF LIFE,water,archive · cut-outs,P001_water_0,"""water"" — cut from P001. The vape gathers, inside and out. My vision blurs. I move toward the window — and you only get further away."
P002_a-person_0,image,cut/out/thumbs/P002_a-person_0.webp,,01 OUT OF LIFE,a person,archive · cut-outs,P002_a-person_0,"""a person"" — cut from P002. The vape gathers, inside and out. My vision blurs. I move toward the window — and you only get further away."
P002_a-human-face_0,image,cut/out/thumbs/P002_a-human-face_0.webp,,01 OUT OF LIFE,a human face,archive · cut-outs,P002_a-human-face_0,"""a human face"" — cut from P002. The vape gathers, inside and out. My vision blurs. I move toward the window — and you only get further away."
P002_a-window_0,image,cut/out/thumbs/P002_a-window_0.webp,,01 OUT OF LIFE,a window,archive · cut-outs,P002_a-window_0,"""a window"" — cut from P002. The vape gathers, inside and out. My vision blurs. I move toward the window — and you only get further away."
P002_a-light_19,image,cut/out/thumbs/P002_a-light_19.webp,,01 OUT OF LIFE,a light,archive · cut-outs,P002_a-light_19,"""a light"" — cut from P002. The vape gathers, inside and out. My vision blurs. I move toward the window — and you only get further away."
P002_a-lamp_0,image,cut/out/thumbs/P002_a-lamp_0.webp,,01 OUT OF LIFE,a lamp,archive · cut-outs,P002_a-lamp_0,"""a lamp"" — cut from P002. The vape gathers, inside and out. My vision blurs. I move toward the window — and you only get further away."
P002_a-wall_0,image,cut/out/thumbs/P002_a-wall_0.webp,,01 OUT OF LIFE,a wall,archive · cut-outs,P002_a-wall_0,"""a wall"" — cut from P002. The vape gathers, inside and out. My vision blurs. I move toward the window — and you only get further away."
P002_a-wall_1,image,cut/out/thumbs/P002_a-wall_1.webp,,01 OUT OF LIFE,a wall,archive · cut-outs,P002_a-wall_1,"""a wall"" — cut from P002. The vape gathers, inside and out. My vision blurs. I move toward the window — and you only get further away."
P002_a-bed_0,image,cut/out/thumbs/P002_a-bed_0.webp,,01 OUT OF LIFE,a bed,archive · cut-outs,P002_a-bed_0,"""a bed"" — cut from P002. The vape gathers, inside and out. My vision blurs. I move toward the window — and you only get further away."
P003_a-person_0,image,cut/out/thumbs/P003_a-person_0.webp,,01 OUT OF LIFE,a person,archive · cut-outs,P003_a-person_0,"""a person"" — cut from P003. The vape gathers, inside and out. My vision blurs. I move toward the window — and you only get further away."
P003_a-person_1,image,cut/out/thumbs/P003_a-person_1.webp,,01 OUT OF LIFE,a person,archive · cut-outs,P003_a-person_1,"""a person"" — cut from P003. The vape gathers, inside and out. My vision blurs. I move toward the window — and you only get further away."
P003_a-human-face_0,image,cut/out/thumbs/P003_a-human-face_0.webp,,01 OUT OF LIFE,a human face,archive · cut-outs,P003_a-human-face_0,"""a human face"" — cut from P003. The vape gathers, inside and out. My vision blurs. I move toward the window — and you only get further away."
P003_a-window_0,image,cut/out/thumbs/P003_a-window_0.webp,,01 OUT OF LIFE,a window,archive · cut-outs,P003_a-window_0,"""a window"" — cut from P003. The vape gathers, inside and out. My vision blurs. I move toward the window — and you only get further away."
P003_a-window_1,image,cut/out/thumbs/P003_a-window_1.webp,,01 OUT OF LIFE,a window,archive · cut-outs,P003_a-window_1,"""a window"" — cut from P003. The vape gathers, inside and out. My vision blurs. I move toward the window — and you only get further away."
P003_a-window_2,image,cut/out/thumbs/P003_a-window_2.webp,,01 OUT OF LIFE,a window,archive · cut-outs,P003_a-window_2,"""a window"" — cut from P003. The vape gathers, inside and out. My vision blurs. I move toward the window — and you only get further away."
P003_a-window_3,image,cut/out/thumbs/P003_a-window_3.webp,,01 OUT OF LIFE,a window,archive · cut-outs,P003_a-window_3,"""a window"" — cut from P003. The vape gathers, inside and out. My vision blurs. I move toward the window — and you only get further away."
P003_a-light_3,image,cut/out/thumbs/P003_a-light_3.webp,,01 OUT OF LIFE,a light,archive · cut-outs,P003_a-light_3,"""a light"" — cut from P003. The vape gathers, inside and out. My vision blurs. I move toward the window — and you only get further away."
P003_a-lamp_0,image,cut/out/thumbs/P003_a-lamp_0.webp,,01 OUT OF LIFE,a lamp,archive · cut-outs,P003_a-lamp_0,"""a lamp"" — cut from P003. The vape gathers, inside and out. My vision blurs. I move toward the window — and you only get further away."
P003_a-wall_0,image,cut/out/thumbs/P003_a-wall_0.webp,,01 OUT OF LIFE,a wall,archive · cut-outs,P003_a-wall_0,"""a wall"" — cut from P003. The vape gathers, inside and out. My vision blurs. I move toward the window — and you only get further away."
P003_a-wall_1,image,cut/out/thumbs/P003_a-wall_1.webp,,01 OUT OF LIFE,a wall,archive · cut-outs,P003_a-wall_1,"""a wall"" — cut from P003. The vape gathers, inside and out. My vision blurs. I move toward the window — and you only get further away."
P003_a-wall_2,image,cut/out/thumbs/P003_a-wall_2.webp,,01 OUT OF LIFE,a wall,archive · cut-outs,P003_a-wall_2,"""a wall"" — cut from P003. The vape gathers, inside and out. My vision blurs. I move toward the window — and you only get further away."
P003_a-bed_0,image,cut/out/thumbs/P003_a-bed_0.webp,,01 OUT OF LIFE,a bed,archive · cut-outs,P003_a-bed_0,"""a bed"" — cut from P003. The vape gathers, inside and out. My vision blurs. I move toward the window — and you only get further away."
P003_a-road_0,image,cut/out/thumbs/P003_a-road_0.webp,,01 OUT OF LIFE,a road,archive · cut-outs,P003_a-road_0,"""a road"" — cut from P003. The vape gathers, inside and out. My vision blurs. I move toward the window — and you only get further away."
P004_a-person_0,image,cut/out/thumbs/P004_a-person_0.webp,,01 OUT OF LIFE,a person,archive · cut-outs,P004_a-person_0,"""a person"" — cut from P004. The vape gathers, inside and out. My vision blurs. I move toward the window — and you only get further away."
P004_a-human-face_0,image,cut/out/thumbs/P004_a-human-face_0.webp,,01 OUT OF LIFE,a human face,archive · cut-outs,P004_a-human-face_0,"""a human face"" — cut from P004. The vape gathers, inside and out. My vision blurs. I move toward the window — and you only get further away."
P004_a-hand_1,image,cut/out/thumbs/P004_a-hand_1.webp,,01 OUT OF LIFE,a hand,archive · cut-outs,P004_a-hand_1,"""a hand"" — cut from P004. The vape gathers, inside and out. My vision blurs. I move toward the window — and you only get further away."
P004_a-light_0,image,cut/out/thumbs/P004_a-light_0.webp,,01 OUT OF LIFE,a light,archive · cut-outs,P004_a-light_0,"""a light"" — cut from P004. The vape gathers, inside and out. My vision blurs. I move toward the window — and you only get further away."
P004_a-light_1,image,cut/out/thumbs/P004_a-light_1.webp,,01 OUT OF LIFE,a light,archive · cut-outs,P004_a-light_1,"""a light"" — cut from P004. The vape gathers, inside and out. My vision blurs. I move toward the window — and you only get further away."
P004_a-lamp_0,image,cut/out/thumbs/P004_a-lamp_0.webp,,01 OUT OF LIFE,a lamp,archive · cut-outs,P004_a-lamp_0,"""a lamp"" — cut from P004. The vape gathers, inside and out. My vision blurs. I move toward the window — and you only get further away."
P004_a-lamp_1,image,cut/out/thumbs/P004_a-lamp_1.webp,,01 OUT OF LIFE,a lamp,archive · cut-outs,P004_a-lamp_1,"""a lamp"" — cut from P004. The vape gathers, inside and out. My vision blurs. I move toward the window — and you only get further away."
P004_a-lamp_2,image,cut/out/thumbs/P004_a-lamp_2.webp,,01 OUT OF LIFE,a lamp,archive · cut-outs,P004_a-lamp_2,"""a lamp"" — cut from P004. The vape gathers, inside and out. My vision blurs. I move toward the window — and you only get further away."
P004_a-wall_0,image,cut/out/thumbs/P004_a-wall_0.webp,,01 OUT OF LIFE,a wall,archive · cut-outs,P004_a-wall_0,"""a wall"" — cut from P004. The vape gathers, inside and out. My vision blurs. I move toward the window — and you only get further away."
P004_a-wall_1,image,cut/out/thumbs/P004_a-wall_1.webp,,01 OUT OF LIFE,a wall,archive · cut-outs,P004_a-wall_1,"""a wall"" — cut from P004. The vape gathers, inside and out. My vision blurs. I move toward the window — and you only get further away."
P004_a-wall_2,image,cut/out/thumbs/P004_a-wall_2.webp,,01 OUT OF LIFE,a wall,archive · cut-outs,P004_a-wall_2,"""a wall"" — cut from P004. The vape gathers, inside and out. My vision blurs. I move toward the window — and you only get further away."
P004_a-bed_0,image,cut/out/thumbs/P004_a-bed_0.webp,,01 OUT OF LIFE,a bed,archive · cut-outs,P004_a-bed_0,"""a bed"" — cut from P004. The vape gathers, inside and out. My vision blurs. I move toward the window — and you only get further away."
P005_a-person_0,image,cut/out/thumbs/P005_a-person_0.webp,,01 OUT OF LIFE,a person,archive · cut-outs,P005_a-person_0,"""a person"" — cut from P005. The vape gathers, inside and out. My vision blurs. I move toward the window — and you only get further away."
P005_a-human-face_0,image,cut/out/thumbs/P005_a-human-face_0.webp,,01 OUT OF LIFE,a human face,archive · cut-outs,P005_a-human-face_0,"""a human face"" — cut from P005. The vape gathers, inside and out. My vision blurs. I move toward the window — and you only get further away."
P005_a-hand_0,image,cut/out/thumbs/P005_a-hand_0.webp,,01 OUT OF LIFE,a hand,archive · cut-outs,P005_a-hand_0,"""a hand"" — cut from P005. The vape gathers, inside and out. My vision blurs. I move toward the window — and you only get further away."
P005_a-hand_1,image,cut/out/thumbs/P005_a-hand_1.webp,,01 OUT OF LIFE,a hand,archive · cut-outs,P005_a-hand_1,"""a hand"" — cut from P005. The vape gathers, inside and out. My vision blurs. I move toward the window — and you only get further away."
P005_a-light_0,image,cut/out/thumbs/P005_a-light_0.webp,,01 OUT OF LIFE,a light,archive · cut-outs,P005_a-light_0,"""a light"" — cut from P005. The vape gathers, inside and out. My vision blurs. I move toward the window — and you only get further away."
P005_a-lamp_0,image,cut/out/thumbs/P005_a-lamp_0.webp,,01 OUT OF LIFE,a lamp,archive · cut-outs,P005_a-lamp_0,"""a lamp"" — cut from P005. The vape gathers, inside and out. My vision blurs. I move toward the window — and you only get further away."
P005_a-lamp_2,image,cut/out/thumbs/P005_a-lamp_2.webp,,01 OUT OF LIFE,a lamp,archive · cut-outs,P005_a-lamp_2,"""a lamp"" — cut from P005. The vape gathers, inside and out. My vision blurs. I move toward the window — and you only get further away."
P005_a-wall_0,image,cut/out/thumbs/P005_a-wall_0.webp,,01 OUT OF LIFE,a wall,archive · cut-outs,P005_a-wall_0,"""a wall"" — cut from P005. The vape gathers, inside and out. My vision blurs. I move toward the window — and you only get further away."
P005_a-wall_1,image,cut/out/thumbs/P005_a-wall_1.webp,,01 OUT OF LIFE,a wall,archive · cut-outs,P005_a-wall_1,"""a wall"" — cut from P005. The vape gathers, inside and out. My vision blurs. I move toward the window — and you only get further away."
P005_a-bed_0,image,cut/out/thumbs/P005_a-bed_0.webp,,01 OUT OF LIFE,a bed,archive · cut-outs,P005_a-bed_0,"""a bed"" — cut from P005. The vape gathers, inside and out. My vision blurs. I move toward the window — and you only get further away."
P006_a-person_0,image,cut/out/thumbs/P006_a-person_0.webp,,01 OUT OF LIFE,a person,archive · cut-outs,P006_a-person_0,"""a person"" — cut from P006. The vape gathers, inside and out. My vision blurs. I move toward the window — and you only get further away."
P006_a-human-face_0,image,cut/out/thumbs/P006_a-human-face_0.webp,,01 OUT OF LIFE,a human face,archive · cut-outs,P006_a-human-face_0,"""a human face"" — cut from P006. The vape gathers, inside and out. My vision blurs. I move toward the window — and you only get further away."
P006_a-window_0,image,cut/out/thumbs/P006_a-window_0.webp,,01 OUT OF LIFE,a window,archive · cut-outs,P006_a-window_0,"""a window"" — cut from P006. The vape gathers, inside and out. My vision blurs. I move toward the window — and you only get further away."
P006_a-light_2,image,cut/out/thumbs/P006_a-light_2.webp,,01 OUT OF LIFE,a light,archive · cut-outs,P006_a-light_2,"""a light"" — cut from P006. The vape gathers, inside and out. My vision blurs. I move toward the window — and you only get further away."
P006_a-wall_0,image,cut/out/thumbs/P006_a-wall_0.webp,,01 OUT OF LIFE,a wall,archive · cut-outs,P006_a-wall_0,"""a wall"" — cut from P006. The vape gathers, inside and out. My vision blurs. I move toward the window — and you only get further away."
P006_a-wall_1,image,cut/out/thumbs/P006_a-wall_1.webp,,01 OUT OF LIFE,a wall,archive · cut-outs,P006_a-wall_1,"""a wall"" — cut from P006. The vape gathers, inside and out. My vision blurs. I move toward the window — and you only get further away."
P006_a-wall_2,image,cut/out/thumbs/P006_a-wall_2.webp,,01 OUT OF LIFE,a wall,archive · cut-outs,P006_a-wall_2,"""a wall"" — cut from P006. The vape gathers, inside and out. My vision blurs. I move toward the window — and you only get further away."
P006_a-bed_0,image,cut/out/thumbs/P006_a-bed_0.webp,,01 OUT OF LIFE,a bed,archive · cut-outs,P006_a-bed_0,"""a bed"" — cut from P006. The vape gathers, inside and out. My vision blurs. I move toward the window — and you only get further away."
P006_a-bed_1,image,cut/out/thumbs/P006_a-bed_1.webp,,01 OUT OF LIFE,a bed,archive · cut-outs,P006_a-bed_1,"""a bed"" — cut from P006. The vape gathers, inside and out. My vision blurs. I move toward the window — and you only get further away."
P006_a-bed_2,image,cut/out/thumbs/P006_a-bed_2.webp,,01 OUT OF LIFE,a bed,archive · cut-outs,P006_a-bed_2,"""a bed"" — cut from P006. The vape gathers, inside and out. My vision blurs. I move toward the window — and you only get further away."
P007_a-person_0,image,cut/out/thumbs/P007_a-person_0.webp,,01 OUT OF LIFE,a person,archive · cut-outs,P007_a-person_0,"""a person"" — cut from P007. The vape gathers, inside and out. My vision blurs. I move toward the window — and you only get further away."
P007_a-human-face_0,image,cut/out/thumbs/P007_a-human-face_0.webp,,01 OUT OF LIFE,a human face,archive · cut-outs,P007_a-human-face_0,"""a human face"" — cut from P007. The vape gathers, inside and out. My vision blurs. I move toward the window — and you only get further away."
P007_a-person-in-mid-air_0,image,cut/out/thumbs/P007_a-person-in-mid-air_0.webp,,01 OUT OF LIFE,a person in mid-air,archive · cut-outs,P007_a-person-in-mid-air_0,"""a person in mid-air"" — cut from P007. The vape gathers, inside and out. My vision blurs. I move toward the window — and you only get further away."
P007_a-light_7,image,cut/out/thumbs/P007_a-light_7.webp,,01 OUT OF LIFE,a light,archive · cut-outs,P007_a-light_7,"""a light"" — cut from P007. The vape gathers, inside and out. My vision blurs. I move toward the window — and you only get further away."
P007_a-wall_0,image,cut/out/thumbs/P007_a-wall_0.webp,,01 OUT OF LIFE,a wall,archive · cut-outs,P007_a-wall_0,"""a wall"" — cut from P007. The vape gathers, inside and out. My vision blurs. I move toward the window — and you only get further away."
P007_a-wall_1,image,cut/out/thumbs/P007_a-wall_1.webp,,01 OUT OF LIFE,a wall,archive · cut-outs,P007_a-wall_1,"""a wall"" — cut from P007. The vape gathers, inside and out. My vision blurs. I move toward the window — and you only get further away."
P007_a-wall_2,image,cut/out/thumbs/P007_a-wall_2.webp,,01 OUT OF LIFE,a wall,archive · cut-outs,P007_a-wall_2,"""a wall"" — cut from P007. The vape gathers, inside and out. My vision blurs. I move toward the window — and you only get further away."
P007_a-wall_3,image,cut/out/thumbs/P007_a-wall_3.webp,,01 OUT OF LIFE,a wall,archive · cut-outs,P007_a-wall_3,"""a wall"" — cut from P007. The vape gathers, inside and out. My vision blurs. I move toward the window — and you only get further away."
P007_a-wall_4,image,cut/out/thumbs/P007_a-wall_4.webp,,01 OUT OF LIFE,a wall,archive · cut-outs,P007_a-wall_4,"""a wall"" — cut from P007. The vape gathers, inside and out. My vision blurs. I move toward the window — and you only get further away."
P007_a-wall_5,image,cut/out/thumbs/P007_a-wall_5.webp,,01 OUT OF LIFE,a wall,archive · cut-outs,P007_a-wall_5,"""a wall"" — cut from P007. The vape gathers, inside and out. My vision blurs. I move toward the window — and you only get further away."
P007_a-bed_0,image,cut/out/thumbs/P007_a-bed_0.webp,,01 OUT OF LIFE,a bed,archive · cut-outs,P007_a-bed_0,"""a bed"" — cut from P007. The vape gathers, inside and out. My vision blurs. I move toward the window — and you only get further away."
P007_a-bed_1,image,cut/out/thumbs/P007_a-bed_1.webp,,01 OUT OF LIFE,a bed,archive · cut-outs,P007_a-bed_1,"""a bed"" — cut from P007. The vape gathers, inside and out. My vision blurs. I move toward the window — and you only get further away."
P007_a-bed_2,image,cut/out/thumbs/P007_a-bed_2.webp,,01 OUT OF LIFE,a bed,archive · cut-outs,P007_a-bed_2,"""a bed"" — cut from P007. The vape gathers, inside and out. My vision blurs. I move toward the window — and you only get further away."
P007_a-bed_3,image,cut/out/thumbs/P007_a-bed_3.webp,,01 OUT OF LIFE,a bed,archive · cut-outs,P007_a-bed_3,"""a bed"" — cut from P007. The vape gathers, inside and out. My vision blurs. I move toward the window — and you only get further away."
P007_the-sky_0,image,cut/out/thumbs/P007_the-sky_0.webp,,01 OUT OF LIFE,the sky,archive · cut-outs,P007_the-sky_0,"""the sky"" — cut from P007. The vape gathers, inside and out. My vision blurs. I move toward the window — and you only get further away."
P008_a-person_0,image,cut/out/thumbs/P008_a-person_0.webp,,01 OUT OF LIFE,a person,archive · cut-outs,P008_a-person_0,"""a person"" — cut from P008. The vape gathers, inside and out. My vision blurs. I move toward the window — and you only get further away."
P008_a-person-in-mid-air_0,image,cut/out/thumbs/P008_a-person-in-mid-air_0.webp,,01 OUT OF LIFE,a person in mid-air,archive · cut-outs,P008_a-person-in-mid-air_0,"""a person in mid-air"" — cut from P008. The vape gathers, inside and out. My vision blurs. I move toward the window — and you only get further away."
P008_a-window_0,image,cut/out/thumbs/P008_a-window_0.webp,,01 OUT OF LIFE,a window,archive · cut-outs,P008_a-window_0,"""a window"" — cut from P008. The vape gathers, inside and out. My vision blurs. I move toward the window — and you only get further away."
P008_a-window_1,image,cut/out/thumbs/P008_a-window_1.webp,,01 OUT OF LIFE,a window,archive · cut-outs,P008_a-window_1,"""a window"" — cut from P008. The vape gathers, inside and out. My vision blurs. I move toward the window — and you only get further away."
P008_a-window_2,image,cut/out/thumbs/P008_a-window_2.webp,,01 OUT OF LIFE,a window,archive · cut-outs,P008_a-window_2,"""a window"" — cut from P008. The vape gathers, inside and out. My vision blurs. I move toward the window — and you only get further away."
P008_a-wall_0,image,cut/out/thumbs/P008_a-wall_0.webp,,01 OUT OF LIFE,a wall,archive · cut-outs,P008_a-wall_0,"""a wall"" — cut from P008. The vape gathers, inside and out. My vision blurs. I move toward the window — and you only get further away."
P008_a-wall_1,image,cut/out/thumbs/P008_a-wall_1.webp,,01 OUT OF LIFE,a wall,archive · cut-outs,P008_a-wall_1,"""a wall"" — cut from P008. The vape gathers, inside and out. My vision blurs. I move toward the window — and you only get further away."
P008_a-bed_0,image,cut/out/thumbs/P008_a-bed_0.webp,,01 OUT OF LIFE,a bed,archive · cut-outs,P008_a-bed_0,"""a bed"" — cut from P008. The vape gathers, inside and out. My vision blurs. I move toward the window — and you only get further away."
P008_the-sky_0,image,cut/out/thumbs/P008_the-sky_0.webp,,01 OUT OF LIFE,the sky,archive · cut-outs,P008_the-sky_0,"""the sky"" — cut from P008. The vape gathers, inside and out. My vision blurs. I move toward the window — and you only get further away."
P008_the-sky_1,image,cut/out/thumbs/P008_the-sky_1.webp,,01 OUT OF LIFE,the sky,archive · cut-outs,P008_the-sky_1,"""the sky"" — cut from P008. The vape gathers, inside and out. My vision blurs. I move toward the window — and you only get further away."
P009_a-person_0,image,cut/out/thumbs/P009_a-person_0.webp,,01 OUT OF LIFE,a person,archive · cut-outs,P009_a-person_0,"""a person"" — cut from P009. The vape gathers, inside and out. My vision blurs. I move toward the window — and you only get further away."
P009_a-person-in-mid-air_0,image,cut/out/thumbs/P009_a-person-in-mid-air_0.webp,,01 OUT OF LIFE,a person in mid-air,archive · cut-outs,P009_a-person-in-mid-air_0,"""a person in mid-air"" — cut from P009. The vape gathers, inside and out. My vision blurs. I move toward the window — and you only get further away."
P009_a-window_0,image,cut/out/thumbs/P009_a-window_0.webp,,01 OUT OF LIFE,a window,archive · cut-outs,P009_a-window_0,"""a window"" — cut from P009. The vape gathers, inside and out. My vision blurs. I move toward the window — and you only get further away."
P009_a-window_1,image,cut/out/thumbs/P009_a-window_1.webp,,01 OUT OF LIFE,a window,archive · cut-outs,P009_a-window_1,"""a window"" — cut from P009. The vape gathers, inside and out. My vision blurs. I move toward the window — and you only get further away."
P009_a-window_2,image,cut/out/thumbs/P009_a-window_2.webp,,01 OUT OF LIFE,a window,archive · cut-outs,P009_a-window_2,"""a window"" — cut from P009. The vape gathers, inside and out. My vision blurs. I move toward the window — and you only get further away."
P009_a-wall_0,image,cut/out/thumbs/P009_a-wall_0.webp,,01 OUT OF LIFE,a wall,archive · cut-outs,P009_a-wall_0,"""a wall"" — cut from P009. The vape gathers, inside and out. My vision blurs. I move toward the window — and you only get further away."
P009_a-wall_1,image,cut/out/thumbs/P009_a-wall_1.webp,,01 OUT OF LIFE,a wall,archive · cut-outs,P009_a-wall_1,"""a wall"" — cut from P009. The vape gathers, inside and out. My vision blurs. I move toward the window — and you only get further away."
P009_a-bed_0,image,cut/out/thumbs/P009_a-bed_0.webp,,01 OUT OF LIFE,a bed,archive · cut-outs,P009_a-bed_0,"""a bed"" — cut from P009. The vape gathers, inside and out. My vision blurs. I move toward the window — and you only get further away."
P009_the-sky_0,image,cut/out/thumbs/P009_the-sky_0.webp,,01 OUT OF LIFE,the sky,archive · cut-outs,P009_the-sky_0,"""the sky"" — cut from P009. The vape gathers, inside and out. My vision blurs. I move toward the window — and you only get further away."
P010_a-person_0,image,cut/out/thumbs/P010_a-person_0.webp,,01 OUT OF LIFE,a person,archive · cut-outs,P010_a-person_0,"""a person"" — cut from P010. The vape gathers, inside and out. My vision blurs. I move toward the window — and you only get further away."
P010_a-human-face_0,image,cut/out/thumbs/P010_a-human-face_0.webp,,01 OUT OF LIFE,a human face,archive · cut-outs,P010_a-human-face_0,"""a human face"" — cut from P010. The vape gathers, inside and out. My vision blurs. I move toward the window — and you only get further away."
P010_a-person-in-mid-air_0,image,cut/out/thumbs/P010_a-person-in-mid-air_0.webp,,01 OUT OF LIFE,a person in mid-air,archive · cut-outs,P010_a-person-in-mid-air_0,"""a person in mid-air"" — cut from P010. The vape gathers, inside and out. My vision blurs. I move toward the window — and you only get further away."
P010_a-window_0,image,cut/out/thumbs/P010_a-window_0.webp,,01 OUT OF LIFE,a window,archive · cut-outs,P010_a-window_0,"""a window"" — cut from P010. The vape gathers, inside and out. My vision blurs. I move toward the window — and you only get further away."
P010_a-light_18,image,cut/out/thumbs/P010_a-light_18.webp,,01 OUT OF LIFE,a light,archive · cut-outs,P010_a-light_18,"""a light"" — cut from P010. The vape gathers, inside and out. My vision blurs. I move toward the window — and you only get further away."
P010_a-lamp_0,image,cut/out/thumbs/P010_a-lamp_0.webp,,01 OUT OF LIFE,a lamp,archive · cut-outs,P010_a-lamp_0,"""a lamp"" — cut from P010. The vape gathers, inside and out. My vision blurs. I move toward the window — and you only get further away."
P010_a-wall_0,image,cut/out/thumbs/P010_a-wall_0.webp,,01 OUT OF LIFE,a wall,archive · cut-outs,P010_a-wall_0,"""a wall"" — cut from P010. The vape gathers, inside and out. My vision blurs. I move toward the window — and you only get further away."
P010_a-wall_1,image,cut/out/thumbs/P010_a-wall_1.webp,,01 OUT OF LIFE,a wall,archive · cut-outs,P010_a-wall_1,"""a wall"" — cut from P010. The vape gathers, inside and out. My vision blurs. I move toward the window — and you only get further away."
P010_a-bed_0,image,cut/out/thumbs/P010_a-bed_0.webp,,01 OUT OF LIFE,a bed,archive · cut-outs,P010_a-bed_0,"""a bed"" — cut from P010. The vape gathers, inside and out. My vision blurs. I move toward the window — and you only get further away."
P010_a-bed_1,image,cut/out/thumbs/P010_a-bed_1.webp,,01 OUT OF LIFE,a bed,archive · cut-outs,P010_a-bed_1,"""a bed"" — cut from P010. The vape gathers, inside and out. My vision blurs. I move toward the window — and you only get further away."
P010_a-bed_2,image,cut/out/thumbs/P010_a-bed_2.webp,,01 OUT OF LIFE,a bed,archive · cut-outs,P010_a-bed_2,"""a bed"" — cut from P010. The vape gathers, inside and out. My vision blurs. I move toward the window — and you only get further away."
P011_a-person_0,image,cut/out/thumbs/P011_a-person_0.webp,,01 OUT OF LIFE,a person,archive · cut-outs,P011_a-person_0,"""a person"" — cut from P011. The vape gathers, inside and out. My vision blurs. I move toward the window — and you only get further away."
P011_a-person_1,image,cut/out/thumbs/P011_a-person_1.webp,,01 OUT OF LIFE,a person,archive · cut-outs,P011_a-person_1,"""a person"" — cut from P011. The vape gathers, inside and out. My vision blurs. I move toward the window — and you only get further away."
P011_a-human-face_0,image,cut/out/thumbs/P011_a-human-face_0.webp,,01 OUT OF LIFE,a human face,archive · cut-outs,P011_a-human-face_0,"""a human face"" — cut from P011. The vape gathers, inside and out. My vision blurs. I move toward the window — and you only get further away."
P011_a-window_0,image,cut/out/thumbs/P011_a-window_0.webp,,01 OUT OF LIFE,a window,archive · cut-outs,P011_a-window_0,"""a window"" — cut from P011. The vape gathers, inside and out. My vision blurs. I move toward the window — and you only get further away."
P011_a-window_1,image,cut/out/thumbs/P011_a-window_1.webp,,01 OUT OF LIFE,a window,archive · cut-outs,P011_a-window_1,"""a window"" — cut from P011. The vape gathers, inside and out. My vision blurs. I move toward the window — and you only get further away."
P011_a-window_2,image,cut/out/thumbs/P011_a-window_2.webp,,01 OUT OF LIFE,a window,archive · cut-outs,P011_a-window_2,"""a window"" — cut from P011. The vape gathers, inside and out. My vision blurs. I move toward the window — and you only get further away."
P011_a-window_3,image,cut/out/thumbs/P011_a-window_3.webp,,01 OUT OF LIFE,a window,archive · cut-outs,P011_a-window_3,"""a window"" — cut from P011. The vape gathers, inside and out. My vision blurs. I move toward the window — and you only get further away."
P011_a-lamp_0,image,cut/out/thumbs/P011_a-lamp_0.webp,,01 OUT OF LIFE,a lamp,archive · cut-outs,P011_a-lamp_0,"""a lamp"" — cut from P011. The vape gathers, inside and out. My vision blurs. I move toward the window — and you only get further away."
P011_a-wall_0,image,cut/out/thumbs/P011_a-wall_0.webp,,01 OUT OF LIFE,a wall,archive · cut-outs,P011_a-wall_0,"""a wall"" — cut from P011. The vape gathers, inside and out. My vision blurs. I move toward the window — and you only get further away."
P011_a-wall_1,image,cut/out/thumbs/P011_a-wall_1.webp,,01 OUT OF LIFE,a wall,archive · cut-outs,P011_a-wall_1,"""a wall"" — cut from P011. The vape gathers, inside and out. My vision blurs. I move toward the window — and you only get further away."
P011_a-wall_2,image,cut/out/thumbs/P011_a-wall_2.webp,,01 OUT OF LIFE,a wall,archive · cut-outs,P011_a-wall_2,"""a wall"" — cut from P011. The vape gathers, inside and out. My vision blurs. I move toward the window — and you only get further away."
P011_a-bed_0,image,cut/out/thumbs/P011_a-bed_0.webp,,01 OUT OF LIFE,a bed,archive · cut-outs,P011_a-bed_0,"""a bed"" — cut from P011. The vape gathers, inside and out. My vision blurs. I move toward the window — and you only get further away."
P011_a-road_0,image,cut/out/thumbs/P011_a-road_0.webp,,01 OUT OF LIFE,a road,archive · cut-outs,P011_a-road_0,"""a road"" — cut from P011. The vape gathers, inside and out. My vision blurs. I move toward the window — and you only get further away."
P012_a-person_0,image,cut/out/thumbs/P012_a-person_0.webp,,01 OUT OF LIFE,a person,archive · cut-outs,P012_a-person_0,"""a person"" — cut from P012. The vape gathers, inside and out. My vision blurs. I move toward the window — and you only get further away."
P012_a-person_1,image,cut/out/thumbs/P012_a-person_1.webp,,01 OUT OF LIFE,a person,archive · cut-outs,P012_a-person_1,"""a person"" — cut from P012. The vape gathers, inside and out. My vision blurs. I move toward the window — and you only get further away."
P012_a-human-face_0,image,cut/out/thumbs/P012_a-human-face_0.webp,,01 OUT OF LIFE,a human face,archive · cut-outs,P012_a-human-face_0,"""a human face"" — cut from P012. The vape gathers, inside and out. My vision blurs. I move toward the window — and you only get further away."
P012_a-window_0,image,cut/out/thumbs/P012_a-window_0.webp,,01 OUT OF LIFE,a window,archive · cut-outs,P012_a-window_0,"""a window"" — cut from P012. The vape gathers, inside and out. My vision blurs. I move toward the window — and you only get further away."
P012_a-window_1,image,cut/out/thumbs/P012_a-window_1.webp,,01 OUT OF LIFE,a window,archive · cut-outs,P012_a-window_1,"""a window"" — cut from P012. The vape gathers, inside and out. My vision blurs. I move toward the window — and you only get further away."
P012_a-window_2,image,cut/out/thumbs/P012_a-window_2.webp,,01 OUT OF LIFE,a window,archive · cut-outs,P012_a-window_2,"""a window"" — cut from P012. The vape gathers, inside and out. My vision blurs. I move toward the window — and you only get further away."
P012_a-window_3,image,cut/out/thumbs/P012_a-window_3.webp,,01 OUT OF LIFE,a window,archive · cut-outs,P012_a-window_3,"""a window"" — cut from P012. The vape gathers, inside and out. My vision blurs. I move toward the window — and you only get further away."
P012_a-light_6,image,cut/out/thumbs/P012_a-light_6.webp,,01 OUT OF LIFE,a light,archive · cut-outs,P012_a-light_6,"""a light"" — cut from P012. The vape gathers, inside and out. My vision blurs. I move toward the window — and you only get further away."
P012_a-wall_0,image,cut/out/thumbs/P012_a-wall_0.webp,,01 OUT OF LIFE,a wall,archive · cut-outs,P012_a-wall_0,"""a wall"" — cut from P012. The vape gathers, inside and out. My vision blurs. I move toward the window — and you only get further away."
P012_a-wall_1,image,cut/out/thumbs/P012_a-wall_1.webp,,01 OUT OF LIFE,a wall,archive · cut-outs,P012_a-wall_1,"""a wall"" — cut from P012. The vape gathers, inside and out. My vision blurs. I move toward the window — and you only get further away."
P012_a-wall_2,image,cut/out/thumbs/P012_a-wall_2.webp,,01 OUT OF LIFE,a wall,archive · cut-outs,P012_a-wall_2,"""a wall"" — cut from P012. The vape gathers, inside and out. My vision blurs. I move toward the window — and you only get further away."
P012_a-bed_0,image,cut/out/thumbs/P012_a-bed_0.webp,,01 OUT OF LIFE,a bed,archive · cut-outs,P012_a-bed_0,"""a bed"" — cut from P012. The vape gathers, inside and out. My vision blurs. I move toward the window — and you only get further away."
P012_a-road_0,image,cut/out/thumbs/P012_a-road_0.webp,,01 OUT OF LIFE,a road,archive · cut-outs,P012_a-road_0,"""a road"" — cut from P012. The vape gathers, inside and out. My vision blurs. I move toward the window — and you only get further away."
P013_a-person_0,image,cut/out/thumbs/P013_a-person_0.webp,,01 OUT OF LIFE,a person,archive · cut-outs,P013_a-person_0,"""a person"" — cut from P013. The vape gathers, inside and out. My vision blurs. I move toward the window — and you only get further away."
P013_a-human-face_0,image,cut/out/thumbs/P013_a-human-face_0.webp,,01 OUT OF LIFE,a human face,archive · cut-outs,P013_a-human-face_0,"""a human face"" — cut from P013. The vape gathers, inside and out. My vision blurs. I move toward the window — and you only get further away."
P013_a-window_0,image,cut/out/thumbs/P013_a-window_0.webp,,01 OUT OF LIFE,a window,archive · cut-outs,P013_a-window_0,"""a window"" — cut from P013. The vape gathers, inside and out. My vision blurs. I move toward the window — and you only get further away."
P013_a-light_0,image,cut/out/thumbs/P013_a-light_0.webp,,01 OUT OF LIFE,a light,archive · cut-outs,P013_a-light_0,"""a light"" — cut from P013. The vape gathers, inside and out. My vision blurs. I move toward the window — and you only get further away."
P013_a-wall_0,image,cut/out/thumbs/P013_a-wall_0.webp,,01 OUT OF LIFE,a wall,archive · cut-outs,P013_a-wall_0,"""a wall"" — cut from P013. The vape gathers, inside and out. My vision blurs. I move toward the window — and you only get further away."
P013_a-wall_1,image,cut/out/thumbs/P013_a-wall_1.webp,,01 OUT OF LIFE,a wall,archive · cut-outs,P013_a-wall_1,"""a wall"" — cut from P013. The vape gathers, inside and out. My vision blurs. I move toward the window — and you only get further away."
P013_a-wall_2,image,cut/out/thumbs/P013_a-wall_2.webp,,01 OUT OF LIFE,a wall,archive · cut-outs,P013_a-wall_2,"""a wall"" — cut from P013. The vape gathers, inside and out. My vision blurs. I move toward the window — and you only get further away."
P013_a-wall_3,image,cut/out/thumbs/P013_a-wall_3.webp,,01 OUT OF LIFE,a wall,archive · cut-outs,P013_a-wall_3,"""a wall"" — cut from P013. The vape gathers, inside and out. My vision blurs. I move toward the window — and you only get further away."
P013_a-bed_0,image,cut/out/thumbs/P013_a-bed_0.webp,,01 OUT OF LIFE,a bed,archive · cut-outs,P013_a-bed_0,"""a bed"" — cut from P013. The vape gathers, inside and out. My vision blurs. I move toward the window — and you only get further away."
P014_a-person_0,image,cut/out/thumbs/P014_a-person_0.webp,,01 OUT OF LIFE,a person,archive · cut-outs,P014_a-person_0,"""a person"" — cut from P014. The vape gathers, inside and out. My vision blurs. I move toward the window — and you only get further away."
P014_a-person-in-mid-air_0,image,cut/out/thumbs/P014_a-person-in-mid-air_0.webp,,01 OUT OF LIFE,a person in mid-air,archive · cut-outs,P014_a-person-in-mid-air_0,"""a person in mid-air"" — cut from P014. The vape gathers, inside and out. My vision blurs. I move toward the window — and you only get further away."
P014_a-window_0,image,cut/out/thumbs/P014_a-window_0.webp,,01 OUT OF LIFE,a window,archive · cut-outs,P014_a-window_0,"""a window"" — cut from P014. The vape gathers, inside and out. My vision blurs. I move toward the window — and you only get further away."
P014_a-door_0,image,cut/out/thumbs/P014_a-door_0.webp,,01 OUT OF LIFE,a door,archive · cut-outs,P014_a-door_0,"""a door"" — cut from P014. The vape gathers, inside and out. My vision blurs. I move toward the window — and you only get further away."
P014_a-door_1,image,cut/out/thumbs/P014_a-door_1.webp,,01 OUT OF LIFE,a door,archive · cut-outs,P014_a-door_1,"""a door"" — cut from P014. The vape gathers, inside and out. My vision blurs. I move toward the window — and you only get further away."
P014_a-lamp_0,image,cut/out/thumbs/P014_a-lamp_0.webp,,01 OUT OF LIFE,a lamp,archive · cut-outs,P014_a-lamp_0,"""a lamp"" — cut from P014. The vape gathers, inside and out. My vision blurs. I move toward the window — and you only get further away."
P014_a-lamp_1,image,cut/out/thumbs/P014_a-lamp_1.webp,,01 OUT OF LIFE,a lamp,archive · cut-outs,P014_a-lamp_1,"""a lamp"" — cut from P014. The vape gathers, inside and out. My vision blurs. I move toward the window — and you only get further away."
P014_a-wall_0,image,cut/out/thumbs/P014_a-wall_0.webp,,01 OUT OF LIFE,a wall,archive · cut-outs,P014_a-wall_0,"""a wall"" — cut from P014. The vape gathers, inside and out. My vision blurs. I move toward the window — and you only get further away."
P014_a-wall_1,image,cut/out/thumbs/P014_a-wall_1.webp,,01 OUT OF LIFE,a wall,archive · cut-outs,P014_a-wall_1,"""a wall"" — cut from P014. The vape gathers, inside and out. My vision blurs. I move toward the window — and you only get further away."
P014_a-wall_2,image,cut/out/thumbs/P014_a-wall_2.webp,,01 OUT OF LIFE,a wall,archive · cut-outs,P014_a-wall_2,"""a wall"" — cut from P014. The vape gathers, inside and out. My vision blurs. I move toward the window — and you only get further away."
P014_a-wall_3,image,cut/out/thumbs/P014_a-wall_3.webp,,01 OUT OF LIFE,a wall,archive · cut-outs,P014_a-wall_3,"""a wall"" — cut from P014. The vape gathers, inside and out. My vision blurs. I move toward the window — and you only get further away."
P014_a-bed_0,image,cut/out/thumbs/P014_a-bed_0.webp,,01 OUT OF LIFE,a bed,archive · cut-outs,P014_a-bed_0,"""a bed"" — cut from P014. The vape gathers, inside and out. My vision blurs. I move toward the window — and you only get further away."
P015_a-person_0,image,cut/out/thumbs/P015_a-person_0.webp,,01 OUT OF LIFE,a person,archive · cut-outs,P015_a-person_0,"""a person"" — cut from P015. The vape gathers, inside and out. My vision blurs. I move toward the window — and you only get further away."
P015_a-person_1,image,cut/out/thumbs/P015_a-person_1.webp,,01 OUT OF LIFE,a person,archive · cut-outs,P015_a-person_1,"""a person"" — cut from P015. The vape gathers, inside and out. My vision blurs. I move toward the window — and you only get further away."
P015_a-person_3,image,cut/out/thumbs/P015_a-person_3.webp,,01 OUT OF LIFE,a person,archive · cut-outs,P015_a-person_3,"""a person"" — cut from P015. The vape gathers, inside and out. My vision blurs. I move toward the window — and you only get further away."
P015_a-person_4,image,cut/out/thumbs/P015_a-person_4.webp,,01 OUT OF LIFE,a person,archive · cut-outs,P015_a-person_4,"""a person"" — cut from P015. The vape gathers, inside and out. My vision blurs. I move toward the window — and you only get further away."
P015_a-person_5,image,cut/out/thumbs/P015_a-person_5.webp,,01 OUT OF LIFE,a person,archive · cut-outs,P015_a-person_5,"""a person"" — cut from P015. The vape gathers, inside and out. My vision blurs. I move toward the window — and you only get further away."
P015_a-person_9,image,cut/out/thumbs/P015_a-person_9.webp,,01 OUT OF LIFE,a person,archive · cut-outs,P015_a-person_9,"""a person"" — cut from P015. The vape gathers, inside and out. My vision blurs. I move toward the window — and you only get further away."
P015_a-person_10,image,cut/out/thumbs/P015_a-person_10.webp,,01 OUT OF LIFE,a person,archive · cut-outs,P015_a-person_10,"""a person"" — cut from P015. The vape gathers, inside and out. My vision blurs. I move toward the window — and you only get further away."
P015_a-person_13,image,cut/out/thumbs/P015_a-person_13.webp,,01 OUT OF LIFE,a person,archive · cut-outs,P015_a-person_13,"""a person"" — cut from P015. The vape gathers, inside and out. My vision blurs. I move toward the window — and you only get further away."
P015_a-person-in-mid-air_0,image,cut/out/thumbs/P015_a-person-in-mid-air_0.webp,,01 OUT OF LIFE,a person in mid-air,archive · cut-outs,P015_a-person-in-mid-air_0,"""a person in mid-air"" — cut from P015. The vape gathers, inside and out. My vision blurs. I move toward the window — and you only get further away."
P015_a-person-in-mid-air_1,image,cut/out/thumbs/P015_a-person-in-mid-air_1.webp,,01 OUT OF LIFE,a person in mid-air,archive · cut-outs,P015_a-person-in-mid-air_1,"""a person in mid-air"" — cut from P015. The vape gathers, inside and out. My vision blurs. I move toward the window — and you only get further away."
P015_a-window_0,image,cut/out/thumbs/P015_a-window_0.webp,,01 OUT OF LIFE,a window,archive · cut-outs,P015_a-window_0,"""a window"" — cut from P015. The vape gathers, inside and out. My vision blurs. I move toward the window — and you only get further away."
P015_a-window_1,image,cut/out/thumbs/P015_a-window_1.webp,,01 OUT OF LIFE,a window,archive · cut-outs,P015_a-window_1,"""a window"" — cut from P015. The vape gathers, inside and out. My vision blurs. I move toward the window — and you only get further away."
P015_a-window_2,image,cut/out/thumbs/P015_a-window_2.webp,,01 OUT OF LIFE,a window,archive · cut-outs,P015_a-window_2,"""a window"" — cut from P015. The vape gathers, inside and out. My vision blurs. I move toward the window — and you only get further away."
P015_a-window_3,image,cut/out/thumbs/P015_a-window_3.webp,,01 OUT OF LIFE,a window,archive · cut-outs,P015_a-window_3,"""a window"" — cut from P015. The vape gathers, inside and out. My vision blurs. I move toward the window — and you only get further away."
P015_a-wall_0,image,cut/out/thumbs/P015_a-wall_0.webp,,01 OUT OF LIFE,a wall,archive · cut-outs,P015_a-wall_0,"""a wall"" — cut from P015. The vape gathers, inside and out. My vision blurs. I move toward the window — and you only get further away."
P015_a-wall_1,image,cut/out/thumbs/P015_a-wall_1.webp,,01 OUT OF LIFE,a wall,archive · cut-outs,P015_a-wall_1,"""a wall"" — cut from P015. The vape gathers, inside and out. My vision blurs. I move toward the window — and you only get further away."
P015_a-wall_2,image,cut/out/thumbs/P015_a-wall_2.webp,,01 OUT OF LIFE,a wall,archive · cut-outs,P015_a-wall_2,"""a wall"" — cut from P015. The vape gathers, inside and out. My vision blurs. I move toward the window — and you only get further away."
P015_a-building_0,image,cut/out/thumbs/P015_a-building_0.webp,,01 OUT OF LIFE,a building,archive · cut-outs,P015_a-building_0,"""a building"" — cut from P015. The vape gathers, inside and out. My vision blurs. I move toward the window — and you only get further away."
P015_a-building_1,image,cut/out/thumbs/P015_a-building_1.webp,,01 OUT OF LIFE,a building,archive · cut-outs,P015_a-building_1,"""a building"" — cut from P015. The vape gathers, inside and out. My vision blurs. I move toward the window — and you only get further away."
P015_a-building_2,image,cut/out/thumbs/P015_a-building_2.webp,,01 OUT OF LIFE,a building,archive · cut-outs,P015_a-building_2,"""a building"" — cut from P015. The vape gathers, inside and out. My vision blurs. I move toward the window — and you only get further away."
P015_a-building_3,image,cut/out/thumbs/P015_a-building_3.webp,,01 OUT OF LIFE,a building,archive · cut-outs,P015_a-building_3,"""a building"" — cut from P015. The vape gathers, inside and out. My vision blurs. I move toward the window — and you only get further away."
P015_the-sky_0,image,cut/out/thumbs/P015_the-sky_0.webp,,01 OUT OF LIFE,the sky,archive · cut-outs,P015_the-sky_0,"""the sky"" — cut from P015. The vape gathers, inside and out. My vision blurs. I move toward the window — and you only get further away."
P015_the-sky_1,image,cut/out/thumbs/P015_the-sky_1.webp,,01 OUT OF LIFE,the sky,archive · cut-outs,P015_the-sky_1,"""the sky"" — cut from P015. The vape gathers, inside and out. My vision blurs. I move toward the window — and you only get further away."
P016_a-person_0,image,cut/out/thumbs/P016_a-person_0.webp,,01 OUT OF LIFE,a person,archive · cut-outs,P016_a-person_0,"""a person"" — cut from P016. The vape gathers, inside and out. My vision blurs. I move toward the window — and you only get further away."
P016_a-human-face_0,image,cut/out/thumbs/P016_a-human-face_0.webp,,01 OUT OF LIFE,a human face,archive · cut-outs,P016_a-human-face_0,"""a human face"" — cut from P016. The vape gathers, inside and out. My vision blurs. I move toward the window — and you only get further away."
P016_a-window_0,image,cut/out/thumbs/P016_a-window_0.webp,,01 OUT OF LIFE,a window,archive · cut-outs,P016_a-window_0,"""a window"" — cut from P016. The vape gathers, inside and out. My vision blurs. I move toward the window — and you only get further away."
P016_a-window_1,image,cut/out/thumbs/P016_a-window_1.webp,,01 OUT OF LIFE,a window,archive · cut-outs,P016_a-window_1,"""a window"" — cut from P016. The vape gathers, inside and out. My vision blurs. I move toward the window — and you only get further away."
P016_a-window_2,image,cut/out/thumbs/P016_a-window_2.webp,,01 OUT OF LIFE,a window,archive · cut-outs,P016_a-window_2,"""a window"" — cut from P016. The vape gathers, inside and out. My vision blurs. I move toward the window — and you only get further away."
P016_a-light_7,image,cut/out/thumbs/P016_a-light_7.webp,,01 OUT OF LIFE,a light,archive · cut-outs,P016_a-light_7,"""a light"" — cut from P016. The vape gathers, inside and out. My vision blurs. I move toward the window — and you only get further away."
P016_a-light_9,image,cut/out/thumbs/P016_a-light_9.webp,,01 OUT OF LIFE,a light,archive · cut-outs,P016_a-light_9,"""a light"" — cut from P016. The vape gathers, inside and out. My vision blurs. I move toward the window — and you only get further away."
P016_a-light_17,image,cut/out/thumbs/P016_a-light_17.webp,,01 OUT OF LIFE,a light,archive · cut-outs,P016_a-light_17,"""a light"" — cut from P016. The vape gathers, inside and out. My vision blurs. I move toward the window — and you only get further away."
P016_a-light_21,image,cut/out/thumbs/P016_a-light_21.webp,,01 OUT OF LIFE,a light,archive · cut-outs,P016_a-light_21,"""a light"" — cut from P016. The vape gathers, inside and out. My vision blurs. I move toward the window — and you only get further away."
P016_a-wall_0,image,cut/out/thumbs/P016_a-wall_0.webp,,01 OUT OF LIFE,a wall,archive · cut-outs,P016_a-wall_0,"""a wall"" — cut from P016. The vape gathers, inside and out. My vision blurs. I move toward the window — and you only get further away."
P016_a-wall_1,image,cut/out/thumbs/P016_a-wall_1.webp,,01 OUT OF LIFE,a wall,archive · cut-outs,P016_a-wall_1,"""a wall"" — cut from P016. The vape gathers, inside and out. My vision blurs. I move toward the window — and you only get further away."
P016_a-wall_2,image,cut/out/thumbs/P016_a-wall_2.webp,,01 OUT OF LIFE,a wall,archive · cut-outs,P016_a-wall_2,"""a wall"" — cut from P016. The vape gathers, inside and out. My vision blurs. I move toward the window — and you only get further away."
P016_a-road_0,image,cut/out/thumbs/P016_a-road_0.webp,,01 OUT OF LIFE,a road,archive · cut-outs,P016_a-road_0,"""a road"" — cut from P016. The vape gathers, inside and out. My vision blurs. I move toward the window — and you only get further away."
P016_water_0,image,cut/out/thumbs/P016_water_0.webp,,01 OUT OF LIFE,water,archive · cut-outs,P016_water_0,"""water"" — cut from P016. The vape gathers, inside and out. My vision blurs. I move toward the window — and you only get further away."
P017_a-person_0,image,cut/out/thumbs/P017_a-person_0.webp,,01 OUT OF LIFE,a person,archive · cut-outs,P017_a-person_0,"""a person"" — cut from P017. The vape gathers, inside and out. My vision blurs. I move toward the window — and you only get further away."
P017_a-human-face_0,image,cut/out/thumbs/P017_a-human-face_0.webp,,01 OUT OF LIFE,a human face,archive · cut-outs,P017_a-human-face_0,"""a human face"" — cut from P017. The vape gathers, inside and out. My vision blurs. I move toward the window — and you only get further away."
P017_a-road_0,image,cut/out/thumbs/P017_a-road_0.webp,,01 OUT OF LIFE,a road,archive · cut-outs,P017_a-road_0,"""a road"" — cut from P017. The vape gathers, inside and out. My vision blurs. I move toward the window — and you only get further away."
P017_a-building_0,image,cut/out/thumbs/P017_a-building_0.webp,,01 OUT OF LIFE,a building,archive · cut-outs,P017_a-building_0,"""a building"" — cut from P017. The vape gathers, inside and out. My vision blurs. I move toward the window — and you only get further away."
P017_a-building_1,image,cut/out/thumbs/P017_a-building_1.webp,,01 OUT OF LIFE,a building,archive · cut-outs,P017_a-building_1,"""a building"" — cut from P017. The vape gathers, inside and out. My vision blurs. I move toward the window — and you only get further away."
P017_a-building_2,image,cut/out/thumbs/P017_a-building_2.webp,,01 OUT OF LIFE,a building,archive · cut-outs,P017_a-building_2,"""a building"" — cut from P017. The vape gathers, inside and out. My vision blurs. I move toward the window — and you only get further away."
P017_a-building_3,image,cut/out/thumbs/P017_a-building_3.webp,,01 OUT OF LIFE,a building,archive · cut-outs,P017_a-building_3,"""a building"" — cut from P017. The vape gathers, inside and out. My vision blurs. I move toward the window — and you only get further away."
P017_the-sky_0,image,cut/out/thumbs/P017_the-sky_0.webp,,01 OUT OF LIFE,the sky,archive · cut-outs,P017_the-sky_0,"""the sky"" — cut from P017. The vape gathers, inside and out. My vision blurs. I move toward the window — and you only get further away."
P017_the-sky_1,image,cut/out/thumbs/P017_the-sky_1.webp,,01 OUT OF LIFE,the sky,archive · cut-outs,P017_the-sky_1,"""the sky"" — cut from P017. The vape gathers, inside and out. My vision blurs. I move toward the window — and you only get further away."
P018_a-person_0,image,cut/out/thumbs/P018_a-person_0.webp,,01 OUT OF LIFE,a person,archive · cut-outs,P018_a-person_0,"""a person"" — cut from P018. The vape gathers, inside and out. My vision blurs. I move toward the window — and you only get further away."
P018_a-human-face_0,image,cut/out/thumbs/P018_a-human-face_0.webp,,01 OUT OF LIFE,a human face,archive · cut-outs,P018_a-human-face_0,"""a human face"" — cut from P018. The vape gathers, inside and out. My vision blurs. I move toward the window — and you only get further away."
P018_a-hand_0,image,cut/out/thumbs/P018_a-hand_0.webp,,01 OUT OF LIFE,a hand,archive · cut-outs,P018_a-hand_0,"""a hand"" — cut from P018. The vape gathers, inside and out. My vision blurs. I move toward the window — and you only get further away."
P018_a-hand_1,image,cut/out/thumbs/P018_a-hand_1.webp,,01 OUT OF LIFE,a hand,archive · cut-outs,P018_a-hand_1,"""a hand"" — cut from P018. The vape gathers, inside and out. My vision blurs. I move toward the window — and you only get further away."
P018_a-person-in-mid-air_0,image,cut/out/thumbs/P018_a-person-in-mid-air_0.webp,,01 OUT OF LIFE,a person in mid-air,archive · cut-outs,P018_a-person-in-mid-air_0,"""a person in mid-air"" — cut from P018. The vape gathers, inside and out. My vision blurs. I move toward the window — and you only get further away."
P018_a-window_0,image,cut/out/thumbs/P018_a-window_0.webp,,01 OUT OF LIFE,a window,archive · cut-outs,P018_a-window_0,"""a window"" — cut from P018. The vape gathers, inside and out. My vision blurs. I move toward the window — and you only get further away."
P018_a-window_1,image,cut/out/thumbs/P018_a-window_1.webp,,01 OUT OF LIFE,a window,archive · cut-outs,P018_a-window_1,"""a window"" — cut from P018. The vape gathers, inside and out. My vision blurs. I move toward the window — and you only get further away."
P018_a-window_2,image,cut/out/thumbs/P018_a-window_2.webp,,01 OUT OF LIFE,a window,archive · cut-outs,P018_a-window_2,"""a window"" — cut from P018. The vape gathers, inside and out. My vision blurs. I move toward the window — and you only get further away."
P018_a-door_0,image,cut/out/thumbs/P018_a-door_0.webp,,01 OUT OF LIFE,a door,archive · cut-outs,P018_a-door_0,"""a door"" — cut from P018. The vape gathers, inside and out. My vision blurs. I move toward the window — and you only get further away."
P018_a-door_1,image,cut/out/thumbs/P018_a-door_1.webp,,01 OUT OF LIFE,a door,archive · cut-outs,P018_a-door_1,"""a door"" — cut from P018. The vape gathers, inside and out. My vision blurs. I move toward the window — and you only get further away."
P018_a-door_2,image,cut/out/thumbs/P018_a-door_2.webp,,01 OUT OF LIFE,a door,archive · cut-outs,P018_a-door_2,"""a door"" — cut from P018. The vape gathers, inside and out. My vision blurs. I move toward the window — and you only get further away."
P018_a-wall_0,image,cut/out/thumbs/P018_a-wall_0.webp,,01 OUT OF LIFE,a wall,archive · cut-outs,P018_a-wall_0,"""a wall"" — cut from P018. The vape gathers, inside and out. My vision blurs. I move toward the window — and you only get further away."
P018_a-wall_1,image,cut/out/thumbs/P018_a-wall_1.webp,,01 OUT OF LIFE,a wall,archive · cut-outs,P018_a-wall_1,"""a wall"" — cut from P018. The vape gathers, inside and out. My vision blurs. I move toward the window — and you only get further away."
P018_a-wall_2,image,cut/out/thumbs/P018_a-wall_2.webp,,01 OUT OF LIFE,a wall,archive · cut-outs,P018_a-wall_2,"""a wall"" — cut from P018. The vape gathers, inside and out. My vision blurs. I move toward the window — and you only get further away."
P018_a-wall_3,image,cut/out/thumbs/P018_a-wall_3.webp,,01 OUT OF LIFE,a wall,archive · cut-outs,P018_a-wall_3,"""a wall"" — cut from P018. The vape gathers, inside and out. My vision blurs. I move toward the window — and you only get further away."
P018_a-wall_4,image,cut/out/thumbs/P018_a-wall_4.webp,,01 OUT OF LIFE,a wall,archive · cut-outs,P018_a-wall_4,"""a wall"" — cut from P018. The vape gathers, inside and out. My vision blurs. I move toward the window — and you only get further away."
P019_a-person_0,image,cut/out/thumbs/P019_a-person_0.webp,,01 OUT OF LIFE,a person,archive · cut-outs,P019_a-person_0,"""a person"" — cut from P019. The vape gathers, inside and out. My vision blurs. I move toward the window — and you only get further away."
P019_a-person_1,image,cut/out/thumbs/P019_a-person_1.webp,,01 OUT OF LIFE,a person,archive · cut-outs,P019_a-person_1,"""a person"" — cut from P019. The vape gathers, inside and out. My vision blurs. I move toward the window — and you only get further away."
P019_a-person_2,image,cut/out/thumbs/P019_a-person_2.webp,,01 OUT OF LIFE,a person,archive · cut-outs,P019_a-person_2,"""a person"" — cut from P019. The vape gathers, inside and out. My vision blurs. I move toward the window — and you only get further away."
P019_a-person_3,image,cut/out/thumbs/P019_a-person_3.webp,,01 OUT OF LIFE,a person,archive · cut-outs,P019_a-person_3,"""a person"" — cut from P019. The vape gathers, inside and out. My vision blurs. I move toward the window — and you only get further away."
P019_a-person-in-mid-air_0,image,cut/out/thumbs/P019_a-person-in-mid-air_0.webp,,01 OUT OF LIFE,a person in mid-air,archive · cut-outs,P019_a-person-in-mid-air_0,"""a person in mid-air"" — cut from P019. The vape gathers, inside and out. My vision blurs. I move toward the window — and you only get further away."
P019_a-person-in-mid-air_1,image,cut/out/thumbs/P019_a-person-in-mid-air_1.webp,,01 OUT OF LIFE,a person in mid-air,archive · cut-outs,P019_a-person-in-mid-air_1,"""a person in mid-air"" — cut from P019. The vape gathers, inside and out. My vision blurs. I move toward the window — and you only get further away."
P019_a-window_0,image,cut/out/thumbs/P019_a-window_0.webp,,01 OUT OF LIFE,a window,archive · cut-outs,P019_a-window_0,"""a window"" — cut from P019. The vape gathers, inside and out. My vision blurs. I move toward the window — and you only get further away."
P019_a-window_1,image,cut/out/thumbs/P019_a-window_1.webp,,01 OUT OF LIFE,a window,archive · cut-outs,P019_a-window_1,"""a window"" — cut from P019. The vape gathers, inside and out. My vision blurs. I move toward the window — and you only get further away."
P019_a-window_2,image,cut/out/thumbs/P019_a-window_2.webp,,01 OUT OF LIFE,a window,archive · cut-outs,P019_a-window_2,"""a window"" — cut from P019. The vape gathers, inside and out. My vision blurs. I move toward the window — and you only get further away."
P019_a-door_0,image,cut/out/thumbs/P019_a-door_0.webp,,01 OUT OF LIFE,a door,archive · cut-outs,P019_a-door_0,"""a door"" — cut from P019. The vape gathers, inside and out. My vision blurs. I move toward the window — and you only get further away."
P019_a-door_1,image,cut/out/thumbs/P019_a-door_1.webp,,01 OUT OF LIFE,a door,archive · cut-outs,P019_a-door_1,"""a door"" — cut from P019. The vape gathers, inside and out. My vision blurs. I move toward the window — and you only get further away."
P019_a-wall_0,image,cut/out/thumbs/P019_a-wall_0.webp,,01 OUT OF LIFE,a wall,archive · cut-outs,P019_a-wall_0,"""a wall"" — cut from P019. The vape gathers, inside and out. My vision blurs. I move toward the window — and you only get further away."
P019_a-wall_1,image,cut/out/thumbs/P019_a-wall_1.webp,,01 OUT OF LIFE,a wall,archive · cut-outs,P019_a-wall_1,"""a wall"" — cut from P019. The vape gathers, inside and out. My vision blurs. I move toward the window — and you only get further away."
P019_a-wall_2,image,cut/out/thumbs/P019_a-wall_2.webp,,01 OUT OF LIFE,a wall,archive · cut-outs,P019_a-wall_2,"""a wall"" — cut from P019. The vape gathers, inside and out. My vision blurs. I move toward the window — and you only get further away."
P019_a-wall_3,image,cut/out/thumbs/P019_a-wall_3.webp,,01 OUT OF LIFE,a wall,archive · cut-outs,P019_a-wall_3,"""a wall"" — cut from P019. The vape gathers, inside and out. My vision blurs. I move toward the window — and you only get further away."
P019_a-bed_0,image,cut/out/thumbs/P019_a-bed_0.webp,,01 OUT OF LIFE,a bed,archive · cut-outs,P019_a-bed_0,"""a bed"" — cut from P019. The vape gathers, inside and out. My vision blurs. I move toward the window — and you only get further away."
P019_a-bed_1,image,cut/out/thumbs/P019_a-bed_1.webp,,01 OUT OF LIFE,a bed,archive · cut-outs,P019_a-bed_1,"""a bed"" — cut from P019. The vape gathers, inside and out. My vision blurs. I move toward the window — and you only get further away."
P020_a-person_0,image,cut/out/thumbs/P020_a-person_0.webp,,01 OUT OF LIFE,a person,archive · cut-outs,P020_a-person_0,"""a person"" — cut from P020. More haze. What isn't mine, I still can not give."
P020_a-human-face_0,image,cut/out/thumbs/P020_a-human-face_0.webp,,01 OUT OF LIFE,a human face,archive · cut-outs,P020_a-human-face_0,"""a human face"" — cut from P020. More haze. What isn't mine, I still can not give."
P020_a-hand_0,image,cut/out/thumbs/P020_a-hand_0.webp,,01 OUT OF LIFE,a hand,archive · cut-outs,P020_a-hand_0,"""a hand"" — cut from P020. More haze. What isn't mine, I still can not give."
P020_a-hand_1,image,cut/out/thumbs/P020_a-hand_1.webp,,01 OUT OF LIFE,a hand,archive · cut-outs,P020_a-hand_1,"""a hand"" — cut from P020. More haze. What isn't mine, I still can not give."
P020_a-person-in-mid-air_0,image,cut/out/thumbs/P020_a-person-in-mid-air_0.webp,,01 OUT OF LIFE,a person in mid-air,archive · cut-outs,P020_a-person-in-mid-air_0,"""a person in mid-air"" — cut from P020. More haze. What isn't mine, I still can not give."
P020_a-window_0,image,cut/out/thumbs/P020_a-window_0.webp,,01 OUT OF LIFE,a window,archive · cut-outs,P020_a-window_0,"""a window"" — cut from P020. More haze. What isn't mine, I still can not give."
P020_a-window_1,image,cut/out/thumbs/P020_a-window_1.webp,,01 OUT OF LIFE,a window,archive · cut-outs,P020_a-window_1,"""a window"" — cut from P020. More haze. What isn't mine, I still can not give."
P020_a-window_2,image,cut/out/thumbs/P020_a-window_2.webp,,01 OUT OF LIFE,a window,archive · cut-outs,P020_a-window_2,"""a window"" — cut from P020. More haze. What isn't mine, I still can not give."
P020_a-window_3,image,cut/out/thumbs/P020_a-window_3.webp,,01 OUT OF LIFE,a window,archive · cut-outs,P020_a-window_3,"""a window"" — cut from P020. More haze. What isn't mine, I still can not give."
P020_a-light_2,image,cut/out/thumbs/P020_a-light_2.webp,,01 OUT OF LIFE,a light,archive · cut-outs,P020_a-light_2,"""a light"" — cut from P020. More haze. What isn't mine, I still can not give."
P020_a-light_4,image,cut/out/thumbs/P020_a-light_4.webp,,01 OUT OF LIFE,a light,archive · cut-outs,P020_a-light_4,"""a light"" — cut from P020. More haze. What isn't mine, I still can not give."
P020_a-lamp_0,image,cut/out/thumbs/P020_a-lamp_0.webp,,01 OUT OF LIFE,a lamp,archive · cut-outs,P020_a-lamp_0,"""a lamp"" — cut from P020. More haze. What isn't mine, I still can not give."
P020_a-lamp_1,image,cut/out/thumbs/P020_a-lamp_1.webp,,01 OUT OF LIFE,a lamp,archive · cut-outs,P020_a-lamp_1,"""a lamp"" — cut from P020. More haze. What isn't mine, I still can not give."
P020_a-wall_0,image,cut/out/thumbs/P020_a-wall_0.webp,,01 OUT OF LIFE,a wall,archive · cut-outs,P020_a-wall_0,"""a wall"" — cut from P020. More haze. What isn't mine, I still can not give."
P020_a-wall_1,image,cut/out/thumbs/P020_a-wall_1.webp,,01 OUT OF LIFE,a wall,archive · cut-outs,P020_a-wall_1,"""a wall"" — cut from P020. More haze. What isn't mine, I still can not give."
P020_a-wall_2,image,cut/out/thumbs/P020_a-wall_2.webp,,01 OUT OF LIFE,a wall,archive · cut-outs,P020_a-wall_2,"""a wall"" — cut from P020. More haze. What isn't mine, I still can not give."
P020_a-wall_3,image,cut/out/thumbs/P020_a-wall_3.webp,,01 OUT OF LIFE,a wall,archive · cut-outs,P020_a-wall_3,"""a wall"" — cut from P020. More haze. What isn't mine, I still can not give."
P020_a-bed_0,image,cut/out/thumbs/P020_a-bed_0.webp,,01 OUT OF LIFE,a bed,archive · cut-outs,P020_a-bed_0,"""a bed"" — cut from P020. More haze. What isn't mine, I still can not give."
P020_a-bed_1,image,cut/out/thumbs/P020_a-bed_1.webp,,01 OUT OF LIFE,a bed,archive · cut-outs,P020_a-bed_1,"""a bed"" — cut from P020. More haze. What isn't mine, I still can not give."
P020_a-bed_2,image,cut/out/thumbs/P020_a-bed_2.webp,,01 OUT OF LIFE,a bed,archive · cut-outs,P020_a-bed_2,"""a bed"" — cut from P020. More haze. What isn't mine, I still can not give."
P021_a-person_0,image,cut/out/thumbs/P021_a-person_0.webp,,01 OUT OF LIFE,a person,archive · cut-outs,P021_a-person_0,"""a person"" — cut from P021. The vape gathers, inside and out. My vision blurs. I move toward the window — and you only get further away."
P021_a-person_1,image,cut/out/thumbs/P021_a-person_1.webp,,01 OUT OF LIFE,a person,archive · cut-outs,P021_a-person_1,"""a person"" — cut from P021. The vape gathers, inside and out. My vision blurs. I move toward the window — and you only get further away."
P021_a-person_3,image,cut/out/thumbs/P021_a-person_3.webp,,01 OUT OF LIFE,a person,archive · cut-outs,P021_a-person_3,"""a person"" — cut from P021. The vape gathers, inside and out. My vision blurs. I move toward the window — and you only get further away."
P021_a-person_4,image,cut/out/thumbs/P021_a-person_4.webp,,01 OUT OF LIFE,a person,archive · cut-outs,P021_a-person_4,"""a person"" — cut from P021. The vape gathers, inside and out. My vision blurs. I move toward the window — and you only get further away."
P021_a-person_6,image,cut/out/thumbs/P021_a-person_6.webp,,01 OUT OF LIFE,a person,archive · cut-outs,P021_a-person_6,"""a person"" — cut from P021. The vape gathers, inside and out. My vision blurs. I move toward the window — and you only get further away."
P021_a-person_7,image,cut/out/thumbs/P021_a-person_7.webp,,01 OUT OF LIFE,a person,archive · cut-outs,P021_a-person_7,"""a person"" — cut from P021. The vape gathers, inside and out. My vision blurs. I move toward the window — and you only get further away."
P021_a-person_9,image,cut/out/thumbs/P021_a-person_9.webp,,01 OUT OF LIFE,a person,archive · cut-outs,P021_a-person_9,"""a person"" — cut from P021. The vape gathers, inside and out. My vision blurs. I move toward the window — and you only get further away."
P021_a-person_10,image,cut/out/thumbs/P021_a-person_10.webp,,01 OUT OF LIFE,a person,archive · cut-outs,P021_a-person_10,"""a person"" — cut from P021. The vape gathers, inside and out. My vision blurs. I move toward the window — and you only get further away."
P021_a-person_11,image,cut/out/thumbs/P021_a-person_11.webp,,01 OUT OF LIFE,a person,archive · cut-outs,P021_a-person_11,"""a person"" — cut from P021. The vape gathers, inside and out. My vision blurs. I move toward the window — and you only get further away."
P021_a-person_12,image,cut/out/thumbs/P021_a-person_12.webp,,01 OUT OF LIFE,a person,archive · cut-outs,P021_a-person_12,"""a person"" — cut from P021. The vape gathers, inside and out. My vision blurs. I move toward the window — and you only get further away."
P021_a-person_13,image,cut/out/thumbs/P021_a-person_13.webp,,01 OUT OF LIFE,a person,archive · cut-outs,P021_a-person_13,"""a person"" — cut from P021. The vape gathers, inside and out. My vision blurs. I move toward the window — and you only get further away."
P021_a-person_14,image,cut/out/thumbs/P021_a-person_14.webp,,01 OUT OF LIFE,a person,archive · cut-outs,P021_a-person_14,"""a person"" — cut from P021. The vape gathers, inside and out. My vision blurs. I move toward the window — and you only get further away."
P021_a-person_15,image,cut/out/thumbs/P021_a-person_15.webp,,01 OUT OF LIFE,a person,archive · cut-outs,P021_a-person_15,"""a person"" — cut from P021. The vape gathers, inside and out. My vision blurs. I move toward the window — and you only get further away."
P021_a-person_16,image,cut/out/thumbs/P021_a-person_16.webp,,01 OUT OF LIFE,a person,archive · cut-outs,P021_a-person_16,"""a person"" — cut from P021. The vape gathers, inside and out. My vision blurs. I move toward the window — and you only get further away."
P021_a-person_17,image,cut/out/thumbs/P021_a-person_17.webp,,01 OUT OF LIFE,a person,archive · cut-outs,P021_a-person_17,"""a person"" — cut from P021. The vape gathers, inside and out. My vision blurs. I move toward the window — and you only get further away."
P021_a-person_18,image,cut/out/thumbs/P021_a-person_18.webp,,01 OUT OF LIFE,a person,archive · cut-outs,P021_a-person_18,"""a person"" — cut from P021. The vape gathers, inside and out. My vision blurs. I move toward the window — and you only get further away."
P021_a-person_19,image,cut/out/thumbs/P021_a-person_19.webp,,01 OUT OF LIFE,a person,archive · cut-outs,P021_a-person_19,"""a person"" — cut from P021. The vape gathers, inside and out. My vision blurs. I move toward the window — and you only get further away."
P021_a-light_0,image,cut/out/thumbs/P021_a-light_0.webp,,01 OUT OF LIFE,a light,archive · cut-outs,P021_a-light_0,"""a light"" — cut from P021. The vape gathers, inside and out. My vision blurs. I move toward the window — and you only get further away."
P021_a-light_3,image,cut/out/thumbs/P021_a-light_3.webp,,01 OUT OF LIFE,a light,archive · cut-outs,P021_a-light_3,"""a light"" — cut from P021. The vape gathers, inside and out. My vision blurs. I move toward the window — and you only get further away."
P021_a-light_8,image,cut/out/thumbs/P021_a-light_8.webp,,01 OUT OF LIFE,a light,archive · cut-outs,P021_a-light_8,"""a light"" — cut from P021. The vape gathers, inside and out. My vision blurs. I move toward the window — and you only get further away."
P021_a-neon-sign_0,image,cut/out/thumbs/P021_a-neon-sign_0.webp,,01 OUT OF LIFE,a neon sign,archive · cut-outs,P021_a-neon-sign_0,"""a neon sign"" — cut from P021. The vape gathers, inside and out. My vision blurs. I move toward the window — and you only get further away."
P021_a-wall_0,image,cut/out/thumbs/P021_a-wall_0.webp,,01 OUT OF LIFE,a wall,archive · cut-outs,P021_a-wall_0,"""a wall"" — cut from P021. The vape gathers, inside and out. My vision blurs. I move toward the window — and you only get further away."
P021_a-building_0,image,cut/out/thumbs/P021_a-building_0.webp,,01 OUT OF LIFE,a building,archive · cut-outs,P021_a-building_0,"""a building"" — cut from P021. The vape gathers, inside and out. My vision blurs. I move toward the window — and you only get further away."
P021_a-building_1,image,cut/out/thumbs/P021_a-building_1.webp,,01 OUT OF LIFE,a building,archive · cut-outs,P021_a-building_1,"""a building"" — cut from P021. The vape gathers, inside and out. My vision blurs. I move toward the window — and you only get further away."
P021_a-building_2,image,cut/out/thumbs/P021_a-building_2.webp,,01 OUT OF LIFE,a building,archive · cut-outs,P021_a-building_2,"""a building"" — cut from P021. The vape gathers, inside and out. My vision blurs. I move toward the window — and you only get further away."
P021_a-building_3,image,cut/out/thumbs/P021_a-building_3.webp,,01 OUT OF LIFE,a building,archive · cut-outs,P021_a-building_3,"""a building"" — cut from P021. The vape gathers, inside and out. My vision blurs. I move toward the window — and you only get further away."
P021_a-building_4,image,cut/out/thumbs/P021_a-building_4.webp,,01 OUT OF LIFE,a building,archive · cut-outs,P021_a-building_4,"""a building"" — cut from P021. The vape gathers, inside and out. My vision blurs. I move toward the window — and you only get further away."
P021_a-building_5,image,cut/out/thumbs/P021_a-building_5.webp,,01 OUT OF LIFE,a building,archive · cut-outs,P021_a-building_5,"""a building"" — cut from P021. The vape gathers, inside and out. My vision blurs. I move toward the window — and you only get further away."
P021_the-sky_0,image,cut/out/thumbs/P021_the-sky_0.webp,,01 OUT OF LIFE,the sky,archive · cut-outs,P021_the-sky_0,"""the sky"" — cut from P021. The vape gathers, inside and out. My vision blurs. I move toward the window — and you only get further away."
P021_the-sky_1,image,cut/out/thumbs/P021_the-sky_1.webp,,01 OUT OF LIFE,the sky,archive · cut-outs,P021_the-sky_1,"""the sky"" — cut from P021. The vape gathers, inside and out. My vision blurs. I move toward the window — and you only get further away."
P021_the-sky_2,image,cut/out/thumbs/P021_the-sky_2.webp,,01 OUT OF LIFE,the sky,archive · cut-outs,P021_the-sky_2,"""the sky"" — cut from P021. The vape gathers, inside and out. My vision blurs. I move toward the window — and you only get further away."
P022_a-person_0,image,cut/out/thumbs/P022_a-person_0.webp,,01 OUT OF LIFE,a person,archive · cut-outs,P022_a-person_0,"""a person"" — cut from P022. The vape gathers, inside and out. My vision blurs. I move toward the window — and you only get further away."
P022_a-person_1,image,cut/out/thumbs/P022_a-person_1.webp,,01 OUT OF LIFE,a person,archive · cut-outs,P022_a-person_1,"""a person"" — cut from P022. The vape gathers, inside and out. My vision blurs. I move toward the window — and you only get further away."
P022_a-person_4,image,cut/out/thumbs/P022_a-person_4.webp,,01 OUT OF LIFE,a person,archive · cut-outs,P022_a-person_4,"""a person"" — cut from P022. The vape gathers, inside and out. My vision blurs. I move toward the window — and you only get further away."
P022_a-person_5,image,cut/out/thumbs/P022_a-person_5.webp,,01 OUT OF LIFE,a person,archive · cut-outs,P022_a-person_5,"""a person"" — cut from P022. The vape gathers, inside and out. My vision blurs. I move toward the window — and you only get further away."
P022_a-person_6,image,cut/out/thumbs/P022_a-person_6.webp,,01 OUT OF LIFE,a person,archive · cut-outs,P022_a-person_6,"""a person"" — cut from P022. The vape gathers, inside and out. My vision blurs. I move toward the window — and you only get further away."
P022_a-person_7,image,cut/out/thumbs/P022_a-person_7.webp,,01 OUT OF LIFE,a person,archive · cut-outs,P022_a-person_7,"""a person"" — cut from P022. The vape gathers, inside and out. My vision blurs. I move toward the window — and you only get further away."
P022_a-person_9,image,cut/out/thumbs/P022_a-person_9.webp,,01 OUT OF LIFE,a person,archive · cut-outs,P022_a-person_9,"""a person"" — cut from P022. The vape gathers, inside and out. My vision blurs. I move toward the window — and you only get further away."
P022_a-person_10,image,cut/out/thumbs/P022_a-person_10.webp,,01 OUT OF LIFE,a person,archive · cut-outs,P022_a-person_10,"""a person"" — cut from P022. The vape gathers, inside and out. My vision blurs. I move toward the window — and you only get further away."
P022_a-human-face_0,image,cut/out/thumbs/P022_a-human-face_0.webp,,01 OUT OF LIFE,a human face,archive · cut-outs,P022_a-human-face_0,"""a human face"" — cut from P022. The vape gathers, inside and out. My vision blurs. I move toward the window — and you only get further away."
P022_a-person-in-mid-air_0,image,cut/out/thumbs/P022_a-person-in-mid-air_0.webp,,01 OUT OF LIFE,a person in mid-air,archive · cut-outs,P022_a-person-in-mid-air_0,"""a person in mid-air"" — cut from P022. The vape gathers, inside and out. My vision blurs. I move toward the window — and you only get further away."
P022_a-window_0,image,cut/out/thumbs/P022_a-window_0.webp,,01 OUT OF LIFE,a window,archive · cut-outs,P022_a-window_0,"""a window"" — cut from P022. The vape gathers, inside and out. My vision blurs. I move toward the window — and you only get further away."
P022_a-light_6,image,cut/out/thumbs/P022_a-light_6.webp,,01 OUT OF LIFE,a light,archive · cut-outs,P022_a-light_6,"""a light"" — cut from P022. The vape gathers, inside and out. My vision blurs. I move toward the window — and you only get further away."
P022_a-wall_0,image,cut/out/thumbs/P022_a-wall_0.webp,,01 OUT OF LIFE,a wall,archive · cut-outs,P022_a-wall_0,"""a wall"" — cut from P022. The vape gathers, inside and out. My vision blurs. I move toward the window — and you only get further away."
P022_a-wall_1,image,cut/out/thumbs/P022_a-wall_1.webp,,01 OUT OF LIFE,a wall,archive · cut-outs,P022_a-wall_1,"""a wall"" — cut from P022. The vape gathers, inside and out. My vision blurs. I move toward the window — and you only get further away."
P022_a-building_0,image,cut/out/thumbs/P022_a-building_0.webp,,01 OUT OF LIFE,a building,archive · cut-outs,P022_a-building_0,"""a building"" — cut from P022. The vape gathers, inside and out. My vision blurs. I move toward the window — and you only get further away."
P022_a-building_1,image,cut/out/thumbs/P022_a-building_1.webp,,01 OUT OF LIFE,a building,archive · cut-outs,P022_a-building_1,"""a building"" — cut from P022. The vape gathers, inside and out. My vision blurs. I move toward the window — and you only get further away."
P022_a-building_2,image,cut/out/thumbs/P022_a-building_2.webp,,01 OUT OF LIFE,a building,archive · cut-outs,P022_a-building_2,"""a building"" — cut from P022. The vape gathers, inside and out. My vision blurs. I move toward the window — and you only get further away."
P022_a-building_3,image,cut/out/thumbs/P022_a-building_3.webp,,01 OUT OF LIFE,a building,archive · cut-outs,P022_a-building_3,"""a building"" — cut from P022. The vape gathers, inside and out. My vision blurs. I move toward the window — and you only get further away."
P022_the-sky_0,image,cut/out/thumbs/P022_the-sky_0.webp,,01 OUT OF LIFE,the sky,archive · cut-outs,P022_the-sky_0,"""the sky"" — cut from P022. The vape gathers, inside and out. My vision blurs. I move toward the window — and you only get further away."
P023_a-person_0,image,cut/out/thumbs/P023_a-person_0.webp,,01 OUT OF LIFE,a person,archive · cut-outs,P023_a-person_0,"""a person"" — cut from P023. The vape gathers, inside and out. My vision blurs. I move toward the window — and you only get further away."
P023_a-person_1,image,cut/out/thumbs/P023_a-person_1.webp,,01 OUT OF LIFE,a person,archive · cut-outs,P023_a-person_1,"""a person"" — cut from P023. The vape gathers, inside and out. My vision blurs. I move toward the window — and you only get further away."
P023_a-person_2,image,cut/out/thumbs/P023_a-person_2.webp,,01 OUT OF LIFE,a person,archive · cut-outs,P023_a-person_2,"""a person"" — cut from P023. The vape gathers, inside and out. My vision blurs. I move toward the window — and you only get further away."
P023_a-person_3,image,cut/out/thumbs/P023_a-person_3.webp,,01 OUT OF LIFE,a person,archive · cut-outs,P023_a-person_3,"""a person"" — cut from P023. The vape gathers, inside and out. My vision blurs. I move toward the window — and you only get further away."
P023_a-person_4,image,cut/out/thumbs/P023_a-person_4.webp,,01 OUT OF LIFE,a person,archive · cut-outs,P023_a-person_4,"""a person"" — cut from P023. The vape gathers, inside and out. My vision blurs. I move toward the window — and you only get further away."
P023_a-person_5,image,cut/out/thumbs/P023_a-person_5.webp,,01 OUT OF LIFE,a person,archive · cut-outs,P023_a-person_5,"""a person"" — cut from P023. The vape gathers, inside and out. My vision blurs. I move toward the window — and you only get further away."
P023_a-person_6,image,cut/out/thumbs/P023_a-person_6.webp,,01 OUT OF LIFE,a person,archive · cut-outs,P023_a-person_6,"""a person"" — cut from P023. The vape gathers, inside and out. My vision blurs. I move toward the window — and you only get further away."
P023_a-person_7,image,cut/out/thumbs/P023_a-person_7.webp,,01 OUT OF LIFE,a person,archive · cut-outs,P023_a-person_7,"""a person"" — cut from P023. The vape gathers, inside and out. My vision blurs. I move toward the window — and you only get further away."
P023_a-person_8,image,cut/out/thumbs/P023_a-person_8.webp,,01 OUT OF LIFE,a person,archive · cut-outs,P023_a-person_8,"""a person"" — cut from P023. The vape gathers, inside and out. My vision blurs. I move toward the window — and you only get further away."
P023_a-person_9,image,cut/out/thumbs/P023_a-person_9.webp,,01 OUT OF LIFE,a person,archive · cut-outs,P023_a-person_9,"""a person"" — cut from P023. The vape gathers, inside and out. My vision blurs. I move toward the window — and you only get further away."
P023_a-person_10,image,cut/out/thumbs/P023_a-person_10.webp,,01 OUT OF LIFE,a person,archive · cut-outs,P023_a-person_10,"""a person"" — cut from P023. The vape gathers, inside and out. My vision blurs. I move toward the window — and you only get further away."
P023_a-person_11,image,cut/out/thumbs/P023_a-person_11.webp,,01 OUT OF LIFE,a person,archive · cut-outs,P023_a-person_11,"""a person"" — cut from P023. The vape gathers, inside and out. My vision blurs. I move toward the window — and you only get further away."
P023_a-person_12,image,cut/out/thumbs/P023_a-person_12.webp,,01 OUT OF LIFE,a person,archive · cut-outs,P023_a-person_12,"""a person"" — cut from P023. The vape gathers, inside and out. My vision blurs. I move toward the window — and you only get further away."
P023_a-person_13,image,cut/out/thumbs/P023_a-person_13.webp,,01 OUT OF LIFE,a person,archive · cut-outs,P023_a-person_13,"""a person"" — cut from P023. The vape gathers, inside and out. My vision blurs. I move toward the window — and you only get further away."
P023_a-person_14,image,cut/out/thumbs/P023_a-person_14.webp,,01 OUT OF LIFE,a person,archive · cut-outs,P023_a-person_14,"""a person"" — cut from P023. The vape gathers, inside and out. My vision blurs. I move toward the window — and you only get further away."
P023_a-person_15,image,cut/out/thumbs/P023_a-person_15.webp,,01 OUT OF LIFE,a person,archive · cut-outs,P023_a-person_15,"""a person"" — cut from P023. The vape gathers, inside and out. My vision blurs. I move toward the window — and you only get further away."
P023_a-person_16,image,cut/out/thumbs/P023_a-person_16.webp,,01 OUT OF LIFE,a person,archive · cut-outs,P023_a-person_16,"""a person"" — cut from P023. The vape gathers, inside and out. My vision blurs. I move toward the window — and you only get further away."
P023_a-person_17,image,cut/out/thumbs/P023_a-person_17.webp,,01 OUT OF LIFE,a person,archive · cut-outs,P023_a-person_17,"""a person"" — cut from P023. The vape gathers, inside and out. My vision blurs. I move toward the window — and you only get further away."
P023_a-person_18,image,cut/out/thumbs/P023_a-person_18.webp,,01 OUT OF LIFE,a person,archive · cut-outs,P023_a-person_18,"""a person"" — cut from P023. The vape gathers, inside and out. My vision blurs. I move toward the window — and you only get further away."
P023_a-person_19,image,cut/out/thumbs/P023_a-person_19.webp,,01 OUT OF LIFE,a person,archive · cut-outs,P023_a-person_19,"""a person"" — cut from P023. The vape gathers, inside and out. My vision blurs. I move toward the window — and you only get further away."
P023_a-person_21,image,cut/out/thumbs/P023_a-person_21.webp,,01 OUT OF LIFE,a person,archive · cut-outs,P023_a-person_21,"""a person"" — cut from P023. The vape gathers, inside and out. My vision blurs. I move toward the window — and you only get further away."
P023_a-person_22,image,cut/out/thumbs/P023_a-person_22.webp,,01 OUT OF LIFE,a person,archive · cut-outs,P023_a-person_22,"""a person"" — cut from P023. The vape gathers, inside and out. My vision blurs. I move toward the window — and you only get further away."
P023_a-person_23,image,cut/out/thumbs/P023_a-person_23.webp,,01 OUT OF LIFE,a person,archive · cut-outs,P023_a-person_23,"""a person"" — cut from P023. The vape gathers, inside and out. My vision blurs. I move toward the window — and you only get further away."
P023_a-person_24,image,cut/out/thumbs/P023_a-person_24.webp,,01 OUT OF LIFE,a person,archive · cut-outs,P023_a-person_24,"""a person"" — cut from P023. The vape gathers, inside and out. My vision blurs. I move toward the window — and you only get further away."
P023_a-person_25,image,cut/out/thumbs/P023_a-person_25.webp,,01 OUT OF LIFE,a person,archive · cut-outs,P023_a-person_25,"""a person"" — cut from P023. The vape gathers, inside and out. My vision blurs. I move toward the window — and you only get further away."
P023_a-person_26,image,cut/out/thumbs/P023_a-person_26.webp,,01 OUT OF LIFE,a person,archive · cut-outs,P023_a-person_26,"""a person"" — cut from P023. The vape gathers, inside and out. My vision blurs. I move toward the window — and you only get further away."
P023_a-person_27,image,cut/out/thumbs/P023_a-person_27.webp,,01 OUT OF LIFE,a person,archive · cut-outs,P023_a-person_27,"""a person"" — cut from P023. The vape gathers, inside and out. My vision blurs. I move toward the window — and you only get further away."
P023_a-person_28,image,cut/out/thumbs/P023_a-person_28.webp,,01 OUT OF LIFE,a person,archive · cut-outs,P023_a-person_28,"""a person"" — cut from P023. The vape gathers, inside and out. My vision blurs. I move toward the window — and you only get further away."
P023_a-person_29,image,cut/out/thumbs/P023_a-person_29.webp,,01 OUT OF LIFE,a person,archive · cut-outs,P023_a-person_29,"""a person"" — cut from P023. The vape gathers, inside and out. My vision blurs. I move toward the window — and you only get further away."
P023_a-person_32,image,cut/out/thumbs/P023_a-person_32.webp,,01 OUT OF LIFE,a person,archive · cut-outs,P023_a-person_32,"""a person"" — cut from P023. The vape gathers, inside and out. My vision blurs. I move toward the window — and you only get further away."
P023_a-person_33,image,cut/out/thumbs/P023_a-person_33.webp,,01 OUT OF LIFE,a person,archive · cut-outs,P023_a-person_33,"""a person"" — cut from P023. The vape gathers, inside and out. My vision blurs. I move toward the window — and you only get further away."
P023_a-person_34,image,cut/out/thumbs/P023_a-person_34.webp,,01 OUT OF LIFE,a person,archive · cut-outs,P023_a-person_34,"""a person"" — cut from P023. The vape gathers, inside and out. My vision blurs. I move toward the window — and you only get further away."
P023_a-person_35,image,cut/out/thumbs/P023_a-person_35.webp,,01 OUT OF LIFE,a person,archive · cut-outs,P023_a-person_35,"""a person"" — cut from P023. The vape gathers, inside and out. My vision blurs. I move toward the window — and you only get further away."
P023_a-person_37,image,cut/out/thumbs/P023_a-person_37.webp,,01 OUT OF LIFE,a person,archive · cut-outs,P023_a-person_37,"""a person"" — cut from P023. The vape gathers, inside and out. My vision blurs. I move toward the window — and you only get further away."
P023_a-person_38,image,cut/out/thumbs/P023_a-person_38.webp,,01 OUT OF LIFE,a person,archive · cut-outs,P023_a-person_38,"""a person"" — cut from P023. The vape gathers, inside and out. My vision blurs. I move toward the window — and you only get further away."
P023_a-person_40,image,cut/out/thumbs/P023_a-person_40.webp,,01 OUT OF LIFE,a person,archive · cut-outs,P023_a-person_40,"""a person"" — cut from P023. The vape gathers, inside and out. My vision blurs. I move toward the window — and you only get further away."
P023_a-person_42,image,cut/out/thumbs/P023_a-person_42.webp,,01 OUT OF LIFE,a person,archive · cut-outs,P023_a-person_42,"""a person"" — cut from P023. The vape gathers, inside and out. My vision blurs. I move toward the window — and you only get further away."
P023_a-person_43,image,cut/out/thumbs/P023_a-person_43.webp,,01 OUT OF LIFE,a person,archive · cut-outs,P023_a-person_43,"""a person"" — cut from P023. The vape gathers, inside and out. My vision blurs. I move toward the window — and you only get further away."
P023_a-window_1,image,cut/out/thumbs/P023_a-window_1.webp,,01 OUT OF LIFE,a window,archive · cut-outs,P023_a-window_1,"""a window"" — cut from P023. The vape gathers, inside and out. My vision blurs. I move toward the window — and you only get further away."
P023_a-window_5,image,cut/out/thumbs/P023_a-window_5.webp,,01 OUT OF LIFE,a window,archive · cut-outs,P023_a-window_5,"""a window"" — cut from P023. The vape gathers, inside and out. My vision blurs. I move toward the window — and you only get further away."
P023_a-window_7,image,cut/out/thumbs/P023_a-window_7.webp,,01 OUT OF LIFE,a window,archive · cut-outs,P023_a-window_7,"""a window"" — cut from P023. The vape gathers, inside and out. My vision blurs. I move toward the window — and you only get further away."
P023_a-window_10,image,cut/out/thumbs/P023_a-window_10.webp,,01 OUT OF LIFE,a window,archive · cut-outs,P023_a-window_10,"""a window"" — cut from P023. The vape gathers, inside and out. My vision blurs. I move toward the window — and you only get further away."
P023_a-light_13,image,cut/out/thumbs/P023_a-light_13.webp,,01 OUT OF LIFE,a light,archive · cut-outs,P023_a-light_13,"""a light"" — cut from P023. The vape gathers, inside and out. My vision blurs. I move toward the window — and you only get further away."
P023_a-building_0,image,cut/out/thumbs/P023_a-building_0.webp,,01 OUT OF LIFE,a building,archive · cut-outs,P023_a-building_0,"""a building"" — cut from P023. The vape gathers, inside and out. My vision blurs. I move toward the window — and you only get further away."
P023_a-building_1,image,cut/out/thumbs/P023_a-building_1.webp,,01 OUT OF LIFE,a building,archive · cut-outs,P023_a-building_1,"""a building"" — cut from P023. The vape gathers, inside and out. My vision blurs. I move toward the window — and you only get further away."
P023_a-building_2,image,cut/out/thumbs/P023_a-building_2.webp,,01 OUT OF LIFE,a building,archive · cut-outs,P023_a-building_2,"""a building"" — cut from P023. The vape gathers, inside and out. My vision blurs. I move toward the window — and you only get further away."
P023_a-building_3,image,cut/out/thumbs/P023_a-building_3.webp,,01 OUT OF LIFE,a building,archive · cut-outs,P023_a-building_3,"""a building"" — cut from P023. The vape gathers, inside and out. My vision blurs. I move toward the window — and you only get further away."
P023_a-building_4,image,cut/out/thumbs/P023_a-building_4.webp,,01 OUT OF LIFE,a building,archive · cut-outs,P023_a-building_4,"""a building"" — cut from P023. The vape gathers, inside and out. My vision blurs. I move toward the window — and you only get further away."
P023_a-building_5,image,cut/out/thumbs/P023_a-building_5.webp,,01 OUT OF LIFE,a building,archive · cut-outs,P023_a-building_5,"""a building"" — cut from P023. The vape gathers, inside and out. My vision blurs. I move toward the window — and you only get further away."
P023_a-building_6,image,cut/out/thumbs/P023_a-building_6.webp,,01 OUT OF LIFE,a building,archive · cut-outs,P023_a-building_6,"""a building"" — cut from P023. The vape gathers, inside and out. My vision blurs. I move toward the window — and you only get further away."
P023_the-sky_0,image,cut/out/thumbs/P023_the-sky_0.webp,,01 OUT OF LIFE,the sky,archive · cut-outs,P023_the-sky_0,"""the sky"" — cut from P023. The vape gathers, inside and out. My vision blurs. I move toward the window — and you only get further away."
P023_the-sky_1,image,cut/out/thumbs/P023_the-sky_1.webp,,01 OUT OF LIFE,the sky,archive · cut-outs,P023_the-sky_1,"""the sky"" — cut from P023. The vape gathers, inside and out. My vision blurs. I move toward the window — and you only get further away."
P023_the-sky_2,image,cut/out/thumbs/P023_the-sky_2.webp,,01 OUT OF LIFE,the sky,archive · cut-outs,P023_the-sky_2,"""the sky"" — cut from P023. The vape gathers, inside and out. My vision blurs. I move toward the window — and you only get further away."
P023_the-sky_3,image,cut/out/thumbs/P023_the-sky_3.webp,,01 OUT OF LIFE,the sky,archive · cut-outs,P023_the-sky_3,"""the sky"" — cut from P023. The vape gathers, inside and out. My vision blurs. I move toward the window — and you only get further away."
P023_the-sky_4,image,cut/out/thumbs/P023_the-sky_4.webp,,01 OUT OF LIFE,the sky,archive · cut-outs,P023_the-sky_4,"""the sky"" — cut from P023. The vape gathers, inside and out. My vision blurs. I move toward the window — and you only get further away."
P024_a-person_0,image,cut/out/thumbs/P024_a-person_0.webp,,01 OUT OF LIFE,a person,archive · cut-outs,P024_a-person_0,"""a person"" — cut from P024. The vape gathers, inside and out. My vision blurs. I move toward the window — and you only get further away."
P024_a-human-face_0,image,cut/out/thumbs/P024_a-human-face_0.webp,,01 OUT OF LIFE,a human face,archive · cut-outs,P024_a-human-face_0,"""a human face"" — cut from P024. The vape gathers, inside and out. My vision blurs. I move toward the window — and you only get further away."
P024_a-person-in-mid-air_0,image,cut/out/thumbs/P024_a-person-in-mid-air_0.webp,,01 OUT OF LIFE,a person in mid-air,archive · cut-outs,P024_a-person-in-mid-air_0,"""a person in mid-air"" — cut from P024. The vape gathers, inside and out. My vision blurs. I move toward the window — and you only get further away."
P024_a-window_0,image,cut/out/thumbs/P024_a-window_0.webp,,01 OUT OF LIFE,a window,archive · cut-outs,P024_a-window_0,"""a window"" — cut from P024. The vape gathers, inside and out. My vision blurs. I move toward the window — and you only get further away."
P024_a-wall_0,image,cut/out/thumbs/P024_a-wall_0.webp,,01 OUT OF LIFE,a wall,archive · cut-outs,P024_a-wall_0,"""a wall"" — cut from P024. The vape gathers, inside and out. My vision blurs. I move toward the window — and you only get further away."
P024_a-building_0,image,cut/out/thumbs/P024_a-building_0.webp,,01 OUT OF LIFE,a building,archive · cut-outs,P024_a-building_0,"""a building"" — cut from P024. The vape gathers, inside and out. My vision blurs. I move toward the window — and you only get further away."
P024_the-sky_0,image,cut/out/thumbs/P024_the-sky_0.webp,,01 OUT OF LIFE,the sky,archive · cut-outs,P024_the-sky_0,"""the sky"" — cut from P024. The vape gathers, inside and out. My vision blurs. I move toward the window — and you only get further away."
P025_a-person_0,image,cut/out/thumbs/P025_a-person_0.webp,,01 OUT OF LIFE,a person,archive · cut-outs,P025_a-person_0,"""a person"" — cut from P025. The vape gathers, inside and out. My vision blurs. I move toward the window — and you only get further away."
P025_a-human-face_0,image,cut/out/thumbs/P025_a-human-face_0.webp,,01 OUT OF LIFE,a human face,archive · cut-outs,P025_a-human-face_0,"""a human face"" — cut from P025. The vape gathers, inside and out. My vision blurs. I move toward the window — and you only get further away."
P025_a-hand_0,image,cut/out/thumbs/P025_a-hand_0.webp,,01 OUT OF LIFE,a hand,archive · cut-outs,P025_a-hand_0,"""a hand"" — cut from P025. The vape gathers, inside and out. My vision blurs. I move toward the window — and you only get further away."
P025_a-hand_2,image,cut/out/thumbs/P025_a-hand_2.webp,,01 OUT OF LIFE,a hand,archive · cut-outs,P025_a-hand_2,"""a hand"" — cut from P025. The vape gathers, inside and out. My vision blurs. I move toward the window — and you only get further away."
P025_a-hand_3,image,cut/out/thumbs/P025_a-hand_3.webp,,01 OUT OF LIFE,a hand,archive · cut-outs,P025_a-hand_3,"""a hand"" — cut from P025. The vape gathers, inside and out. My vision blurs. I move toward the window — and you only get further away."
P025_a-person-in-mid-air_0,image,cut/out/thumbs/P025_a-person-in-mid-air_0.webp,,01 OUT OF LIFE,a person in mid-air,archive · cut-outs,P025_a-person-in-mid-air_0,"""a person in mid-air"" — cut from P025. The vape gathers, inside and out. My vision blurs. I move toward the window — and you only get further away."
P025_a-window_0,image,cut/out/thumbs/P025_a-window_0.webp,,01 OUT OF LIFE,a window,archive · cut-outs,P025_a-window_0,"""a window"" — cut from P025. The vape gathers, inside and out. My vision blurs. I move toward the window — and you only get further away."
P025_a-window_1,image,cut/out/thumbs/P025_a-window_1.webp,,01 OUT OF LIFE,a window,archive · cut-outs,P025_a-window_1,"""a window"" — cut from P025. The vape gathers, inside and out. My vision blurs. I move toward the window — and you only get further away."
P025_a-window_2,image,cut/out/thumbs/P025_a-window_2.webp,,01 OUT OF LIFE,a window,archive · cut-outs,P025_a-window_2,"""a window"" — cut from P025. The vape gathers, inside and out. My vision blurs. I move toward the window — and you only get further away."
P025_a-window_3,image,cut/out/thumbs/P025_a-window_3.webp,,01 OUT OF LIFE,a window,archive · cut-outs,P025_a-window_3,"""a window"" — cut from P025. The vape gathers, inside and out. My vision blurs. I move toward the window — and you only get further away."
P025_a-window_4,image,cut/out/thumbs/P025_a-window_4.webp,,01 OUT OF LIFE,a window,archive · cut-outs,P025_a-window_4,"""a window"" — cut from P025. The vape gathers, inside and out. My vision blurs. I move toward the window — and you only get further away."
P025_a-window_5,image,cut/out/thumbs/P025_a-window_5.webp,,01 OUT OF LIFE,a window,archive · cut-outs,P025_a-window_5,"""a window"" — cut from P025. The vape gathers, inside and out. My vision blurs. I move toward the window — and you only get further away."
P025_a-window_6,image,cut/out/thumbs/P025_a-window_6.webp,,01 OUT OF LIFE,a window,archive · cut-outs,P025_a-window_6,"""a window"" — cut from P025. The vape gathers, inside and out. My vision blurs. I move toward the window — and you only get further away."
P025_a-window_9,image,cut/out/thumbs/P025_a-window_9.webp,,01 OUT OF LIFE,a window,archive · cut-outs,P025_a-window_9,"""a window"" — cut from P025. The vape gathers, inside and out. My vision blurs. I move toward the window — and you only get further away."
P025_a-building_0,image,cut/out/thumbs/P025_a-building_0.webp,,01 OUT OF LIFE,a building,archive · cut-outs,P025_a-building_0,"""a building"" — cut from P025. The vape gathers, inside and out. My vision blurs. I move toward the window — and you only get further away."
P025_a-building_1,image,cut/out/thumbs/P025_a-building_1.webp,,01 OUT OF LIFE,a building,archive · cut-outs,P025_a-building_1,"""a building"" — cut from P025. The vape gathers, inside and out. My vision blurs. I move toward the window — and you only get further away."
P025_the-sky_0,image,cut/out/thumbs/P025_the-sky_0.webp,,01 OUT OF LIFE,the sky,archive · cut-outs,P025_the-sky_0,"""the sky"" — cut from P025. The vape gathers, inside and out. My vision blurs. I move toward the window — and you only get further away."
P026_a-person_0,image,cut/out/thumbs/P026_a-person_0.webp,,01 OUT OF LIFE,a person,archive · cut-outs,P026_a-person_0,"""a person"" — cut from P026. The vape gathers, inside and out. My vision blurs. I move toward the window — and you only get further away."
P026_a-person-in-mid-air_0,image,cut/out/thumbs/P026_a-person-in-mid-air_0.webp,,01 OUT OF LIFE,a person in mid-air,archive · cut-outs,P026_a-person-in-mid-air_0,"""a person in mid-air"" — cut from P026. The vape gathers, inside and out. My vision blurs. I move toward the window — and you only get further away."
P026_a-window_0,image,cut/out/thumbs/P026_a-window_0.webp,,01 OUT OF LIFE,a window,archive · cut-outs,P026_a-window_0,"""a window"" — cut from P026. The vape gathers, inside and out. My vision blurs. I move toward the window — and you only get further away."
P026_a-window_1,image,cut/out/thumbs/P026_a-window_1.webp,,01 OUT OF LIFE,a window,archive · cut-outs,P026_a-window_1,"""a window"" — cut from P026. The vape gathers, inside and out. My vision blurs. I move toward the window — and you only get further away."
P026_a-window_2,image,cut/out/thumbs/P026_a-window_2.webp,,01 OUT OF LIFE,a window,archive · cut-outs,P026_a-window_2,"""a window"" — cut from P026. The vape gathers, inside and out. My vision blurs. I move toward the window — and you only get further away."
P026_a-window_3,image,cut/out/thumbs/P026_a-window_3.webp,,01 OUT OF LIFE,a window,archive · cut-outs,P026_a-window_3,"""a window"" — cut from P026. The vape gathers, inside and out. My vision blurs. I move toward the window — and you only get further away."
P026_a-window_4,image,cut/out/thumbs/P026_a-window_4.webp,,01 OUT OF LIFE,a window,archive · cut-outs,P026_a-window_4,"""a window"" — cut from P026. The vape gathers, inside and out. My vision blurs. I move toward the window — and you only get further away."
P026_a-window_5,image,cut/out/thumbs/P026_a-window_5.webp,,01 OUT OF LIFE,a window,archive · cut-outs,P026_a-window_5,"""a window"" — cut from P026. The vape gathers, inside and out. My vision blurs. I move toward the window — and you only get further away."
P026_a-window_6,image,cut/out/thumbs/P026_a-window_6.webp,,01 OUT OF LIFE,a window,archive · cut-outs,P026_a-window_6,"""a window"" — cut from P026. The vape gathers, inside and out. My vision blurs. I move toward the window — and you only get further away."
P026_a-staircase_0,image,cut/out/thumbs/P026_a-staircase_0.webp,,01 OUT OF LIFE,a staircase,archive · cut-outs,P026_a-staircase_0,"""a staircase"" — cut from P026. The vape gathers, inside and out. My vision blurs. I move toward the window — and you only get further away."
P026_a-staircase_1,image,cut/out/thumbs/P026_a-staircase_1.webp,,01 OUT OF LIFE,a staircase,archive · cut-outs,P026_a-staircase_1,"""a staircase"" — cut from P026. The vape gathers, inside and out. My vision blurs. I move toward the window — and you only get further away."
P026_a-wall_0,image,cut/out/thumbs/P026_a-wall_0.webp,,01 OUT OF LIFE,a wall,archive · cut-outs,P026_a-wall_0,"""a wall"" — cut from P026. The vape gathers, inside and out. My vision blurs. I move toward the window — and you only get further away."
P026_a-wall_1,image,cut/out/thumbs/P026_a-wall_1.webp,,01 OUT OF LIFE,a wall,archive · cut-outs,P026_a-wall_1,"""a wall"" — cut from P026. The vape gathers, inside and out. My vision blurs. I move toward the window — and you only get further away."
P026_a-wall_2,image,cut/out/thumbs/P026_a-wall_2.webp,,01 OUT OF LIFE,a wall,archive · cut-outs,P026_a-wall_2,"""a wall"" — cut from P026. The vape gathers, inside and out. My vision blurs. I move toward the window — and you only get further away."
P026_a-wall_3,image,cut/out/thumbs/P026_a-wall_3.webp,,01 OUT OF LIFE,a wall,archive · cut-outs,P026_a-wall_3,"""a wall"" — cut from P026. The vape gathers, inside and out. My vision blurs. I move toward the window — and you only get further away."
P026_a-building_0,image,cut/out/thumbs/P026_a-building_0.webp,,01 OUT OF LIFE,a building,archive · cut-outs,P026_a-building_0,"""a building"" — cut from P026. The vape gathers, inside and out. My vision blurs. I move toward the window — and you only get further away."
P026_a-building_1,image,cut/out/thumbs/P026_a-building_1.webp,,01 OUT OF LIFE,a building,archive · cut-outs,P026_a-building_1,"""a building"" — cut from P026. The vape gathers, inside and out. My vision blurs. I move toward the window — and you only get further away."
P026_a-building_2,image,cut/out/thumbs/P026_a-building_2.webp,,01 OUT OF LIFE,a building,archive · cut-outs,P026_a-building_2,"""a building"" — cut from P026. The vape gathers, inside and out. My vision blurs. I move toward the window — and you only get further away."
P026_a-building_3,image,cut/out/thumbs/P026_a-building_3.webp,,01 OUT OF LIFE,a building,archive · cut-outs,P026_a-building_3,"""a building"" — cut from P026. The vape gathers, inside and out. My vision blurs. I move toward the window — and you only get further away."
P027_a-person_0,image,cut/out/thumbs/P027_a-person_0.webp,,01 OUT OF LIFE,a person,archive · cut-outs,P027_a-person_0,"""a person"" — cut from P027. The vape gathers, inside and out. My vision blurs. I move toward the window — and you only get further away."
P027_a-hand_0,image,cut/out/thumbs/P027_a-hand_0.webp,,01 OUT OF LIFE,a hand,archive · cut-outs,P027_a-hand_0,"""a hand"" — cut from P027. The vape gathers, inside and out. My vision blurs. I move toward the window — and you only get further away."
P027_a-person-in-mid-air_0,image,cut/out/thumbs/P027_a-person-in-mid-air_0.webp,,01 OUT OF LIFE,a person in mid-air,archive · cut-outs,P027_a-person-in-mid-air_0,"""a person in mid-air"" — cut from P027. The vape gathers, inside and out. My vision blurs. I move toward the window — and you only get further away."
P027_a-window_0,image,cut/out/thumbs/P027_a-window_0.webp,,01 OUT OF LIFE,a window,archive · cut-outs,P027_a-window_0,"""a window"" — cut from P027. The vape gathers, inside and out. My vision blurs. I move toward the window — and you only get further away."
P027_a-window_1,image,cut/out/thumbs/P027_a-window_1.webp,,01 OUT OF LIFE,a window,archive · cut-outs,P027_a-window_1,"""a window"" — cut from P027. The vape gathers, inside and out. My vision blurs. I move toward the window — and you only get further away."
P027_a-window_2,image,cut/out/thumbs/P027_a-window_2.webp,,01 OUT OF LIFE,a window,archive · cut-outs,P027_a-window_2,"""a window"" — cut from P027. The vape gathers, inside and out. My vision blurs. I move toward the window — and you only get further away."
P027_a-window_3,image,cut/out/thumbs/P027_a-window_3.webp,,01 OUT OF LIFE,a window,archive · cut-outs,P027_a-window_3,"""a window"" — cut from P027. The vape gathers, inside and out. My vision blurs. I move toward the window — and you only get further away."
P027_a-window_4,image,cut/out/thumbs/P027_a-window_4.webp,,01 OUT OF LIFE,a window,archive · cut-outs,P027_a-window_4,"""a window"" — cut from P027. The vape gathers, inside and out. My vision blurs. I move toward the window — and you only get further away."
P027_a-light_0,image,cut/out/thumbs/P027_a-light_0.webp,,01 OUT OF LIFE,a light,archive · cut-outs,P027_a-light_0,"""a light"" — cut from P027. The vape gathers, inside and out. My vision blurs. I move toward the window — and you only get further away."
P027_a-light_12,image,cut/out/thumbs/P027_a-light_12.webp,,01 OUT OF LIFE,a light,archive · cut-outs,P027_a-light_12,"""a light"" — cut from P027. The vape gathers, inside and out. My vision blurs. I move toward the window — and you only get further away."
P027_a-lamp_0,image,cut/out/thumbs/P027_a-lamp_0.webp,,01 OUT OF LIFE,a lamp,archive · cut-outs,P027_a-lamp_0,"""a lamp"" — cut from P027. The vape gathers, inside and out. My vision blurs. I move toward the window — and you only get further away."
P027_a-wall_0,image,cut/out/thumbs/P027_a-wall_0.webp,,01 OUT OF LIFE,a wall,archive · cut-outs,P027_a-wall_0,"""a wall"" — cut from P027. The vape gathers, inside and out. My vision blurs. I move toward the window — and you only get further away."
P027_a-wall_1,image,cut/out/thumbs/P027_a-wall_1.webp,,01 OUT OF LIFE,a wall,archive · cut-outs,P027_a-wall_1,"""a wall"" — cut from P027. The vape gathers, inside and out. My vision blurs. I move toward the window — and you only get further away."
P027_a-bed_0,image,cut/out/thumbs/P027_a-bed_0.webp,,01 OUT OF LIFE,a bed,archive · cut-outs,P027_a-bed_0,"""a bed"" — cut from P027. The vape gathers, inside and out. My vision blurs. I move toward the window — and you only get further away."
P027_a-bed_1,image,cut/out/thumbs/P027_a-bed_1.webp,,01 OUT OF LIFE,a bed,archive · cut-outs,P027_a-bed_1,"""a bed"" — cut from P027. The vape gathers, inside and out. My vision blurs. I move toward the window — and you only get further away."
P027_the-sky_0,image,cut/out/thumbs/P027_the-sky_0.webp,,01 OUT OF LIFE,the sky,archive · cut-outs,P027_the-sky_0,"""the sky"" — cut from P027. The vape gathers, inside and out. My vision blurs. I move toward the window — and you only get further away."
P028_a-person_0,image,cut/out/thumbs/P028_a-person_0.webp,,01 OUT OF LIFE,a person,archive · cut-outs,P028_a-person_0,"""a person"" — cut from P028. The vape gathers, inside and out. My vision blurs. I move toward the window — and you only get further away."
P028_a-human-face_0,image,cut/out/thumbs/P028_a-human-face_0.webp,,01 OUT OF LIFE,a human face,archive · cut-outs,P028_a-human-face_0,"""a human face"" — cut from P028. The vape gathers, inside and out. My vision blurs. I move toward the window — and you only get further away."
P028_a-window_0,image,cut/out/thumbs/P028_a-window_0.webp,,01 OUT OF LIFE,a window,archive · cut-outs,P028_a-window_0,"""a window"" — cut from P028. The vape gathers, inside and out. My vision blurs. I move toward the window — and you only get further away."
P028_a-window_1,image,cut/out/thumbs/P028_a-window_1.webp,,01 OUT OF LIFE,a window,archive · cut-outs,P028_a-window_1,"""a window"" — cut from P028. The vape gathers, inside and out. My vision blurs. I move toward the window — and you only get further away."
P028_a-window_2,image,cut/out/thumbs/P028_a-window_2.webp,,01 OUT OF LIFE,a window,archive · cut-outs,P028_a-window_2,"""a window"" — cut from P028. The vape gathers, inside and out. My vision blurs. I move toward the window — and you only get further away."
P028_a-window_3,image,cut/out/thumbs/P028_a-window_3.webp,,01 OUT OF LIFE,a window,archive · cut-outs,P028_a-window_3,"""a window"" — cut from P028. The vape gathers, inside and out. My vision blurs. I move toward the window — and you only get further away."
P028_a-light_7,image,cut/out/thumbs/P028_a-light_7.webp,,01 OUT OF LIFE,a light,archive · cut-outs,P028_a-light_7,"""a light"" — cut from P028. The vape gathers, inside and out. My vision blurs. I move toward the window — and you only get further away."
P028_a-wall_0,image,cut/out/thumbs/P028_a-wall_0.webp,,01 OUT OF LIFE,a wall,archive · cut-outs,P028_a-wall_0,"""a wall"" — cut from P028. The vape gathers, inside and out. My vision blurs. I move toward the window — and you only get further away."
P028_a-wall_1,image,cut/out/thumbs/P028_a-wall_1.webp,,01 OUT OF LIFE,a wall,archive · cut-outs,P028_a-wall_1,"""a wall"" — cut from P028. The vape gathers, inside and out. My vision blurs. I move toward the window — and you only get further away."
P028_a-wall_2,image,cut/out/thumbs/P028_a-wall_2.webp,,01 OUT OF LIFE,a wall,archive · cut-outs,P028_a-wall_2,"""a wall"" — cut from P028. The vape gathers, inside and out. My vision blurs. I move toward the window — and you only get further away."
P028_a-bed_0,image,cut/out/thumbs/P028_a-bed_0.webp,,01 OUT OF LIFE,a bed,archive · cut-outs,P028_a-bed_0,"""a bed"" — cut from P028. The vape gathers, inside and out. My vision blurs. I move toward the window — and you only get further away."
P028_a-road_0,image,cut/out/thumbs/P028_a-road_0.webp,,01 OUT OF LIFE,a road,archive · cut-outs,P028_a-road_0,"""a road"" — cut from P028. The vape gathers, inside and out. My vision blurs. I move toward the window — and you only get further away."
P029_a-person_0,image,cut/out/thumbs/P029_a-person_0.webp,,01 OUT OF LIFE,a person,archive · cut-outs,P029_a-person_0,"""a person"" — cut from P029. The vape gathers, inside and out. My vision blurs. I move toward the window — and you only get further away."
P029_a-hand_0,image,cut/out/thumbs/P029_a-hand_0.webp,,01 OUT OF LIFE,a hand,archive · cut-outs,P029_a-hand_0,"""a hand"" — cut from P029. The vape gathers, inside and out. My vision blurs. I move toward the window — and you only get further away."
P029_a-hand_1,image,cut/out/thumbs/P029_a-hand_1.webp,,01 OUT OF LIFE,a hand,archive · cut-outs,P029_a-hand_1,"""a hand"" — cut from P029. The vape gathers, inside and out. My vision blurs. I move toward the window — and you only get further away."
P029_a-person-in-mid-air_0,image,cut/out/thumbs/P029_a-person-in-mid-air_0.webp,,01 OUT OF LIFE,a person in mid-air,archive · cut-outs,P029_a-person-in-mid-air_0,"""a person in mid-air"" — cut from P029. The vape gathers, inside and out. My vision blurs. I move toward the window — and you only get further away."
P029_a-window_0,image,cut/out/thumbs/P029_a-window_0.webp,,01 OUT OF LIFE,a window,archive · cut-outs,P029_a-window_0,"""a window"" — cut from P029. The vape gathers, inside and out. My vision blurs. I move toward the window — and you only get further away."
P029_a-window_1,image,cut/out/thumbs/P029_a-window_1.webp,,01 OUT OF LIFE,a window,archive · cut-outs,P029_a-window_1,"""a window"" — cut from P029. The vape gathers, inside and out. My vision blurs. I move toward the window — and you only get further away."
P029_a-window_2,image,cut/out/thumbs/P029_a-window_2.webp,,01 OUT OF LIFE,a window,archive · cut-outs,P029_a-window_2,"""a window"" — cut from P029. The vape gathers, inside and out. My vision blurs. I move toward the window — and you only get further away."
P029_a-window_3,image,cut/out/thumbs/P029_a-window_3.webp,,01 OUT OF LIFE,a window,archive · cut-outs,P029_a-window_3,"""a window"" — cut from P029. The vape gathers, inside and out. My vision blurs. I move toward the window — and you only get further away."
P029_a-window_4,image,cut/out/thumbs/P029_a-window_4.webp,,01 OUT OF LIFE,a window,archive · cut-outs,P029_a-window_4,"""a window"" — cut from P029. The vape gathers, inside and out. My vision blurs. I move toward the window — and you only get further away."
P029_a-window_5,image,cut/out/thumbs/P029_a-window_5.webp,,01 OUT OF LIFE,a window,archive · cut-outs,P029_a-window_5,"""a window"" — cut from P029. The vape gathers, inside and out. My vision blurs. I move toward the window — and you only get further away."
P029_a-light_0,image,cut/out/thumbs/P029_a-light_0.webp,,01 OUT OF LIFE,a light,archive · cut-outs,P029_a-light_0,"""a light"" — cut from P029. The vape gathers, inside and out. My vision blurs. I move toward the window — and you only get further away."
P029_a-light_12,image,cut/out/thumbs/P029_a-light_12.webp,,01 OUT OF LIFE,a light,archive · cut-outs,P029_a-light_12,"""a light"" — cut from P029. The vape gathers, inside and out. My vision blurs. I move toward the window — and you only get further away."
P029_a-lamp_0,image,cut/out/thumbs/P029_a-lamp_0.webp,,01 OUT OF LIFE,a lamp,archive · cut-outs,P029_a-lamp_0,"""a lamp"" — cut from P029. The vape gathers, inside and out. My vision blurs. I move toward the window — and you only get further away."
P029_a-wall_0,image,cut/out/thumbs/P029_a-wall_0.webp,,01 OUT OF LIFE,a wall,archive · cut-outs,P029_a-wall_0,"""a wall"" — cut from P029. The vape gathers, inside and out. My vision blurs. I move toward the window — and you only get further away."
P029_a-wall_1,image,cut/out/thumbs/P029_a-wall_1.webp,,01 OUT OF LIFE,a wall,archive · cut-outs,P029_a-wall_1,"""a wall"" — cut from P029. The vape gathers, inside and out. My vision blurs. I move toward the window — and you only get further away."
P029_a-bed_0,image,cut/out/thumbs/P029_a-bed_0.webp,,01 OUT OF LIFE,a bed,archive · cut-outs,P029_a-bed_0,"""a bed"" — cut from P029. The vape gathers, inside and out. My vision blurs. I move toward the window — and you only get further away."
P029_a-bed_1,image,cut/out/thumbs/P029_a-bed_1.webp,,01 OUT OF LIFE,a bed,archive · cut-outs,P029_a-bed_1,"""a bed"" — cut from P029. The vape gathers, inside and out. My vision blurs. I move toward the window — and you only get further away."
P029_a-building_0,image,cut/out/thumbs/P029_a-building_0.webp,,01 OUT OF LIFE,a building,archive · cut-outs,P029_a-building_0,"""a building"" — cut from P029. The vape gathers, inside and out. My vision blurs. I move toward the window — and you only get further away."
P029_the-sky_0,image,cut/out/thumbs/P029_the-sky_0.webp,,01 OUT OF LIFE,the sky,archive · cut-outs,P029_the-sky_0,"""the sky"" — cut from P029. The vape gathers, inside and out. My vision blurs. I move toward the window — and you only get further away."
P030_a-person_0,image,cut/out/thumbs/P030_a-person_0.webp,,01 OUT OF LIFE,a person,archive · cut-outs,P030_a-person_0,"""a person"" — cut from P030. The vape gathers, inside and out. My vision blurs. I move toward the window — and you only get further away."
P030_a-human-face_0,image,cut/out/thumbs/P030_a-human-face_0.webp,,01 OUT OF LIFE,a human face,archive · cut-outs,P030_a-human-face_0,"""a human face"" — cut from P030. The vape gathers, inside and out. My vision blurs. I move toward the window — and you only get further away."
P030_a-hand_0,image,cut/out/thumbs/P030_a-hand_0.webp,,01 OUT OF LIFE,a hand,archive · cut-outs,P030_a-hand_0,"""a hand"" — cut from P030. The vape gathers, inside and out. My vision blurs. I move toward the window — and you only get further away."
P030_a-hand_1,image,cut/out/thumbs/P030_a-hand_1.webp,,01 OUT OF LIFE,a hand,archive · cut-outs,P030_a-hand_1,"""a hand"" — cut from P030. The vape gathers, inside and out. My vision blurs. I move toward the window — and you only get further away."
P030_a-person-in-mid-air_0,image,cut/out/thumbs/P030_a-person-in-mid-air_0.webp,,01 OUT OF LIFE,a person in mid-air,archive · cut-outs,P030_a-person-in-mid-air_0,"""a person in mid-air"" — cut from P030. The vape gathers, inside and out. My vision blurs. I move toward the window — and you only get further away."
P030_a-window_0,image,cut/out/thumbs/P030_a-window_0.webp,,01 OUT OF LIFE,a window,archive · cut-outs,P030_a-window_0,"""a window"" — cut from P030. The vape gathers, inside and out. My vision blurs. I move toward the window — and you only get further away."
P030_a-window_1,image,cut/out/thumbs/P030_a-window_1.webp,,01 OUT OF LIFE,a window,archive · cut-outs,P030_a-window_1,"""a window"" — cut from P030. The vape gathers, inside and out. My vision blurs. I move toward the window — and you only get further away."
P030_a-window_2,image,cut/out/thumbs/P030_a-window_2.webp,,01 OUT OF LIFE,a window,archive · cut-outs,P030_a-window_2,"""a window"" — cut from P030. The vape gathers, inside and out. My vision blurs. I move toward the window — and you only get further away."
P030_a-light_15,image,cut/out/thumbs/P030_a-light_15.webp,,01 OUT OF LIFE,a light,archive · cut-outs,P030_a-light_15,"""a light"" — cut from P030. The vape gathers, inside and out. My vision blurs. I move toward the window — and you only get further away."
P030_a-lamp_0,image,cut/out/thumbs/P030_a-lamp_0.webp,,01 OUT OF LIFE,a lamp,archive · cut-outs,P030_a-lamp_0,"""a lamp"" — cut from P030. The vape gathers, inside and out. My vision blurs. I move toward the window — and you only get further away."
P030_a-lamp_1,image,cut/out/thumbs/P030_a-lamp_1.webp,,01 OUT OF LIFE,a lamp,archive · cut-outs,P030_a-lamp_1,"""a lamp"" — cut from P030. The vape gathers, inside and out. My vision blurs. I move toward the window — and you only get further away."
P030_a-wall_0,image,cut/out/thumbs/P030_a-wall_0.webp,,01 OUT OF LIFE,a wall,archive · cut-outs,P030_a-wall_0,"""a wall"" — cut from P030. The vape gathers, inside and out. My vision blurs. I move toward the window — and you only get further away."
P030_a-wall_1,image,cut/out/thumbs/P030_a-wall_1.webp,,01 OUT OF LIFE,a wall,archive · cut-outs,P030_a-wall_1,"""a wall"" — cut from P030. The vape gathers, inside and out. My vision blurs. I move toward the window — and you only get further away."
P030_a-wall_2,image,cut/out/thumbs/P030_a-wall_2.webp,,01 OUT OF LIFE,a wall,archive · cut-outs,P030_a-wall_2,"""a wall"" — cut from P030. The vape gathers, inside and out. My vision blurs. I move toward the window — and you only get further away."
P030_a-wall_3,image,cut/out/thumbs/P030_a-wall_3.webp,,01 OUT OF LIFE,a wall,archive · cut-outs,P030_a-wall_3,"""a wall"" — cut from P030. The vape gathers, inside and out. My vision blurs. I move toward the window — and you only get further away."
P030_a-wall_4,image,cut/out/thumbs/P030_a-wall_4.webp,,01 OUT OF LIFE,a wall,archive · cut-outs,P030_a-wall_4,"""a wall"" — cut from P030. The vape gathers, inside and out. My vision blurs. I move toward the window — and you only get further away."
P030_a-bed_0,image,cut/out/thumbs/P030_a-bed_0.webp,,01 OUT OF LIFE,a bed,archive · cut-outs,P030_a-bed_0,"""a bed"" — cut from P030. The vape gathers, inside and out. My vision blurs. I move toward the window — and you only get further away."
P030_a-bed_1,image,cut/out/thumbs/P030_a-bed_1.webp,,01 OUT OF LIFE,a bed,archive · cut-outs,P030_a-bed_1,"""a bed"" — cut from P030. The vape gathers, inside and out. My vision blurs. I move toward the window — and you only get further away."
P030_a-bed_2,image,cut/out/thumbs/P030_a-bed_2.webp,,01 OUT OF LIFE,a bed,archive · cut-outs,P030_a-bed_2,"""a bed"" — cut from P030. The vape gathers, inside and out. My vision blurs. I move toward the window — and you only get further away."
P031_a-person_0,image,cut/out/thumbs/P031_a-person_0.webp,,01 OUT OF LIFE,a person,archive · cut-outs,P031_a-person_0,"""a person"" — cut from P031. The vape gathers, inside and out. My vision blurs. I move toward the window — and you only get further away."
P031_a-hand_0,image,cut/out/thumbs/P031_a-hand_0.webp,,01 OUT OF LIFE,a hand,archive · cut-outs,P031_a-hand_0,"""a hand"" — cut from P031. The vape gathers, inside and out. My vision blurs. I move toward the window — and you only get further away."
P031_a-hand_1,image,cut/out/thumbs/P031_a-hand_1.webp,,01 OUT OF LIFE,a hand,archive · cut-outs,P031_a-hand_1,"""a hand"" — cut from P031. The vape gathers, inside and out. My vision blurs. I move toward the window — and you only get further away."
P031_a-person-in-mid-air_0,image,cut/out/thumbs/P031_a-person-in-mid-air_0.webp,,01 OUT OF LIFE,a person in mid-air,archive · cut-outs,P031_a-person-in-mid-air_0,"""a person in mid-air"" — cut from P031. The vape gathers, inside and out. My vision blurs. I move toward the window — and you only get further away."
P031_a-window_0,image,cut/out/thumbs/P031_a-window_0.webp,,01 OUT OF LIFE,a window,archive · cut-outs,P031_a-window_0,"""a window"" — cut from P031. The vape gathers, inside and out. My vision blurs. I move toward the window — and you only get further away."
P031_a-window_1,image,cut/out/thumbs/P031_a-window_1.webp,,01 OUT OF LIFE,a window,archive · cut-outs,P031_a-window_1,"""a window"" — cut from P031. The vape gathers, inside and out. My vision blurs. I move toward the window — and you only get further away."
P031_a-window_2,image,cut/out/thumbs/P031_a-window_2.webp,,01 OUT OF LIFE,a window,archive · cut-outs,P031_a-window_2,"""a window"" — cut from P031. The vape gathers, inside and out. My vision blurs. I move toward the window — and you only get further away."
P031_a-light_5,image,cut/out/thumbs/P031_a-light_5.webp,,01 OUT OF LIFE,a light,archive · cut-outs,P031_a-light_5,"""a light"" — cut from P031. The vape gathers, inside and out. My vision blurs. I move toward the window — and you only get further away."
P031_a-light_16,image,cut/out/thumbs/P031_a-light_16.webp,,01 OUT OF LIFE,a light,archive · cut-outs,P031_a-light_16,"""a light"" — cut from P031. The vape gathers, inside and out. My vision blurs. I move toward the window — and you only get further away."
P031_a-lamp_0,image,cut/out/thumbs/P031_a-lamp_0.webp,,01 OUT OF LIFE,a lamp,archive · cut-outs,P031_a-lamp_0,"""a lamp"" — cut from P031. The vape gathers, inside and out. My vision blurs. I move toward the window — and you only get further away."
P031_a-wall_0,image,cut/out/thumbs/P031_a-wall_0.webp,,01 OUT OF LIFE,a wall,archive · cut-outs,P031_a-wall_0,"""a wall"" — cut from P031. The vape gathers, inside and out. My vision blurs. I move toward the window — and you only get further away."
P031_a-wall_1,image,cut/out/thumbs/P031_a-wall_1.webp,,01 OUT OF LIFE,a wall,archive · cut-outs,P031_a-wall_1,"""a wall"" — cut from P031. The vape gathers, inside and out. My vision blurs. I move toward the window — and you only get further away."
P031_a-wall_2,image,cut/out/thumbs/P031_a-wall_2.webp,,01 OUT OF LIFE,a wall,archive · cut-outs,P031_a-wall_2,"""a wall"" — cut from P031. The vape gathers, inside and out. My vision blurs. I move toward the window — and you only get further away."
P031_a-bed_0,image,cut/out/thumbs/P031_a-bed_0.webp,,01 OUT OF LIFE,a bed,archive · cut-outs,P031_a-bed_0,"""a bed"" — cut from P031. The vape gathers, inside and out. My vision blurs. I move toward the window — and you only get further away."
P031_a-bed_1,image,cut/out/thumbs/P031_a-bed_1.webp,,01 OUT OF LIFE,a bed,archive · cut-outs,P031_a-bed_1,"""a bed"" — cut from P031. The vape gathers, inside and out. My vision blurs. I move toward the window — and you only get further away."
P031_the-sky_0,image,cut/out/thumbs/P031_the-sky_0.webp,,01 OUT OF LIFE,the sky,archive · cut-outs,P031_the-sky_0,"""the sky"" — cut from P031. The vape gathers, inside and out. My vision blurs. I move toward the window — and you only get further away."
P032_a-person_0,image,cut/out/thumbs/P032_a-person_0.webp,,01 OUT OF LIFE,a person,archive · cut-outs,P032_a-person_0,"""a person"" — cut from P032. The vape gathers, inside and out. My vision blurs. I move toward the window — and you only get further away."
P032_a-human-face_0,image,cut/out/thumbs/P032_a-human-face_0.webp,,01 OUT OF LIFE,a human face,archive · cut-outs,P032_a-human-face_0,"""a human face"" — cut from P032. The vape gathers, inside and out. My vision blurs. I move toward the window — and you only get further away."
P032_a-hand_0,image,cut/out/thumbs/P032_a-hand_0.webp,,01 OUT OF LIFE,a hand,archive · cut-outs,P032_a-hand_0,"""a hand"" — cut from P032. The vape gathers, inside and out. My vision blurs. I move toward the window — and you only get further away."
P032_a-hand_1,image,cut/out/thumbs/P032_a-hand_1.webp,,01 OUT OF LIFE,a hand,archive · cut-outs,P032_a-hand_1,"""a hand"" — cut from P032. The vape gathers, inside and out. My vision blurs. I move toward the window — and you only get further away."
P032_a-person-in-mid-air_0,image,cut/out/thumbs/P032_a-person-in-mid-air_0.webp,,01 OUT OF LIFE,a person in mid-air,archive · cut-outs,P032_a-person-in-mid-air_0,"""a person in mid-air"" — cut from P032. The vape gathers, inside and out. My vision blurs. I move toward the window — and you only get further away."
P032_a-window_0,image,cut/out/thumbs/P032_a-window_0.webp,,01 OUT OF LIFE,a window,archive · cut-outs,P032_a-window_0,"""a window"" — cut from P032. The vape gathers, inside and out. My vision blurs. I move toward the window — and you only get further away."
P032_a-window_1,image,cut/out/thumbs/P032_a-window_1.webp,,01 OUT OF LIFE,a window,archive · cut-outs,P032_a-window_1,"""a window"" — cut from P032. The vape gathers, inside and out. My vision blurs. I move toward the window — and you only get further away."
P032_a-window_2,image,cut/out/thumbs/P032_a-window_2.webp,,01 OUT OF LIFE,a window,archive · cut-outs,P032_a-window_2,"""a window"" — cut from P032. The vape gathers, inside and out. My vision blurs. I move toward the window — and you only get further away."
P032_a-window_3,image,cut/out/thumbs/P032_a-window_3.webp,,01 OUT OF LIFE,a window,archive · cut-outs,P032_a-window_3,"""a window"" — cut from P032. The vape gathers, inside and out. My vision blurs. I move toward the window — and you only get further away."
P032_a-light_5,image,cut/out/thumbs/P032_a-light_5.webp,,01 OUT OF LIFE,a light,archive · cut-outs,P032_a-light_5,"""a light"" — cut from P032. The vape gathers, inside and out. My vision blurs. I move toward the window — and you only get further away."
P032_a-lamp_0,image,cut/out/thumbs/P032_a-lamp_0.webp,,01 OUT OF LIFE,a lamp,archive · cut-outs,P032_a-lamp_0,"""a lamp"" — cut from P032. The vape gathers, inside and out. My vision blurs. I move toward the window — and you only get further away."
P032_a-wall_0,image,cut/out/thumbs/P032_a-wall_0.webp,,01 OUT OF LIFE,a wall,archive · cut-outs,P032_a-wall_0,"""a wall"" — cut from P032. The vape gathers, inside and out. My vision blurs. I move toward the window — and you only get further away."
P032_a-wall_1,image,cut/out/thumbs/P032_a-wall_1.webp,,01 OUT OF LIFE,a wall,archive · cut-outs,P032_a-wall_1,"""a wall"" — cut from P032. The vape gathers, inside and out. My vision blurs. I move toward the window — and you only get further away."
P032_a-wall_2,image,cut/out/thumbs/P032_a-wall_2.webp,,01 OUT OF LIFE,a wall,archive · cut-outs,P032_a-wall_2,"""a wall"" — cut from P032. The vape gathers, inside and out. My vision blurs. I move toward the window — and you only get further away."
P032_a-wall_3,image,cut/out/thumbs/P032_a-wall_3.webp,,01 OUT OF LIFE,a wall,archive · cut-outs,P032_a-wall_3,"""a wall"" — cut from P032. The vape gathers, inside and out. My vision blurs. I move toward the window — and you only get further away."
P032_a-bed_0,image,cut/out/thumbs/P032_a-bed_0.webp,,01 OUT OF LIFE,a bed,archive · cut-outs,P032_a-bed_0,"""a bed"" — cut from P032. The vape gathers, inside and out. My vision blurs. I move toward the window — and you only get further away."
P032_a-bed_1,image,cut/out/thumbs/P032_a-bed_1.webp,,01 OUT OF LIFE,a bed,archive · cut-outs,P032_a-bed_1,"""a bed"" — cut from P032. The vape gathers, inside and out. My vision blurs. I move toward the window — and you only get further away."
P032_a-bed_2,image,cut/out/thumbs/P032_a-bed_2.webp,,01 OUT OF LIFE,a bed,archive · cut-outs,P032_a-bed_2,"""a bed"" — cut from P032. The vape gathers, inside and out. My vision blurs. I move toward the window — and you only get further away."
P033_a-person_0,image,cut/out/thumbs/P033_a-person_0.webp,,01 OUT OF LIFE,a person,archive · cut-outs,P033_a-person_0,"""a person"" — cut from P033. The vape gathers, inside and out. My vision blurs. I move toward the window — and you only get further away."
P033_a-person_1,image,cut/out/thumbs/P033_a-person_1.webp,,01 OUT OF LIFE,a person,archive · cut-outs,P033_a-person_1,"""a person"" — cut from P033. The vape gathers, inside and out. My vision blurs. I move toward the window — and you only get further away."
P033_a-human-face_1,image,cut/out/thumbs/P033_a-human-face_1.webp,,01 OUT OF LIFE,a human face,archive · cut-outs,P033_a-human-face_1,"""a human face"" — cut from P033. The vape gathers, inside and out. My vision blurs. I move toward the window — and you only get further away."
P033_a-window_0,image,cut/out/thumbs/P033_a-window_0.webp,,01 OUT OF LIFE,a window,archive · cut-outs,P033_a-window_0,"""a window"" — cut from P033. The vape gathers, inside and out. My vision blurs. I move toward the window — and you only get further away."
P033_a-window_1,image,cut/out/thumbs/P033_a-window_1.webp,,01 OUT OF LIFE,a window,archive · cut-outs,P033_a-window_1,"""a window"" — cut from P033. The vape gathers, inside and out. My vision blurs. I move toward the window — and you only get further away."
P033_a-window_2,image,cut/out/thumbs/P033_a-window_2.webp,,01 OUT OF LIFE,a window,archive · cut-outs,P033_a-window_2,"""a window"" — cut from P033. The vape gathers, inside and out. My vision blurs. I move toward the window — and you only get further away."
P033_a-window_3,image,cut/out/thumbs/P033_a-window_3.webp,,01 OUT OF LIFE,a window,archive · cut-outs,P033_a-window_3,"""a window"" — cut from P033. The vape gathers, inside and out. My vision blurs. I move toward the window — and you only get further away."
P033_a-light_7,image,cut/out/thumbs/P033_a-light_7.webp,,01 OUT OF LIFE,a light,archive · cut-outs,P033_a-light_7,"""a light"" — cut from P033. The vape gathers, inside and out. My vision blurs. I move toward the window — and you only get further away."
P033_a-wall_0,image,cut/out/thumbs/P033_a-wall_0.webp,,01 OUT OF LIFE,a wall,archive · cut-outs,P033_a-wall_0,"""a wall"" — cut from P033. The vape gathers, inside and out. My vision blurs. I move toward the window — and you only get further away."
P033_a-wall_1,image,cut/out/thumbs/P033_a-wall_1.webp,,01 OUT OF LIFE,a wall,archive · cut-outs,P033_a-wall_1,"""a wall"" — cut from P033. The vape gathers, inside and out. My vision blurs. I move toward the window — and you only get further away."
P033_a-wall_2,image,cut/out/thumbs/P033_a-wall_2.webp,,01 OUT OF LIFE,a wall,archive · cut-outs,P033_a-wall_2,"""a wall"" — cut from P033. The vape gathers, inside and out. My vision blurs. I move toward the window — and you only get further away."
P033_a-bed_0,image,cut/out/thumbs/P033_a-bed_0.webp,,01 OUT OF LIFE,a bed,archive · cut-outs,P033_a-bed_0,"""a bed"" — cut from P033. The vape gathers, inside and out. My vision blurs. I move toward the window — and you only get further away."
P033_a-bed_1,image,cut/out/thumbs/P033_a-bed_1.webp,,01 OUT OF LIFE,a bed,archive · cut-outs,P033_a-bed_1,"""a bed"" — cut from P033. The vape gathers, inside and out. My vision blurs. I move toward the window — and you only get further away."
P033_a-road_0,image,cut/out/thumbs/P033_a-road_0.webp,,01 OUT OF LIFE,a road,archive · cut-outs,P033_a-road_0,"""a road"" — cut from P033. The vape gathers, inside and out. My vision blurs. I move toward the window — and you only get further away."
P034_a-person_0,image,cut/out/thumbs/P034_a-person_0.webp,,01 OUT OF LIFE,a person,archive · cut-outs,P034_a-person_0,"""a person"" — cut from P034. The vape gathers, inside and out. My vision blurs. I move toward the window — and you only get further away."
P034_a-person_1,image,cut/out/thumbs/P034_a-person_1.webp,,01 OUT OF LIFE,a person,archive · cut-outs,P034_a-person_1,"""a person"" — cut from P034. The vape gathers, inside and out. My vision blurs. I move toward the window — and you only get further away."
P034_a-human-face_1,image,cut/out/thumbs/P034_a-human-face_1.webp,,01 OUT OF LIFE,a human face,archive · cut-outs,P034_a-human-face_1,"""a human face"" — cut from P034. The vape gathers, inside and out. My vision blurs. I move toward the window — and you only get further away."
P034_a-window_0,image,cut/out/thumbs/P034_a-window_0.webp,,01 OUT OF LIFE,a window,archive · cut-outs,P034_a-window_0,"""a window"" — cut from P034. The vape gathers, inside and out. My vision blurs. I move toward the window — and you only get further away."
P034_a-window_1,image,cut/out/thumbs/P034_a-window_1.webp,,01 OUT OF LIFE,a window,archive · cut-outs,P034_a-window_1,"""a window"" — cut from P034. The vape gathers, inside and out. My vision blurs. I move toward the window — and you only get further away."
P034_a-window_2,image,cut/out/thumbs/P034_a-window_2.webp,,01 OUT OF LIFE,a window,archive · cut-outs,P034_a-window_2,"""a window"" — cut from P034. The vape gathers, inside and out. My vision blurs. I move toward the window — and you only get further away."
P034_a-window_3,image,cut/out/thumbs/P034_a-window_3.webp,,01 OUT OF LIFE,a window,archive · cut-outs,P034_a-window_3,"""a window"" — cut from P034. The vape gathers, inside and out. My vision blurs. I move toward the window — and you only get further away."
P034_a-light_5,image,cut/out/thumbs/P034_a-light_5.webp,,01 OUT OF LIFE,a light,archive · cut-outs,P034_a-light_5,"""a light"" — cut from P034. The vape gathers, inside and out. My vision blurs. I move toward the window — and you only get further away."
P034_a-wall_0,image,cut/out/thumbs/P034_a-wall_0.webp,,01 OUT OF LIFE,a wall,archive · cut-outs,P034_a-wall_0,"""a wall"" — cut from P034. The vape gathers, inside and out. My vision blurs. I move toward the window — and you only get further away."
P034_a-wall_1,image,cut/out/thumbs/P034_a-wall_1.webp,,01 OUT OF LIFE,a wall,archive · cut-outs,P034_a-wall_1,"""a wall"" — cut from P034. The vape gathers, inside and out. My vision blurs. I move toward the window — and you only get further away."
P034_a-wall_2,image,cut/out/thumbs/P034_a-wall_2.webp,,01 OUT OF LIFE,a wall,archive · cut-outs,P034_a-wall_2,"""a wall"" — cut from P034. The vape gathers, inside and out. My vision blurs. I move toward the window — and you only get further away."
P034_a-bed_0,image,cut/out/thumbs/P034_a-bed_0.webp,,01 OUT OF LIFE,a bed,archive · cut-outs,P034_a-bed_0,"""a bed"" — cut from P034. The vape gathers, inside and out. My vision blurs. I move toward the window — and you only get further away."
P034_a-road_0,image,cut/out/thumbs/P034_a-road_0.webp,,01 OUT OF LIFE,a road,archive · cut-outs,P034_a-road_0,"""a road"" — cut from P034. The vape gathers, inside and out. My vision blurs. I move toward the window — and you only get further away."
P035_a-person_0,image,cut/out/thumbs/P035_a-person_0.webp,,01 OUT OF LIFE,a person,archive · cut-outs,P035_a-person_0,"""a person"" — cut from P035. The vape gathers, inside and out. My vision blurs. I move toward the window — and you only get further away."
P035_a-person_1,image,cut/out/thumbs/P035_a-person_1.webp,,01 OUT OF LIFE,a person,archive · cut-outs,P035_a-person_1,"""a person"" — cut from P035. The vape gathers, inside and out. My vision blurs. I move toward the window — and you only get further away."
P035_a-human-face_1,image,cut/out/thumbs/P035_a-human-face_1.webp,,01 OUT OF LIFE,a human face,archive · cut-outs,P035_a-human-face_1,"""a human face"" — cut from P035. The vape gathers, inside and out. My vision blurs. I move toward the window — and you only get further away."
P035_a-window_0,image,cut/out/thumbs/P035_a-window_0.webp,,01 OUT OF LIFE,a window,archive · cut-outs,P035_a-window_0,"""a window"" — cut from P035. The vape gathers, inside and out. My vision blurs. I move toward the window — and you only get further away."
P035_a-window_1,image,cut/out/thumbs/P035_a-window_1.webp,,01 OUT OF LIFE,a window,archive · cut-outs,P035_a-window_1,"""a window"" — cut from P035. The vape gathers, inside and out. My vision blurs. I move toward the window — and you only get further away."
P035_a-window_2,image,cut/out/thumbs/P035_a-window_2.webp,,01 OUT OF LIFE,a window,archive · cut-outs,P035_a-window_2,"""a window"" — cut from P035. The vape gathers, inside and out. My vision blurs. I move toward the window — and you only get further away."
P035_a-window_3,image,cut/out/thumbs/P035_a-window_3.webp,,01 OUT OF LIFE,a window,archive · cut-outs,P035_a-window_3,"""a window"" — cut from P035. The vape gathers, inside and out. My vision blurs. I move toward the window — and you only get further away."
P035_a-light_7,image,cut/out/thumbs/P035_a-light_7.webp,,01 OUT OF LIFE,a light,archive · cut-outs,P035_a-light_7,"""a light"" — cut from P035. The vape gathers, inside and out. My vision blurs. I move toward the window — and you only get further away."
P035_a-wall_0,image,cut/out/thumbs/P035_a-wall_0.webp,,01 OUT OF LIFE,a wall,archive · cut-outs,P035_a-wall_0,"""a wall"" — cut from P035. The vape gathers, inside and out. My vision blurs. I move toward the window — and you only get further away."
P035_a-wall_1,image,cut/out/thumbs/P035_a-wall_1.webp,,01 OUT OF LIFE,a wall,archive · cut-outs,P035_a-wall_1,"""a wall"" — cut from P035. The vape gathers, inside and out. My vision blurs. I move toward the window — and you only get further away."
P035_a-wall_2,image,cut/out/thumbs/P035_a-wall_2.webp,,01 OUT OF LIFE,a wall,archive · cut-outs,P035_a-wall_2,"""a wall"" — cut from P035. The vape gathers, inside and out. My vision blurs. I move toward the window — and you only get further away."
P035_a-bed_0,image,cut/out/thumbs/P035_a-bed_0.webp,,01 OUT OF LIFE,a bed,archive · cut-outs,P035_a-bed_0,"""a bed"" — cut from P035. The vape gathers, inside and out. My vision blurs. I move toward the window — and you only get further away."
P035_a-bed_1,image,cut/out/thumbs/P035_a-bed_1.webp,,01 OUT OF LIFE,a bed,archive · cut-outs,P035_a-bed_1,"""a bed"" — cut from P035. The vape gathers, inside and out. My vision blurs. I move toward the window — and you only get further away."
P035_a-road_0,image,cut/out/thumbs/P035_a-road_0.webp,,01 OUT OF LIFE,a road,archive · cut-outs,P035_a-road_0,"""a road"" — cut from P035. The vape gathers, inside and out. My vision blurs. I move toward the window — and you only get further away."
P036_a-person_0,image,cut/out/thumbs/P036_a-person_0.webp,,01 OUT OF LIFE,a person,archive · cut-outs,P036_a-person_0,"""a person"" — cut from P036. More haze. What isn't mine, I still can not give."
P036_a-person-in-mid-air_0,image,cut/out/thumbs/P036_a-person-in-mid-air_0.webp,,01 OUT OF LIFE,a person in mid-air,archive · cut-outs,P036_a-person-in-mid-air_0,"""a person in mid-air"" — cut from P036. More haze. What isn't mine, I still can not give."
P036_a-staircase_0,image,cut/out/thumbs/P036_a-staircase_0.webp,,01 OUT OF LIFE,a staircase,archive · cut-outs,P036_a-staircase_0,"""a staircase"" — cut from P036. More haze. What isn't mine, I still can not give."
P036_a-road_0,image,cut/out/thumbs/P036_a-road_0.webp,,01 OUT OF LIFE,a road,archive · cut-outs,P036_a-road_0,"""a road"" — cut from P036. More haze. What isn't mine, I still can not give."
P036_the-sky_0,image,cut/out/thumbs/P036_the-sky_0.webp,,01 OUT OF LIFE,the sky,archive · cut-outs,P036_the-sky_0,"""the sky"" — cut from P036. More haze. What isn't mine, I still can not give."
P036_water_0,image,cut/out/thumbs/P036_water_0.webp,,01 OUT OF LIFE,water,archive · cut-outs,P036_water_0,"""water"" — cut from P036. More haze. What isn't mine, I still can not give."
P037_a-person_0,image,cut/out/thumbs/P037_a-person_0.webp,,01 OUT OF LIFE,a person,archive · cut-outs,P037_a-person_0,"""a person"" — cut from P037. The vape gathers, inside and out. My vision blurs. I move toward the window — and you only get further away."
P037_a-person-in-mid-air_0,image,cut/out/thumbs/P037_a-person-in-mid-air_0.webp,,01 OUT OF LIFE,a person in mid-air,archive · cut-outs,P037_a-person-in-mid-air_0,"""a person in mid-air"" — cut from P037. The vape gathers, inside and out. My vision blurs. I move toward the window — and you only get further away."
P037_a-staircase_0,image,cut/out/thumbs/P037_a-staircase_0.webp,,01 OUT OF LIFE,a staircase,archive · cut-outs,P037_a-staircase_0,"""a staircase"" — cut from P037. The vape gathers, inside and out. My vision blurs. I move toward the window — and you only get further away."
P037_a-wall_0,image,cut/out/thumbs/P037_a-wall_0.webp,,01 OUT OF LIFE,a wall,archive · cut-outs,P037_a-wall_0,"""a wall"" — cut from P037. The vape gathers, inside and out. My vision blurs. I move toward the window — and you only get further away."
P037_a-wall_1,image,cut/out/thumbs/P037_a-wall_1.webp,,01 OUT OF LIFE,a wall,archive · cut-outs,P037_a-wall_1,"""a wall"" — cut from P037. The vape gathers, inside and out. My vision blurs. I move toward the window — and you only get further away."
P037_a-wall_2,image,cut/out/thumbs/P037_a-wall_2.webp,,01 OUT OF LIFE,a wall,archive · cut-outs,P037_a-wall_2,"""a wall"" — cut from P037. The vape gathers, inside and out. My vision blurs. I move toward the window — and you only get further away."
P037_a-wall_3,image,cut/out/thumbs/P037_a-wall_3.webp,,01 OUT OF LIFE,a wall,archive · cut-outs,P037_a-wall_3,"""a wall"" — cut from P037. The vape gathers, inside and out. My vision blurs. I move toward the window — and you only get further away."
P037_a-wall_4,image,cut/out/thumbs/P037_a-wall_4.webp,,01 OUT OF LIFE,a wall,archive · cut-outs,P037_a-wall_4,"""a wall"" — cut from P037. The vape gathers, inside and out. My vision blurs. I move toward the window — and you only get further away."
P037_a-wall_5,image,cut/out/thumbs/P037_a-wall_5.webp,,01 OUT OF LIFE,a wall,archive · cut-outs,P037_a-wall_5,"""a wall"" — cut from P037. The vape gathers, inside and out. My vision blurs. I move toward the window — and you only get further away."
P037_a-wall_6,image,cut/out/thumbs/P037_a-wall_6.webp,,01 OUT OF LIFE,a wall,archive · cut-outs,P037_a-wall_6,"""a wall"" — cut from P037. The vape gathers, inside and out. My vision blurs. I move toward the window — and you only get further away."
P037_a-wall_7,image,cut/out/thumbs/P037_a-wall_7.webp,,01 OUT OF LIFE,a wall,archive · cut-outs,P037_a-wall_7,"""a wall"" — cut from P037. The vape gathers, inside and out. My vision blurs. I move toward the window — and you only get further away."
P037_a-building_0,image,cut/out/thumbs/P037_a-building_0.webp,,01 OUT OF LIFE,a building,archive · cut-outs,P037_a-building_0,"""a building"" — cut from P037. The vape gathers, inside and out. My vision blurs. I move toward the window — and you only get further away."
P037_a-building_1,image,cut/out/thumbs/P037_a-building_1.webp,,01 OUT OF LIFE,a building,archive · cut-outs,P037_a-building_1,"""a building"" — cut from P037. The vape gathers, inside and out. My vision blurs. I move toward the window — and you only get further away."
P037_a-building_2,image,cut/out/thumbs/P037_a-building_2.webp,,01 OUT OF LIFE,a building,archive · cut-outs,P037_a-building_2,"""a building"" — cut from P037. The vape gathers, inside and out. My vision blurs. I move toward the window — and you only get further away."
P037_a-building_3,image,cut/out/thumbs/P037_a-building_3.webp,,01 OUT OF LIFE,a building,archive · cut-outs,P037_a-building_3,"""a building"" — cut from P037. The vape gathers, inside and out. My vision blurs. I move toward the window — and you only get further away."
P037_a-building_4,image,cut/out/thumbs/P037_a-building_4.webp,,01 OUT OF LIFE,a building,archive · cut-outs,P037_a-building_4,"""a building"" — cut from P037. The vape gathers, inside and out. My vision blurs. I move toward the window — and you only get further away."
P037_a-building_5,image,cut/out/thumbs/P037_a-building_5.webp,,01 OUT OF LIFE,a building,archive · cut-outs,P037_a-building_5,"""a building"" — cut from P037. The vape gathers, inside and out. My vision blurs. I move toward the window — and you only get further away."
P037_a-building_6,image,cut/out/thumbs/P037_a-building_6.webp,,01 OUT OF LIFE,a building,archive · cut-outs,P037_a-building_6,"""a building"" — cut from P037. The vape gathers, inside and out. My vision blurs. I move toward the window — and you only get further away."
P037_a-building_7,image,cut/out/thumbs/P037_a-building_7.webp,,01 OUT OF LIFE,a building,archive · cut-outs,P037_a-building_7,"""a building"" — cut from P037. The vape gathers, inside and out. My vision blurs. I move toward the window — and you only get further away."
P037_a-building_8,image,cut/out/thumbs/P037_a-building_8.webp,,01 OUT OF LIFE,a building,archive · cut-outs,P037_a-building_8,"""a building"" — cut from P037. The vape gathers, inside and out. My vision blurs. I move toward the window — and you only get further away."
P037_the-sky_0,image,cut/out/thumbs/P037_the-sky_0.webp,,01 OUT OF LIFE,the sky,archive · cut-outs,P037_the-sky_0,"""the sky"" — cut from P037. The vape gathers, inside and out. My vision blurs. I move toward the window — and you only get further away."
P037_the-sky_1,image,cut/out/thumbs/P037_the-sky_1.webp,,01 OUT OF LIFE,the sky,archive · cut-outs,P037_the-sky_1,"""the sky"" — cut from P037. The vape gathers, inside and out. My vision blurs. I move toward the window — and you only get further away."
P038_a-person_0,image,cut/out/thumbs/P038_a-person_0.webp,,"09 YET, HEARD",a person,archive · cut-outs,P038_a-person_0,"""a person"" — cut from P038. Before I go, I call on my mother — in tears, speaking of an abyss she's never known."
P038_a-person-in-mid-air_0,image,cut/out/thumbs/P038_a-person-in-mid-air_0.webp,,"09 YET, HEARD",a person in mid-air,archive · cut-outs,P038_a-person-in-mid-air_0,"""a person in mid-air"" — cut from P038. Before I go, I call on my mother — in tears, speaking of an abyss she's never known."
P038_a-staircase_0,image,cut/out/thumbs/P038_a-staircase_0.webp,,"09 YET, HEARD",a staircase,archive · cut-outs,P038_a-staircase_0,"""a staircase"" — cut from P038. Before I go, I call on my mother — in tears, speaking of an abyss she's never known."
P038_the-sky_0,image,cut/out/thumbs/P038_the-sky_0.webp,,"09 YET, HEARD",the sky,archive · cut-outs,P038_the-sky_0,"""the sky"" — cut from P038. Before I go, I call on my mother — in tears, speaking of an abyss she's never known."
P039_a-person_0,image,cut/out/thumbs/P039_a-person_0.webp,,"09 YET, HEARD",a person,archive · cut-outs,P039_a-person_0,"""a person"" — cut from P039. Before I go, I call on my father... We stroll, father and son, hearted and shaken. Someone borrowed, and someone blue — yet, broken. Yet, heard."
P039_a-person-in-mid-air_0,image,cut/out/thumbs/P039_a-person-in-mid-air_0.webp,,"09 YET, HEARD",a person in mid-air,archive · cut-outs,P039_a-person-in-mid-air_0,"""a person in mid-air"" — cut from P039. Before I go, I call on my father... We stroll, father and son, hearted and shaken. Someone borrowed, and someone blue — yet, broken. Yet, heard."
P039_a-staircase_0,image,cut/out/thumbs/P039_a-staircase_0.webp,,"09 YET, HEARD",a staircase,archive · cut-outs,P039_a-staircase_0,"""a staircase"" — cut from P039. Before I go, I call on my father... We stroll, father and son, hearted and shaken. Someone borrowed, and someone blue — yet, broken. Yet, heard."
P039_the-sky_0,image,cut/out/thumbs/P039_the-sky_0.webp,,"09 YET, HEARD",the sky,archive · cut-outs,P039_the-sky_0,"""the sky"" — cut from P039. Before I go, I call on my father... We stroll, father and son, hearted and shaken. Someone borrowed, and someone blue — yet, broken. Yet, heard."
P040_a-person_0,image,cut/out/thumbs/P040_a-person_0.webp,,01 OUT OF LIFE,a person,archive · cut-outs,P040_a-person_0,"""a person"" — cut from P040. The vape gathers, inside and out. My vision blurs. I move toward the window — and you only get further away."
P040_a-hand_0,image,cut/out/thumbs/P040_a-hand_0.webp,,01 OUT OF LIFE,a hand,archive · cut-outs,P040_a-hand_0,"""a hand"" — cut from P040. The vape gathers, inside and out. My vision blurs. I move toward the window — and you only get further away."
P040_a-person-in-mid-air_0,image,cut/out/thumbs/P040_a-person-in-mid-air_0.webp,,01 OUT OF LIFE,a person in mid-air,archive · cut-outs,P040_a-person-in-mid-air_0,"""a person in mid-air"" — cut from P040. The vape gathers, inside and out. My vision blurs. I move toward the window — and you only get further away."
P040_the-sky_0,image,cut/out/thumbs/P040_the-sky_0.webp,,01 OUT OF LIFE,the sky,archive · cut-outs,P040_the-sky_0,"""the sky"" — cut from P040. The vape gathers, inside and out. My vision blurs. I move toward the window — and you only get further away."
P041_a-person_0,image,cut/out/thumbs/P041_a-person_0.webp,,"09 YET, HEARD",a person,archive · cut-outs,P041_a-person_0,"""a person"" — cut from P041. Before I go, I call on my mother — in tears, speaking of an abyss she's never known."
P041_a-person-in-mid-air_0,image,cut/out/thumbs/P041_a-person-in-mid-air_0.webp,,"09 YET, HEARD",a person in mid-air,archive · cut-outs,P041_a-person-in-mid-air_0,"""a person in mid-air"" — cut from P041. Before I go, I call on my mother — in tears, speaking of an abyss she's never known."
P041_the-sky_0,image,cut/out/thumbs/P041_the-sky_0.webp,,"09 YET, HEARD",the sky,archive · cut-outs,P041_the-sky_0,"""the sky"" — cut from P041. Before I go, I call on my mother — in tears, speaking of an abyss she's never known."
P042_a-person_0,image,cut/out/thumbs/P042_a-person_0.webp,,01 OUT OF LIFE,a person,archive · cut-outs,P042_a-person_0,"""a person"" — cut from P042. The vape gathers, inside and out. My vision blurs. I move toward the window — and you only get further away."
P042_a-person_1,image,cut/out/thumbs/P042_a-person_1.webp,,01 OUT OF LIFE,a person,archive · cut-outs,P042_a-person_1,"""a person"" — cut from P042. The vape gathers, inside and out. My vision blurs. I move toward the window — and you only get further away."
P042_a-human-face_0,image,cut/out/thumbs/P042_a-human-face_0.webp,,01 OUT OF LIFE,a human face,archive · cut-outs,P042_a-human-face_0,"""a human face"" — cut from P042. The vape gathers, inside and out. My vision blurs. I move toward the window — and you only get further away."
P042_a-window_0,image,cut/out/thumbs/P042_a-window_0.webp,,01 OUT OF LIFE,a window,archive · cut-outs,P042_a-window_0,"""a window"" — cut from P042. The vape gathers, inside and out. My vision blurs. I move toward the window — and you only get further away."
P042_a-window_1,image,cut/out/thumbs/P042_a-window_1.webp,,01 OUT OF LIFE,a window,archive · cut-outs,P042_a-window_1,"""a window"" — cut from P042. The vape gathers, inside and out. My vision blurs. I move toward the window — and you only get further away."
P042_a-window_2,image,cut/out/thumbs/P042_a-window_2.webp,,01 OUT OF LIFE,a window,archive · cut-outs,P042_a-window_2,"""a window"" — cut from P042. The vape gathers, inside and out. My vision blurs. I move toward the window — and you only get further away."
P042_a-window_3,image,cut/out/thumbs/P042_a-window_3.webp,,01 OUT OF LIFE,a window,archive · cut-outs,P042_a-window_3,"""a window"" — cut from P042. The vape gathers, inside and out. My vision blurs. I move toward the window — and you only get further away."
P042_a-light_4,image,cut/out/thumbs/P042_a-light_4.webp,,01 OUT OF LIFE,a light,archive · cut-outs,P042_a-light_4,"""a light"" — cut from P042. The vape gathers, inside and out. My vision blurs. I move toward the window — and you only get further away."
P042_a-light_8,image,cut/out/thumbs/P042_a-light_8.webp,,01 OUT OF LIFE,a light,archive · cut-outs,P042_a-light_8,"""a light"" — cut from P042. The vape gathers, inside and out. My vision blurs. I move toward the window — and you only get further away."
P042_a-wall_0,image,cut/out/thumbs/P042_a-wall_0.webp,,01 OUT OF LIFE,a wall,archive · cut-outs,P042_a-wall_0,"""a wall"" — cut from P042. The vape gathers, inside and out. My vision blurs. I move toward the window — and you only get further away."
P042_a-wall_1,image,cut/out/thumbs/P042_a-wall_1.webp,,01 OUT OF LIFE,a wall,archive · cut-outs,P042_a-wall_1,"""a wall"" — cut from P042. The vape gathers, inside and out. My vision blurs. I move toward the window — and you only get further away."
P042_a-wall_2,image,cut/out/thumbs/P042_a-wall_2.webp,,01 OUT OF LIFE,a wall,archive · cut-outs,P042_a-wall_2,"""a wall"" — cut from P042. The vape gathers, inside and out. My vision blurs. I move toward the window — and you only get further away."
P042_a-bed_0,image,cut/out/thumbs/P042_a-bed_0.webp,,01 OUT OF LIFE,a bed,archive · cut-outs,P042_a-bed_0,"""a bed"" — cut from P042. The vape gathers, inside and out. My vision blurs. I move toward the window — and you only get further away."
P042_a-road_0,image,cut/out/thumbs/P042_a-road_0.webp,,01 OUT OF LIFE,a road,archive · cut-outs,P042_a-road_0,"""a road"" — cut from P042. The vape gathers, inside and out. My vision blurs. I move toward the window — and you only get further away."
P043_a-person_0,image,cut/out/thumbs/P043_a-person_0.webp,,"09 YET, HEARD",a person,archive · cut-outs,P043_a-person_0,"""a person"" — cut from P043. Before I go, I call on my mother — in tears, speaking of an abyss she's never known."
P043_a-hand_0,image,cut/out/thumbs/P043_a-hand_0.webp,,"09 YET, HEARD",a hand,archive · cut-outs,P043_a-hand_0,"""a hand"" — cut from P043. Before I go, I call on my mother — in tears, speaking of an abyss she's never known."
P043_a-person-in-mid-air_0,image,cut/out/thumbs/P043_a-person-in-mid-air_0.webp,,"09 YET, HEARD",a person in mid-air,archive · cut-outs,P043_a-person-in-mid-air_0,"""a person in mid-air"" — cut from P043. Before I go, I call on my mother — in tears, speaking of an abyss she's never known."
P043_the-sky_0,image,cut/out/thumbs/P043_the-sky_0.webp,,"09 YET, HEARD",the sky,archive · cut-outs,P043_the-sky_0,"""the sky"" — cut from P043. Before I go, I call on my mother — in tears, speaking of an abyss she's never known."
P044_a-person_0,image,cut/out/thumbs/P044_a-person_0.webp,,"09 YET, HEARD",a person,archive · cut-outs,P044_a-person_0,"""a person"" — cut from P044. Before I go, I call on my mother — in tears, speaking of an abyss she's never known."
P044_a-human-face_0,image,cut/out/thumbs/P044_a-human-face_0.webp,,"09 YET, HEARD",a human face,archive · cut-outs,P044_a-human-face_0,"""a human face"" — cut from P044. Before I go, I call on my mother — in tears, speaking of an abyss she's never known."
P044_a-hand_0,image,cut/out/thumbs/P044_a-hand_0.webp,,"09 YET, HEARD",a hand,archive · cut-outs,P044_a-hand_0,"""a hand"" — cut from P044. Before I go, I call on my mother — in tears, speaking of an abyss she's never known."
P044_a-hand_1,image,cut/out/thumbs/P044_a-hand_1.webp,,"09 YET, HEARD",a hand,archive · cut-outs,P044_a-hand_1,"""a hand"" — cut from P044. Before I go, I call on my mother — in tears, speaking of an abyss she's never known."
P044_a-person-in-mid-air_0,image,cut/out/thumbs/P044_a-person-in-mid-air_0.webp,,"09 YET, HEARD",a person in mid-air,archive · cut-outs,P044_a-person-in-mid-air_0,"""a person in mid-air"" — cut from P044. Before I go, I call on my mother — in tears, speaking of an abyss she's never known."
P045_a-person_0,image,cut/out/thumbs/P045_a-person_0.webp,,"09 YET, HEARD",a person,archive · cut-outs,P045_a-person_0,"""a person"" — cut from P045. Before I go, I call on my mother — in tears, speaking of an abyss she's never known."
P045_a-human-face_0,image,cut/out/thumbs/P045_a-human-face_0.webp,,"09 YET, HEARD",a human face,archive · cut-outs,P045_a-human-face_0,"""a human face"" — cut from P045. Before I go, I call on my mother — in tears, speaking of an abyss she's never known."
P045_a-hand_0,image,cut/out/thumbs/P045_a-hand_0.webp,,"09 YET, HEARD",a hand,archive · cut-outs,P045_a-hand_0,"""a hand"" — cut from P045. Before I go, I call on my mother — in tears, speaking of an abyss she's never known."
P045_a-hand_1,image,cut/out/thumbs/P045_a-hand_1.webp,,"09 YET, HEARD",a hand,archive · cut-outs,P045_a-hand_1,"""a hand"" — cut from P045. Before I go, I call on my mother — in tears, speaking of an abyss she's never known."
P045_a-person-in-mid-air_0,image,cut/out/thumbs/P045_a-person-in-mid-air_0.webp,,"09 YET, HEARD",a person in mid-air,archive · cut-outs,P045_a-person-in-mid-air_0,"""a person in mid-air"" — cut from P045. Before I go, I call on my mother — in tears, speaking of an abyss she's never known."
P046_a-person_0,image,cut/out/thumbs/P046_a-person_0.webp,,"09 YET, HEARD",a person,archive · cut-outs,P046_a-person_0,"""a person"" — cut from P046. Before I go, I call on my mother — in tears, speaking of an abyss she's never known."
P046_a-human-face_0,image,cut/out/thumbs/P046_a-human-face_0.webp,,"09 YET, HEARD",a human face,archive · cut-outs,P046_a-human-face_0,"""a human face"" — cut from P046. Before I go, I call on my mother — in tears, speaking of an abyss she's never known."
P046_a-person-in-mid-air_0,image,cut/out/thumbs/P046_a-person-in-mid-air_0.webp,,"09 YET, HEARD",a person in mid-air,archive · cut-outs,P046_a-person-in-mid-air_0,"""a person in mid-air"" — cut from P046. Before I go, I call on my mother — in tears, speaking of an abyss she's never known."
P046_a-wall_0,image,cut/out/thumbs/P046_a-wall_0.webp,,"09 YET, HEARD",a wall,archive · cut-outs,P046_a-wall_0,"""a wall"" — cut from P046. Before I go, I call on my mother — in tears, speaking of an abyss she's never known."
P046_a-wall_1,image,cut/out/thumbs/P046_a-wall_1.webp,,"09 YET, HEARD",a wall,archive · cut-outs,P046_a-wall_1,"""a wall"" — cut from P046. Before I go, I call on my mother — in tears, speaking of an abyss she's never known."
P046_the-sky_0,image,cut/out/thumbs/P046_the-sky_0.webp,,"09 YET, HEARD",the sky,archive · cut-outs,P046_the-sky_0,"""the sky"" — cut from P046. Before I go, I call on my mother — in tears, speaking of an abyss she's never known."
P046_the-sky_1,image,cut/out/thumbs/P046_the-sky_1.webp,,"09 YET, HEARD",the sky,archive · cut-outs,P046_the-sky_1,"""the sky"" — cut from P046. Before I go, I call on my mother — in tears, speaking of an abyss she's never known."
P047_a-person_0,image,cut/out/thumbs/P047_a-person_0.webp,,01 OUT OF LIFE,a person,archive · cut-outs,P047_a-person_0,"""a person"" — cut from P047. The vape gathers, inside and out. My vision blurs. I move toward the window — and you only get further away."
P047_a-person_1,image,cut/out/thumbs/P047_a-person_1.webp,,01 OUT OF LIFE,a person,archive · cut-outs,P047_a-person_1,"""a person"" — cut from P047. The vape gathers, inside and out. My vision blurs. I move toward the window — and you only get further away."
P047_a-person_2,image,cut/out/thumbs/P047_a-person_2.webp,,01 OUT OF LIFE,a person,archive · cut-outs,P047_a-person_2,"""a person"" — cut from P047. The vape gathers, inside and out. My vision blurs. I move toward the window — and you only get further away."
P047_a-person_4,image,cut/out/thumbs/P047_a-person_4.webp,,01 OUT OF LIFE,a person,archive · cut-outs,P047_a-person_4,"""a person"" — cut from P047. The vape gathers, inside and out. My vision blurs. I move toward the window — and you only get further away."
P047_a-person_5,image,cut/out/thumbs/P047_a-person_5.webp,,01 OUT OF LIFE,a person,archive · cut-outs,P047_a-person_5,"""a person"" — cut from P047. The vape gathers, inside and out. My vision blurs. I move toward the window — and you only get further away."
P047_a-person_6,image,cut/out/thumbs/P047_a-person_6.webp,,01 OUT OF LIFE,a person,archive · cut-outs,P047_a-person_6,"""a person"" — cut from P047. The vape gathers, inside and out. My vision blurs. I move toward the window — and you only get further away."
P047_a-person_7,image,cut/out/thumbs/P047_a-person_7.webp,,01 OUT OF LIFE,a person,archive · cut-outs,P047_a-person_7,"""a person"" — cut from P047. The vape gathers, inside and out. My vision blurs. I move toward the window — and you only get further away."
P047_a-person_8,image,cut/out/thumbs/P047_a-person_8.webp,,01 OUT OF LIFE,a person,archive · cut-outs,P047_a-person_8,"""a person"" — cut from P047. The vape gathers, inside and out. My vision blurs. I move toward the window — and you only get further away."
P047_a-person_9,image,cut/out/thumbs/P047_a-person_9.webp,,01 OUT OF LIFE,a person,archive · cut-outs,P047_a-person_9,"""a person"" — cut from P047. The vape gathers, inside and out. My vision blurs. I move toward the window — and you only get further away."
P047_a-person_10,image,cut/out/thumbs/P047_a-person_10.webp,,01 OUT OF LIFE,a person,archive · cut-outs,P047_a-person_10,"""a person"" — cut from P047. The vape gathers, inside and out. My vision blurs. I move toward the window — and you only get further away."
P047_a-person_11,image,cut/out/thumbs/P047_a-person_11.webp,,01 OUT OF LIFE,a person,archive · cut-outs,P047_a-person_11,"""a person"" — cut from P047. The vape gathers, inside and out. My vision blurs. I move toward the window — and you only get further away."
P047_a-person_12,image,cut/out/thumbs/P047_a-person_12.webp,,01 OUT OF LIFE,a person,archive · cut-outs,P047_a-person_12,"""a person"" — cut from P047. The vape gathers, inside and out. My vision blurs. I move toward the window — and you only get further away."
P047_a-person_15,image,cut/out/thumbs/P047_a-person_15.webp,,01 OUT OF LIFE,a person,archive · cut-outs,P047_a-person_15,"""a person"" — cut from P047. The vape gathers, inside and out. My vision blurs. I move toward the window — and you only get further away."
P047_a-person_16,image,cut/out/thumbs/P047_a-person_16.webp,,01 OUT OF LIFE,a person,archive · cut-outs,P047_a-person_16,"""a person"" — cut from P047. The vape gathers, inside and out. My vision blurs. I move toward the window — and you only get further away."
P047_a-person_17,image,cut/out/thumbs/P047_a-person_17.webp,,01 OUT OF LIFE,a person,archive · cut-outs,P047_a-person_17,"""a person"" — cut from P047. The vape gathers, inside and out. My vision blurs. I move toward the window — and you only get further away."
P047_a-person_18,image,cut/out/thumbs/P047_a-person_18.webp,,01 OUT OF LIFE,a person,archive · cut-outs,P047_a-person_18,"""a person"" — cut from P047. The vape gathers, inside and out. My vision blurs. I move toward the window — and you only get further away."
P047_a-person_19,image,cut/out/thumbs/P047_a-person_19.webp,,01 OUT OF LIFE,a person,archive · cut-outs,P047_a-person_19,"""a person"" — cut from P047. The vape gathers, inside and out. My vision blurs. I move toward the window — and you only get further away."
P047_a-person_22,image,cut/out/thumbs/P047_a-person_22.webp,,01 OUT OF LIFE,a person,archive · cut-outs,P047_a-person_22,"""a person"" — cut from P047. The vape gathers, inside and out. My vision blurs. I move toward the window — and you only get further away."
P047_a-wall_0,image,cut/out/thumbs/P047_a-wall_0.webp,,01 OUT OF LIFE,a wall,archive · cut-outs,P047_a-wall_0,"""a wall"" — cut from P047. The vape gathers, inside and out. My vision blurs. I move toward the window — and you only get further away."
P047_a-wall_1,image,cut/out/thumbs/P047_a-wall_1.webp,,01 OUT OF LIFE,a wall,archive · cut-outs,P047_a-wall_1,"""a wall"" — cut from P047. The vape gathers, inside and out. My vision blurs. I move toward the window — and you only get further away."
P047_a-building_0,image,cut/out/thumbs/P047_a-building_0.webp,,01 OUT OF LIFE,a building,archive · cut-outs,P047_a-building_0,"""a building"" — cut from P047. The vape gathers, inside and out. My vision blurs. I move toward the window — and you only get further away."
P047_a-building_1,image,cut/out/thumbs/P047_a-building_1.webp,,01 OUT OF LIFE,a building,archive · cut-outs,P047_a-building_1,"""a building"" — cut from P047. The vape gathers, inside and out. My vision blurs. I move toward the window — and you only get further away."
P047_a-building_2,image,cut/out/thumbs/P047_a-building_2.webp,,01 OUT OF LIFE,a building,archive · cut-outs,P047_a-building_2,"""a building"" — cut from P047. The vape gathers, inside and out. My vision blurs. I move toward the window — and you only get further away."
P047_a-building_3,image,cut/out/thumbs/P047_a-building_3.webp,,01 OUT OF LIFE,a building,archive · cut-outs,P047_a-building_3,"""a building"" — cut from P047. The vape gathers, inside and out. My vision blurs. I move toward the window — and you only get further away."
P047_a-building_4,image,cut/out/thumbs/P047_a-building_4.webp,,01 OUT OF LIFE,a building,archive · cut-outs,P047_a-building_4,"""a building"" — cut from P047. The vape gathers, inside and out. My vision blurs. I move toward the window — and you only get further away."
P047_a-building_5,image,cut/out/thumbs/P047_a-building_5.webp,,01 OUT OF LIFE,a building,archive · cut-outs,P047_a-building_5,"""a building"" — cut from P047. The vape gathers, inside and out. My vision blurs. I move toward the window — and you only get further away."
P047_a-building_6,image,cut/out/thumbs/P047_a-building_6.webp,,01 OUT OF LIFE,a building,archive · cut-outs,P047_a-building_6,"""a building"" — cut from P047. The vape gathers, inside and out. My vision blurs. I move toward the window — and you only get further away."
P047_a-building_7,image,cut/out/thumbs/P047_a-building_7.webp,,01 OUT OF LIFE,a building,archive · cut-outs,P047_a-building_7,"""a building"" — cut from P047. The vape gathers, inside and out. My vision blurs. I move toward the window — and you only get further away."
P047_a-building_8,image,cut/out/thumbs/P047_a-building_8.webp,,01 OUT OF LIFE,a building,archive · cut-outs,P047_a-building_8,"""a building"" — cut from P047. The vape gathers, inside and out. My vision blurs. I move toward the window — and you only get further away."
P047_the-sky_0,image,cut/out/thumbs/P047_the-sky_0.webp,,01 OUT OF LIFE,the sky,archive · cut-outs,P047_the-sky_0,"""the sky"" — cut from P047. The vape gathers, inside and out. My vision blurs. I move toward the window — and you only get further away."
P048_a-light_1,image,cut/out/thumbs/P048_a-light_1.webp,,04 NEVERMORE,a light,archive · cut-outs,P048_a-light_1,"""a light"" — cut from P048. It used to be mine. I lift it with care: nevermore."
P048_a-light_9,image,cut/out/thumbs/P048_a-light_9.webp,,04 NEVERMORE,a light,archive · cut-outs,P048_a-light_9,"""a light"" — cut from P048. It used to be mine. I lift it with care: nevermore."
P048_a-light_25,image,cut/out/thumbs/P048_a-light_25.webp,,04 NEVERMORE,a light,archive · cut-outs,P048_a-light_25,"""a light"" — cut from P048. It used to be mine. I lift it with care: nevermore."
P048_a-road_0,image,cut/out/thumbs/P048_a-road_0.webp,,04 NEVERMORE,a road,archive · cut-outs,P048_a-road_0,"""a road"" — cut from P048. It used to be mine. I lift it with care: nevermore."
P049_a-light_0,image,cut/out/thumbs/P049_a-light_0.webp,,04 NEVERMORE,a light,archive · cut-outs,P049_a-light_0,"""a light"" — cut from P049. It used to be mine. I lift it with care: nevermore."
P049_a-light_1,image,cut/out/thumbs/P049_a-light_1.webp,,04 NEVERMORE,a light,archive · cut-outs,P049_a-light_1,"""a light"" — cut from P049. It used to be mine. I lift it with care: nevermore."
P049_the-sky_0,image,cut/out/thumbs/P049_the-sky_0.webp,,04 NEVERMORE,the sky,archive · cut-outs,P049_the-sky_0,"""the sky"" — cut from P049. It used to be mine. I lift it with care: nevermore."
P049_water_0,image,cut/out/thumbs/P049_water_0.webp,,04 NEVERMORE,water,archive · cut-outs,P049_water_0,"""water"" — cut from P049. It used to be mine. I lift it with care: nevermore."
P050_the-sky_0,image,cut/out/thumbs/P050_the-sky_0.webp,,04 NEVERMORE,the sky,archive · cut-outs,P050_the-sky_0,"""the sky"" — cut from P050. It used to be mine. I lift it with care: nevermore."
P050_water_0,image,cut/out/thumbs/P050_water_0.webp,,04 NEVERMORE,water,archive · cut-outs,P050_water_0,"""water"" — cut from P050. It used to be mine. I lift it with care: nevermore."
P051_the-sky_0,image,cut/out/thumbs/P051_the-sky_0.webp,,01 OUT OF LIFE,the sky,archive · cut-outs,P051_the-sky_0,"""the sky"" — cut from P051. The vape gathers, inside and out. My vision blurs. I move toward the window — and you only get further away."
P051_water_0,image,cut/out/thumbs/P051_water_0.webp,,01 OUT OF LIFE,water,archive · cut-outs,P051_water_0,"""water"" — cut from P051. The vape gathers, inside and out. My vision blurs. I move toward the window — and you only get further away."
P052_the-sky_0,image,cut/out/thumbs/P052_the-sky_0.webp,,01 OUT OF LIFE,the sky,archive · cut-outs,P052_the-sky_0,"""the sky"" — cut from P052. The vape gathers, inside and out. My vision blurs. I move toward the window — and you only get further away."
P052_water_0,image,cut/out/thumbs/P052_water_0.webp,,01 OUT OF LIFE,water,archive · cut-outs,P052_water_0,"""water"" — cut from P052. The vape gathers, inside and out. My vision blurs. I move toward the window — and you only get further away."
P053_the-sky_0,image,cut/out/thumbs/P053_the-sky_0.webp,,04 NEVERMORE,the sky,archive · cut-outs,P053_the-sky_0,"""the sky"" — cut from P053. It used to be mine. I lift it with care: nevermore."
P053_water_0,image,cut/out/thumbs/P053_water_0.webp,,04 NEVERMORE,water,archive · cut-outs,P053_water_0,"""water"" — cut from P053. It used to be mine. I lift it with care: nevermore."
P054_a-person_0,image,cut/out/thumbs/P054_a-person_0.webp,,01 OUT OF LIFE,a person,archive · cut-outs,P054_a-person_0,"""a person"" — cut from P054. The vape gathers, inside and out. My vision blurs. I move toward the window — and you only get further away."
P054_a-person_1,image,cut/out/thumbs/P054_a-person_1.webp,,01 OUT OF LIFE,a person,archive · cut-outs,P054_a-person_1,"""a person"" — cut from P054. The vape gathers, inside and out. My vision blurs. I move toward the window — and you only get further away."
P054_a-human-face_1,image,cut/out/thumbs/P054_a-human-face_1.webp,,01 OUT OF LIFE,a human face,archive · cut-outs,P054_a-human-face_1,"""a human face"" — cut from P054. The vape gathers, inside and out. My vision blurs. I move toward the window — and you only get further away."
P054_a-window_0,image,cut/out/thumbs/P054_a-window_0.webp,,01 OUT OF LIFE,a window,archive · cut-outs,P054_a-window_0,"""a window"" — cut from P054. The vape gathers, inside and out. My vision blurs. I move toward the window — and you only get further away."
P054_a-window_1,image,cut/out/thumbs/P054_a-window_1.webp,,01 OUT OF LIFE,a window,archive · cut-outs,P054_a-window_1,"""a window"" — cut from P054. The vape gathers, inside and out. My vision blurs. I move toward the window — and you only get further away."
P054_a-window_2,image,cut/out/thumbs/P054_a-window_2.webp,,01 OUT OF LIFE,a window,archive · cut-outs,P054_a-window_2,"""a window"" — cut from P054. The vape gathers, inside and out. My vision blurs. I move toward the window — and you only get further away."
P054_a-window_3,image,cut/out/thumbs/P054_a-window_3.webp,,01 OUT OF LIFE,a window,archive · cut-outs,P054_a-window_3,"""a window"" — cut from P054. The vape gathers, inside and out. My vision blurs. I move toward the window — and you only get further away."
P054_a-light_5,image,cut/out/thumbs/P054_a-light_5.webp,,01 OUT OF LIFE,a light,archive · cut-outs,P054_a-light_5,"""a light"" — cut from P054. The vape gathers, inside and out. My vision blurs. I move toward the window — and you only get further away."
P054_a-lamp_0,image,cut/out/thumbs/P054_a-lamp_0.webp,,01 OUT OF LIFE,a lamp,archive · cut-outs,P054_a-lamp_0,"""a lamp"" — cut from P054. The vape gathers, inside and out. My vision blurs. I move toward the window — and you only get further away."
P054_a-wall_0,image,cut/out/thumbs/P054_a-wall_0.webp,,01 OUT OF LIFE,a wall,archive · cut-outs,P054_a-wall_0,"""a wall"" — cut from P054. The vape gathers, inside and out. My vision blurs. I move toward the window — and you only get further away."
P054_a-wall_1,image,cut/out/thumbs/P054_a-wall_1.webp,,01 OUT OF LIFE,a wall,archive · cut-outs,P054_a-wall_1,"""a wall"" — cut from P054. The vape gathers, inside and out. My vision blurs. I move toward the window — and you only get further away."
P054_a-wall_2,image,cut/out/thumbs/P054_a-wall_2.webp,,01 OUT OF LIFE,a wall,archive · cut-outs,P054_a-wall_2,"""a wall"" — cut from P054. The vape gathers, inside and out. My vision blurs. I move toward the window — and you only get further away."
P054_a-bed_0,image,cut/out/thumbs/P054_a-bed_0.webp,,01 OUT OF LIFE,a bed,archive · cut-outs,P054_a-bed_0,"""a bed"" — cut from P054. The vape gathers, inside and out. My vision blurs. I move toward the window — and you only get further away."
P054_a-road_0,image,cut/out/thumbs/P054_a-road_0.webp,,01 OUT OF LIFE,a road,archive · cut-outs,P054_a-road_0,"""a road"" — cut from P054. The vape gathers, inside and out. My vision blurs. I move toward the window — and you only get further away."
P055_a-person_0,image,cut/out/thumbs/P055_a-person_0.webp,,01 OUT OF LIFE,a person,archive · cut-outs,P055_a-person_0,"""a person"" — cut from P055. More haze. What isn't mine, I still can not give."
P055_a-person-in-mid-air_0,image,cut/out/thumbs/P055_a-person-in-mid-air_0.webp,,01 OUT OF LIFE,a person in mid-air,archive · cut-outs,P055_a-person-in-mid-air_0,"""a person in mid-air"" — cut from P055. More haze. What isn't mine, I still can not give."
P055_a-road_0,image,cut/out/thumbs/P055_a-road_0.webp,,01 OUT OF LIFE,a road,archive · cut-outs,P055_a-road_0,"""a road"" — cut from P055. More haze. What isn't mine, I still can not give."
P055_a-building_0,image,cut/out/thumbs/P055_a-building_0.webp,,01 OUT OF LIFE,a building,archive · cut-outs,P055_a-building_0,"""a building"" — cut from P055. More haze. What isn't mine, I still can not give."
P055_the-sky_0,image,cut/out/thumbs/P055_the-sky_0.webp,,01 OUT OF LIFE,the sky,archive · cut-outs,P055_the-sky_0,"""the sky"" — cut from P055. More haze. What isn't mine, I still can not give."
P055_water_0,image,cut/out/thumbs/P055_water_0.webp,,01 OUT OF LIFE,water,archive · cut-outs,P055_water_0,"""water"" — cut from P055. More haze. What isn't mine, I still can not give."
P056_a-person_1,image,cut/out/thumbs/P056_a-person_1.webp,,01 OUT OF LIFE,a person,archive · cut-outs,P056_a-person_1,"""a person"" — cut from P056. The vape gathers, inside and out. My vision blurs. I move toward the window — and you only get further away."
P056_a-person_2,image,cut/out/thumbs/P056_a-person_2.webp,,01 OUT OF LIFE,a person,archive · cut-outs,P056_a-person_2,"""a person"" — cut from P056. The vape gathers, inside and out. My vision blurs. I move toward the window — and you only get further away."
P056_a-person_4,image,cut/out/thumbs/P056_a-person_4.webp,,01 OUT OF LIFE,a person,archive · cut-outs,P056_a-person_4,"""a person"" — cut from P056. The vape gathers, inside and out. My vision blurs. I move toward the window — and you only get further away."
P056_a-person_5,image,cut/out/thumbs/P056_a-person_5.webp,,01 OUT OF LIFE,a person,archive · cut-outs,P056_a-person_5,"""a person"" — cut from P056. The vape gathers, inside and out. My vision blurs. I move toward the window — and you only get further away."
P056_a-person_6,image,cut/out/thumbs/P056_a-person_6.webp,,01 OUT OF LIFE,a person,archive · cut-outs,P056_a-person_6,"""a person"" — cut from P056. The vape gathers, inside and out. My vision blurs. I move toward the window — and you only get further away."
P056_a-person_8,image,cut/out/thumbs/P056_a-person_8.webp,,01 OUT OF LIFE,a person,archive · cut-outs,P056_a-person_8,"""a person"" — cut from P056. The vape gathers, inside and out. My vision blurs. I move toward the window — and you only get further away."
P056_a-person_9,image,cut/out/thumbs/P056_a-person_9.webp,,01 OUT OF LIFE,a person,archive · cut-outs,P056_a-person_9,"""a person"" — cut from P056. The vape gathers, inside and out. My vision blurs. I move toward the window — and you only get further away."
P056_a-person_11,image,cut/out/thumbs/P056_a-person_11.webp,,01 OUT OF LIFE,a person,archive · cut-outs,P056_a-person_11,"""a person"" — cut from P056. The vape gathers, inside and out. My vision blurs. I move toward the window — and you only get further away."
P056_a-person_12,image,cut/out/thumbs/P056_a-person_12.webp,,01 OUT OF LIFE,a person,archive · cut-outs,P056_a-person_12,"""a person"" — cut from P056. The vape gathers, inside and out. My vision blurs. I move toward the window — and you only get further away."
P056_a-person_14,image,cut/out/thumbs/P056_a-person_14.webp,,01 OUT OF LIFE,a person,archive · cut-outs,P056_a-person_14,"""a person"" — cut from P056. The vape gathers, inside and out. My vision blurs. I move toward the window — and you only get further away."
P056_a-person_16,image,cut/out/thumbs/P056_a-person_16.webp,,01 OUT OF LIFE,a person,archive · cut-outs,P056_a-person_16,"""a person"" — cut from P056. The vape gathers, inside and out. My vision blurs. I move toward the window — and you only get further away."
P056_a-person_17,image,cut/out/thumbs/P056_a-person_17.webp,,01 OUT OF LIFE,a person,archive · cut-outs,P056_a-person_17,"""a person"" — cut from P056. The vape gathers, inside and out. My vision blurs. I move toward the window — and you only get further away."
P056_a-person_19,image,cut/out/thumbs/P056_a-person_19.webp,,01 OUT OF LIFE,a person,archive · cut-outs,P056_a-person_19,"""a person"" — cut from P056. The vape gathers, inside and out. My vision blurs. I move toward the window — and you only get further away."
P056_a-person_21,image,cut/out/thumbs/P056_a-person_21.webp,,01 OUT OF LIFE,a person,archive · cut-outs,P056_a-person_21,"""a person"" — cut from P056. The vape gathers, inside and out. My vision blurs. I move toward the window — and you only get further away."
P056_a-person_22,image,cut/out/thumbs/P056_a-person_22.webp,,01 OUT OF LIFE,a person,archive · cut-outs,P056_a-person_22,"""a person"" — cut from P056. The vape gathers, inside and out. My vision blurs. I move toward the window — and you only get further away."
P056_a-person_23,image,cut/out/thumbs/P056_a-person_23.webp,,01 OUT OF LIFE,a person,archive · cut-outs,P056_a-person_23,"""a person"" — cut from P056. The vape gathers, inside and out. My vision blurs. I move toward the window — and you only get further away."
P056_a-person_24,image,cut/out/thumbs/P056_a-person_24.webp,,01 OUT OF LIFE,a person,archive · cut-outs,P056_a-person_24,"""a person"" — cut from P056. The vape gathers, inside and out. My vision blurs. I move toward the window — and you only get further away."
P056_a-person_25,image,cut/out/thumbs/P056_a-person_25.webp,,01 OUT OF LIFE,a person,archive · cut-outs,P056_a-person_25,"""a person"" — cut from P056. The vape gathers, inside and out. My vision blurs. I move toward the window — and you only get further away."
P056_a-person_27,image,cut/out/thumbs/P056_a-person_27.webp,,01 OUT OF LIFE,a person,archive · cut-outs,P056_a-person_27,"""a person"" — cut from P056. The vape gathers, inside and out. My vision blurs. I move toward the window — and you only get further away."
P056_a-window_0,image,cut/out/thumbs/P056_a-window_0.webp,,01 OUT OF LIFE,a window,archive · cut-outs,P056_a-window_0,"""a window"" — cut from P056. The vape gathers, inside and out. My vision blurs. I move toward the window — and you only get further away."
P056_a-window_4,image,cut/out/thumbs/P056_a-window_4.webp,,01 OUT OF LIFE,a window,archive · cut-outs,P056_a-window_4,"""a window"" — cut from P056. The vape gathers, inside and out. My vision blurs. I move toward the window — and you only get further away."
P056_a-window_5,image,cut/out/thumbs/P056_a-window_5.webp,,01 OUT OF LIFE,a window,archive · cut-outs,P056_a-window_5,"""a window"" — cut from P056. The vape gathers, inside and out. My vision blurs. I move toward the window — and you only get further away."
P056_a-window_6,image,cut/out/thumbs/P056_a-window_6.webp,,01 OUT OF LIFE,a window,archive · cut-outs,P056_a-window_6,"""a window"" — cut from P056. The vape gathers, inside and out. My vision blurs. I move toward the window — and you only get further away."
P056_a-window_12,image,cut/out/thumbs/P056_a-window_12.webp,,01 OUT OF LIFE,a window,archive · cut-outs,P056_a-window_12,"""a window"" — cut from P056. The vape gathers, inside and out. My vision blurs. I move toward the window — and you only get further away."
P056_a-window_13,image,cut/out/thumbs/P056_a-window_13.webp,,01 OUT OF LIFE,a window,archive · cut-outs,P056_a-window_13,"""a window"" — cut from P056. The vape gathers, inside and out. My vision blurs. I move toward the window — and you only get further away."
P056_a-window_15,image,cut/out/thumbs/P056_a-window_15.webp,,01 OUT OF LIFE,a window,archive · cut-outs,P056_a-window_15,"""a window"" — cut from P056. The vape gathers, inside and out. My vision blurs. I move toward the window — and you only get further away."
P056_a-window_22,image,cut/out/thumbs/P056_a-window_22.webp,,01 OUT OF LIFE,a window,archive · cut-outs,P056_a-window_22,"""a window"" — cut from P056. The vape gathers, inside and out. My vision blurs. I move toward the window — and you only get further away."
P056_a-window_23,image,cut/out/thumbs/P056_a-window_23.webp,,01 OUT OF LIFE,a window,archive · cut-outs,P056_a-window_23,"""a window"" — cut from P056. The vape gathers, inside and out. My vision blurs. I move toward the window — and you only get further away."
P056_a-window_26,image,cut/out/thumbs/P056_a-window_26.webp,,01 OUT OF LIFE,a window,archive · cut-outs,P056_a-window_26,"""a window"" — cut from P056. The vape gathers, inside and out. My vision blurs. I move toward the window — and you only get further away."
P056_a-window_33,image,cut/out/thumbs/P056_a-window_33.webp,,01 OUT OF LIFE,a window,archive · cut-outs,P056_a-window_33,"""a window"" — cut from P056. The vape gathers, inside and out. My vision blurs. I move toward the window — and you only get further away."
P056_a-window_35,image,cut/out/thumbs/P056_a-window_35.webp,,01 OUT OF LIFE,a window,archive · cut-outs,P056_a-window_35,"""a window"" — cut from P056. The vape gathers, inside and out. My vision blurs. I move toward the window — and you only get further away."
P056_a-window_38,image,cut/out/thumbs/P056_a-window_38.webp,,01 OUT OF LIFE,a window,archive · cut-outs,P056_a-window_38,"""a window"" — cut from P056. The vape gathers, inside and out. My vision blurs. I move toward the window — and you only get further away."
P056_a-wall_0,image,cut/out/thumbs/P056_a-wall_0.webp,,01 OUT OF LIFE,a wall,archive · cut-outs,P056_a-wall_0,"""a wall"" — cut from P056. The vape gathers, inside and out. My vision blurs. I move toward the window — and you only get further away."
P056_a-wall_1,image,cut/out/thumbs/P056_a-wall_1.webp,,01 OUT OF LIFE,a wall,archive · cut-outs,P056_a-wall_1,"""a wall"" — cut from P056. The vape gathers, inside and out. My vision blurs. I move toward the window — and you only get further away."
P056_a-wall_2,image,cut/out/thumbs/P056_a-wall_2.webp,,01 OUT OF LIFE,a wall,archive · cut-outs,P056_a-wall_2,"""a wall"" — cut from P056. The vape gathers, inside and out. My vision blurs. I move toward the window — and you only get further away."
P056_a-wall_3,image,cut/out/thumbs/P056_a-wall_3.webp,,01 OUT OF LIFE,a wall,archive · cut-outs,P056_a-wall_3,"""a wall"" — cut from P056. The vape gathers, inside and out. My vision blurs. I move toward the window — and you only get further away."
P056_a-wall_4,image,cut/out/thumbs/P056_a-wall_4.webp,,01 OUT OF LIFE,a wall,archive · cut-outs,P056_a-wall_4,"""a wall"" — cut from P056. The vape gathers, inside and out. My vision blurs. I move toward the window — and you only get further away."
P056_a-road_0,image,cut/out/thumbs/P056_a-road_0.webp,,01 OUT OF LIFE,a road,archive · cut-outs,P056_a-road_0,"""a road"" — cut from P056. The vape gathers, inside and out. My vision blurs. I move toward the window — and you only get further away."
P056_a-road_1,image,cut/out/thumbs/P056_a-road_1.webp,,01 OUT OF LIFE,a road,archive · cut-outs,P056_a-road_1,"""a road"" — cut from P056. The vape gathers, inside and out. My vision blurs. I move toward the window — and you only get further away."
P056_a-road_2,image,cut/out/thumbs/P056_a-road_2.webp,,01 OUT OF LIFE,a road,archive · cut-outs,P056_a-road_2,"""a road"" — cut from P056. The vape gathers, inside and out. My vision blurs. I move toward the window — and you only get further away."
P056_a-building_0,image,cut/out/thumbs/P056_a-building_0.webp,,01 OUT OF LIFE,a building,archive · cut-outs,P056_a-building_0,"""a building"" — cut from P056. The vape gathers, inside and out. My vision blurs. I move toward the window — and you only get further away."
P056_a-building_1,image,cut/out/thumbs/P056_a-building_1.webp,,01 OUT OF LIFE,a building,archive · cut-outs,P056_a-building_1,"""a building"" — cut from P056. The vape gathers, inside and out. My vision blurs. I move toward the window — and you only get further away."
P056_a-building_2,image,cut/out/thumbs/P056_a-building_2.webp,,01 OUT OF LIFE,a building,archive · cut-outs,P056_a-building_2,"""a building"" — cut from P056. The vape gathers, inside and out. My vision blurs. I move toward the window — and you only get further away."
P056_a-building_3,image,cut/out/thumbs/P056_a-building_3.webp,,01 OUT OF LIFE,a building,archive · cut-outs,P056_a-building_3,"""a building"" — cut from P056. The vape gathers, inside and out. My vision blurs. I move toward the window — and you only get further away."
P056_a-building_4,image,cut/out/thumbs/P056_a-building_4.webp,,01 OUT OF LIFE,a building,archive · cut-outs,P056_a-building_4,"""a building"" — cut from P056. The vape gathers, inside and out. My vision blurs. I move toward the window — and you only get further away."
P056_a-building_5,image,cut/out/thumbs/P056_a-building_5.webp,,01 OUT OF LIFE,a building,archive · cut-outs,P056_a-building_5,"""a building"" — cut from P056. The vape gathers, inside and out. My vision blurs. I move toward the window — and you only get further away."
P056_a-building_6,image,cut/out/thumbs/P056_a-building_6.webp,,01 OUT OF LIFE,a building,archive · cut-outs,P056_a-building_6,"""a building"" — cut from P056. The vape gathers, inside and out. My vision blurs. I move toward the window — and you only get further away."
P056_a-building_7,image,cut/out/thumbs/P056_a-building_7.webp,,01 OUT OF LIFE,a building,archive · cut-outs,P056_a-building_7,"""a building"" — cut from P056. The vape gathers, inside and out. My vision blurs. I move toward the window — and you only get further away."
P056_a-building_8,image,cut/out/thumbs/P056_a-building_8.webp,,01 OUT OF LIFE,a building,archive · cut-outs,P056_a-building_8,"""a building"" — cut from P056. The vape gathers, inside and out. My vision blurs. I move toward the window — and you only get further away."
P056_a-building_9,image,cut/out/thumbs/P056_a-building_9.webp,,01 OUT OF LIFE,a building,archive · cut-outs,P056_a-building_9,"""a building"" — cut from P056. The vape gathers, inside and out. My vision blurs. I move toward the window — and you only get further away."
P056_a-building_10,image,cut/out/thumbs/P056_a-building_10.webp,,01 OUT OF LIFE,a building,archive · cut-outs,P056_a-building_10,"""a building"" — cut from P056. The vape gathers, inside and out. My vision blurs. I move toward the window — and you only get further away."
P056_a-building_11,image,cut/out/thumbs/P056_a-building_11.webp,,01 OUT OF LIFE,a building,archive · cut-outs,P056_a-building_11,"""a building"" — cut from P056. The vape gathers, inside and out. My vision blurs. I move toward the window — and you only get further away."
P056_a-building_12,image,cut/out/thumbs/P056_a-building_12.webp,,01 OUT OF LIFE,a building,archive · cut-outs,P056_a-building_12,"""a building"" — cut from P056. The vape gathers, inside and out. My vision blurs. I move toward the window — and you only get further away."
P056_a-building_13,image,cut/out/thumbs/P056_a-building_13.webp,,01 OUT OF LIFE,a building,archive · cut-outs,P056_a-building_13,"""a building"" — cut from P056. The vape gathers, inside and out. My vision blurs. I move toward the window — and you only get further away."
P056_a-building_14,image,cut/out/thumbs/P056_a-building_14.webp,,01 OUT OF LIFE,a building,archive · cut-outs,P056_a-building_14,"""a building"" — cut from P056. The vape gathers, inside and out. My vision blurs. I move toward the window — and you only get further away."
P056_the-sky_0,image,cut/out/thumbs/P056_the-sky_0.webp,,01 OUT OF LIFE,the sky,archive · cut-outs,P056_the-sky_0,"""the sky"" — cut from P056. The vape gathers, inside and out. My vision blurs. I move toward the window — and you only get further away."
P056_the-sky_1,image,cut/out/thumbs/P056_the-sky_1.webp,,01 OUT OF LIFE,the sky,archive · cut-outs,P056_the-sky_1,"""the sky"" — cut from P056. The vape gathers, inside and out. My vision blurs. I move toward the window — and you only get further away."
P056_the-sky_2,image,cut/out/thumbs/P056_the-sky_2.webp,,01 OUT OF LIFE,the sky,archive · cut-outs,P056_the-sky_2,"""the sky"" — cut from P056. The vape gathers, inside and out. My vision blurs. I move toward the window — and you only get further away."
P057_a-person_0,image,cut/out/thumbs/P057_a-person_0.webp,,01 OUT OF LIFE,a person,archive · cut-outs,P057_a-person_0,"""a person"" — cut from P057. The vape gathers, inside and out. My vision blurs. I move toward the window — and you only get further away."
P057_a-human-face_0,image,cut/out/thumbs/P057_a-human-face_0.webp,,01 OUT OF LIFE,a human face,archive · cut-outs,P057_a-human-face_0,"""a human face"" — cut from P057. The vape gathers, inside and out. My vision blurs. I move toward the window — and you only get further away."
P057_a-human-face_1,image,cut/out/thumbs/P057_a-human-face_1.webp,,01 OUT OF LIFE,a human face,archive · cut-outs,P057_a-human-face_1,"""a human face"" — cut from P057. The vape gathers, inside and out. My vision blurs. I move toward the window — and you only get further away."
P057_a-hand_0,image,cut/out/thumbs/P057_a-hand_0.webp,,01 OUT OF LIFE,a hand,archive · cut-outs,P057_a-hand_0,"""a hand"" — cut from P057. The vape gathers, inside and out. My vision blurs. I move toward the window — and you only get further away."
P057_a-hand_1,image,cut/out/thumbs/P057_a-hand_1.webp,,01 OUT OF LIFE,a hand,archive · cut-outs,P057_a-hand_1,"""a hand"" — cut from P057. The vape gathers, inside and out. My vision blurs. I move toward the window — and you only get further away."
P057_a-person-in-mid-air_0,image,cut/out/thumbs/P057_a-person-in-mid-air_0.webp,,01 OUT OF LIFE,a person in mid-air,archive · cut-outs,P057_a-person-in-mid-air_0,"""a person in mid-air"" — cut from P057. The vape gathers, inside and out. My vision blurs. I move toward the window — and you only get further away."
P059_a-person_0,image,cut/out/thumbs/P059_a-person_0.webp,,14 HOT MINUTE,a person,archive · cut-outs,P059_a-person_0,"""a person"" — cut from P059. All black again. But no walls this time. A life flashes the way a reel does: the window, the tambourine, the field, the stars, the ride, the temple."
P059_a-human-face_0,image,cut/out/thumbs/P059_a-human-face_0.webp,,14 HOT MINUTE,a human face,archive · cut-outs,P059_a-human-face_0,"""a human face"" — cut from P059. All black again. But no walls this time. A life flashes the way a reel does: the window, the tambourine, the field, the stars, the ride, the temple."
P059_a-person-in-mid-air_0,image,cut/out/thumbs/P059_a-person-in-mid-air_0.webp,,14 HOT MINUTE,a person in mid-air,archive · cut-outs,P059_a-person-in-mid-air_0,"""a person in mid-air"" — cut from P059. All black again. But no walls this time. A life flashes the way a reel does: the window, the tambourine, the field, the stars, the ride, the temple."
P059_a-light_0,image,cut/out/thumbs/P059_a-light_0.webp,,14 HOT MINUTE,a light,archive · cut-outs,P059_a-light_0,"""a light"" — cut from P059. All black again. But no walls this time. A life flashes the way a reel does: the window, the tambourine, the field, the stars, the ride, the temple."
P059_a-light_1,image,cut/out/thumbs/P059_a-light_1.webp,,14 HOT MINUTE,a light,archive · cut-outs,P059_a-light_1,"""a light"" — cut from P059. All black again. But no walls this time. A life flashes the way a reel does: the window, the tambourine, the field, the stars, the ride, the temple."
P059_a-light_2,image,cut/out/thumbs/P059_a-light_2.webp,,14 HOT MINUTE,a light,archive · cut-outs,P059_a-light_2,"""a light"" — cut from P059. All black again. But no walls this time. A life flashes the way a reel does: the window, the tambourine, the field, the stars, the ride, the temple."
P059_a-light_3,image,cut/out/thumbs/P059_a-light_3.webp,,14 HOT MINUTE,a light,archive · cut-outs,P059_a-light_3,"""a light"" — cut from P059. All black again. But no walls this time. A life flashes the way a reel does: the window, the tambourine, the field, the stars, the ride, the temple."
P059_a-light_4,image,cut/out/thumbs/P059_a-light_4.webp,,14 HOT MINUTE,a light,archive · cut-outs,P059_a-light_4,"""a light"" — cut from P059. All black again. But no walls this time. A life flashes the way a reel does: the window, the tambourine, the field, the stars, the ride, the temple."
P059_a-light_5,image,cut/out/thumbs/P059_a-light_5.webp,,14 HOT MINUTE,a light,archive · cut-outs,P059_a-light_5,"""a light"" — cut from P059. All black again. But no walls this time. A life flashes the way a reel does: the window, the tambourine, the field, the stars, the ride, the temple."
P059_a-light_6,image,cut/out/thumbs/P059_a-light_6.webp,,14 HOT MINUTE,a light,archive · cut-outs,P059_a-light_6,"""a light"" — cut from P059. All black again. But no walls this time. A life flashes the way a reel does: the window, the tambourine, the field, the stars, the ride, the temple."
P059_a-light_7,image,cut/out/thumbs/P059_a-light_7.webp,,14 HOT MINUTE,a light,archive · cut-outs,P059_a-light_7,"""a light"" — cut from P059. All black again. But no walls this time. A life flashes the way a reel does: the window, the tambourine, the field, the stars, the ride, the temple."
P059_a-light_8,image,cut/out/thumbs/P059_a-light_8.webp,,14 HOT MINUTE,a light,archive · cut-outs,P059_a-light_8,"""a light"" — cut from P059. All black again. But no walls this time. A life flashes the way a reel does: the window, the tambourine, the field, the stars, the ride, the temple."
P059_a-light_9,image,cut/out/thumbs/P059_a-light_9.webp,,14 HOT MINUTE,a light,archive · cut-outs,P059_a-light_9,"""a light"" — cut from P059. All black again. But no walls this time. A life flashes the way a reel does: the window, the tambourine, the field, the stars, the ride, the temple."
P059_a-light_10,image,cut/out/thumbs/P059_a-light_10.webp,,14 HOT MINUTE,a light,archive · cut-outs,P059_a-light_10,"""a light"" — cut from P059. All black again. But no walls this time. A life flashes the way a reel does: the window, the tambourine, the field, the stars, the ride, the temple."
P059_a-light_11,image,cut/out/thumbs/P059_a-light_11.webp,,14 HOT MINUTE,a light,archive · cut-outs,P059_a-light_11,"""a light"" — cut from P059. All black again. But no walls this time. A life flashes the way a reel does: the window, the tambourine, the field, the stars, the ride, the temple."
P059_a-light_12,image,cut/out/thumbs/P059_a-light_12.webp,,14 HOT MINUTE,a light,archive · cut-outs,P059_a-light_12,"""a light"" — cut from P059. All black again. But no walls this time. A life flashes the way a reel does: the window, the tambourine, the field, the stars, the ride, the temple."
P059_a-light_13,image,cut/out/thumbs/P059_a-light_13.webp,,14 HOT MINUTE,a light,archive · cut-outs,P059_a-light_13,"""a light"" — cut from P059. All black again. But no walls this time. A life flashes the way a reel does: the window, the tambourine, the field, the stars, the ride, the temple."
P059_a-light_14,image,cut/out/thumbs/P059_a-light_14.webp,,14 HOT MINUTE,a light,archive · cut-outs,P059_a-light_14,"""a light"" — cut from P059. All black again. But no walls this time. A life flashes the way a reel does: the window, the tambourine, the field, the stars, the ride, the temple."
P059_a-light_15,image,cut/out/thumbs/P059_a-light_15.webp,,14 HOT MINUTE,a light,archive · cut-outs,P059_a-light_15,"""a light"" — cut from P059. All black again. But no walls this time. A life flashes the way a reel does: the window, the tambourine, the field, the stars, the ride, the temple."
P059_a-light_16,image,cut/out/thumbs/P059_a-light_16.webp,,14 HOT MINUTE,a light,archive · cut-outs,P059_a-light_16,"""a light"" — cut from P059. All black again. But no walls this time. A life flashes the way a reel does: the window, the tambourine, the field, the stars, the ride, the temple."
P059_a-light_17,image,cut/out/thumbs/P059_a-light_17.webp,,14 HOT MINUTE,a light,archive · cut-outs,P059_a-light_17,"""a light"" — cut from P059. All black again. But no walls this time. A life flashes the way a reel does: the window, the tambourine, the field, the stars, the ride, the temple."
P059_a-light_18,image,cut/out/thumbs/P059_a-light_18.webp,,14 HOT MINUTE,a light,archive · cut-outs,P059_a-light_18,"""a light"" — cut from P059. All black again. But no walls this time. A life flashes the way a reel does: the window, the tambourine, the field, the stars, the ride, the temple."
P059_a-light_19,image,cut/out/thumbs/P059_a-light_19.webp,,14 HOT MINUTE,a light,archive · cut-outs,P059_a-light_19,"""a light"" — cut from P059. All black again. But no walls this time. A life flashes the way a reel does: the window, the tambourine, the field, the stars, the ride, the temple."
P059_a-light_20,image,cut/out/thumbs/P059_a-light_20.webp,,14 HOT MINUTE,a light,archive · cut-outs,P059_a-light_20,"""a light"" — cut from P059. All black again. But no walls this time. A life flashes the way a reel does: the window, the tambourine, the field, the stars, the ride, the temple."
P059_a-light_21,image,cut/out/thumbs/P059_a-light_21.webp,,14 HOT MINUTE,a light,archive · cut-outs,P059_a-light_21,"""a light"" — cut from P059. All black again. But no walls this time. A life flashes the way a reel does: the window, the tambourine, the field, the stars, the ride, the temple."
P059_a-light_22,image,cut/out/thumbs/P059_a-light_22.webp,,14 HOT MINUTE,a light,archive · cut-outs,P059_a-light_22,"""a light"" — cut from P059. All black again. But no walls this time. A life flashes the way a reel does: the window, the tambourine, the field, the stars, the ride, the temple."
P059_a-light_23,image,cut/out/thumbs/P059_a-light_23.webp,,14 HOT MINUTE,a light,archive · cut-outs,P059_a-light_23,"""a light"" — cut from P059. All black again. But no walls this time. A life flashes the way a reel does: the window, the tambourine, the field, the stars, the ride, the temple."
P059_a-light_24,image,cut/out/thumbs/P059_a-light_24.webp,,14 HOT MINUTE,a light,archive · cut-outs,P059_a-light_24,"""a light"" — cut from P059. All black again. But no walls this time. A life flashes the way a reel does: the window, the tambourine, the field, the stars, the ride, the temple."
P059_a-light_25,image,cut/out/thumbs/P059_a-light_25.webp,,14 HOT MINUTE,a light,archive · cut-outs,P059_a-light_25,"""a light"" — cut from P059. All black again. But no walls this time. A life flashes the way a reel does: the window, the tambourine, the field, the stars, the ride, the temple."
P059_a-light_26,image,cut/out/thumbs/P059_a-light_26.webp,,14 HOT MINUTE,a light,archive · cut-outs,P059_a-light_26,"""a light"" — cut from P059. All black again. But no walls this time. A life flashes the way a reel does: the window, the tambourine, the field, the stars, the ride, the temple."
P059_a-light_27,image,cut/out/thumbs/P059_a-light_27.webp,,14 HOT MINUTE,a light,archive · cut-outs,P059_a-light_27,"""a light"" — cut from P059. All black again. But no walls this time. A life flashes the way a reel does: the window, the tambourine, the field, the stars, the ride, the temple."
P059_a-light_28,image,cut/out/thumbs/P059_a-light_28.webp,,14 HOT MINUTE,a light,archive · cut-outs,P059_a-light_28,"""a light"" — cut from P059. All black again. But no walls this time. A life flashes the way a reel does: the window, the tambourine, the field, the stars, the ride, the temple."
P059_a-light_29,image,cut/out/thumbs/P059_a-light_29.webp,,14 HOT MINUTE,a light,archive · cut-outs,P059_a-light_29,"""a light"" — cut from P059. All black again. But no walls this time. A life flashes the way a reel does: the window, the tambourine, the field, the stars, the ride, the temple."
P059_a-light_30,image,cut/out/thumbs/P059_a-light_30.webp,,14 HOT MINUTE,a light,archive · cut-outs,P059_a-light_30,"""a light"" — cut from P059. All black again. But no walls this time. A life flashes the way a reel does: the window, the tambourine, the field, the stars, the ride, the temple."
P059_a-light_31,image,cut/out/thumbs/P059_a-light_31.webp,,14 HOT MINUTE,a light,archive · cut-outs,P059_a-light_31,"""a light"" — cut from P059. All black again. But no walls this time. A life flashes the way a reel does: the window, the tambourine, the field, the stars, the ride, the temple."
P059_a-light_32,image,cut/out/thumbs/P059_a-light_32.webp,,14 HOT MINUTE,a light,archive · cut-outs,P059_a-light_32,"""a light"" — cut from P059. All black again. But no walls this time. A life flashes the way a reel does: the window, the tambourine, the field, the stars, the ride, the temple."
P059_a-light_33,image,cut/out/thumbs/P059_a-light_33.webp,,14 HOT MINUTE,a light,archive · cut-outs,P059_a-light_33,"""a light"" — cut from P059. All black again. But no walls this time. A life flashes the way a reel does: the window, the tambourine, the field, the stars, the ride, the temple."
P059_a-light_34,image,cut/out/thumbs/P059_a-light_34.webp,,14 HOT MINUTE,a light,archive · cut-outs,P059_a-light_34,"""a light"" — cut from P059. All black again. But no walls this time. A life flashes the way a reel does: the window, the tambourine, the field, the stars, the ride, the temple."
P059_a-light_35,image,cut/out/thumbs/P059_a-light_35.webp,,14 HOT MINUTE,a light,archive · cut-outs,P059_a-light_35,"""a light"" — cut from P059. All black again. But no walls this time. A life flashes the way a reel does: the window, the tambourine, the field, the stars, the ride, the temple."
P059_a-light_36,image,cut/out/thumbs/P059_a-light_36.webp,,14 HOT MINUTE,a light,archive · cut-outs,P059_a-light_36,"""a light"" — cut from P059. All black again. But no walls this time. A life flashes the way a reel does: the window, the tambourine, the field, the stars, the ride, the temple."
P059_a-light_37,image,cut/out/thumbs/P059_a-light_37.webp,,14 HOT MINUTE,a light,archive · cut-outs,P059_a-light_37,"""a light"" — cut from P059. All black again. But no walls this time. A life flashes the way a reel does: the window, the tambourine, the field, the stars, the ride, the temple."
P059_a-light_38,image,cut/out/thumbs/P059_a-light_38.webp,,14 HOT MINUTE,a light,archive · cut-outs,P059_a-light_38,"""a light"" — cut from P059. All black again. But no walls this time. A life flashes the way a reel does: the window, the tambourine, the field, the stars, the ride, the temple."
P059_a-light_39,image,cut/out/thumbs/P059_a-light_39.webp,,14 HOT MINUTE,a light,archive · cut-outs,P059_a-light_39,"""a light"" — cut from P059. All black again. But no walls this time. A life flashes the way a reel does: the window, the tambourine, the field, the stars, the ride, the temple."
P059_a-light_41,image,cut/out/thumbs/P059_a-light_41.webp,,14 HOT MINUTE,a light,archive · cut-outs,P059_a-light_41,"""a light"" — cut from P059. All black again. But no walls this time. A life flashes the way a reel does: the window, the tambourine, the field, the stars, the ride, the temple."
P060_a-person_0,image,cut/out/thumbs/P060_a-person_0.webp,,14 HOT MINUTE,a person,archive · cut-outs,P060_a-person_0,"""a person"" — cut from P060. All black again. But no walls this time. A life flashes the way a reel does: the window, the tambourine, the field, the stars, the ride, the temple."
P060_a-human-face_0,image,cut/out/thumbs/P060_a-human-face_0.webp,,14 HOT MINUTE,a human face,archive · cut-outs,P060_a-human-face_0,"""a human face"" — cut from P060. All black again. But no walls this time. A life flashes the way a reel does: the window, the tambourine, the field, the stars, the ride, the temple."
P060_a-person-in-mid-air_0,image,cut/out/thumbs/P060_a-person-in-mid-air_0.webp,,14 HOT MINUTE,a person in mid-air,archive · cut-outs,P060_a-person-in-mid-air_0,"""a person in mid-air"" — cut from P060. All black again. But no walls this time. A life flashes the way a reel does: the window, the tambourine, the field, the stars, the ride, the temple."
P060_a-light_27,image,cut/out/thumbs/P060_a-light_27.webp,,14 HOT MINUTE,a light,archive · cut-outs,P060_a-light_27,"""a light"" — cut from P060. All black again. But no walls this time. A life flashes the way a reel does: the window, the tambourine, the field, the stars, the ride, the temple."
P060_a-light_29,image,cut/out/thumbs/P060_a-light_29.webp,,14 HOT MINUTE,a light,archive · cut-outs,P060_a-light_29,"""a light"" — cut from P060. All black again. But no walls this time. A life flashes the way a reel does: the window, the tambourine, the field, the stars, the ride, the temple."
P060_a-road_0,image,cut/out/thumbs/P060_a-road_0.webp,,14 HOT MINUTE,a road,archive · cut-outs,P060_a-road_0,"""a road"" — cut from P060. All black again. But no walls this time. A life flashes the way a reel does: the window, the tambourine, the field, the stars, the ride, the temple."
P060_the-sky_0,image,cut/out/thumbs/P060_the-sky_0.webp,,14 HOT MINUTE,the sky,archive · cut-outs,P060_the-sky_0,"""the sky"" — cut from P060. All black again. But no walls this time. A life flashes the way a reel does: the window, the tambourine, the field, the stars, the ride, the temple."
P061_a-person_0,image,cut/out/thumbs/P061_a-person_0.webp,,14 HOT MINUTE,a person,archive · cut-outs,P061_a-person_0,"""a person"" — cut from P061. All black again. But no walls this time. A life flashes the way a reel does: the window, the tambourine, the field, the stars, the ride, the temple."
P061_a-human-face_0,image,cut/out/thumbs/P061_a-human-face_0.webp,,14 HOT MINUTE,a human face,archive · cut-outs,P061_a-human-face_0,"""a human face"" — cut from P061. All black again. But no walls this time. A life flashes the way a reel does: the window, the tambourine, the field, the stars, the ride, the temple."
P061_a-person-in-mid-air_0,image,cut/out/thumbs/P061_a-person-in-mid-air_0.webp,,14 HOT MINUTE,a person in mid-air,archive · cut-outs,P061_a-person-in-mid-air_0,"""a person in mid-air"" — cut from P061. All black again. But no walls this time. A life flashes the way a reel does: the window, the tambourine, the field, the stars, the ride, the temple."
P061_a-light_0,image,cut/out/thumbs/P061_a-light_0.webp,,14 HOT MINUTE,a light,archive · cut-outs,P061_a-light_0,"""a light"" — cut from P061. All black again. But no walls this time. A life flashes the way a reel does: the window, the tambourine, the field, the stars, the ride, the temple."
P061_a-light_1,image,cut/out/thumbs/P061_a-light_1.webp,,14 HOT MINUTE,a light,archive · cut-outs,P061_a-light_1,"""a light"" — cut from P061. All black again. But no walls this time. A life flashes the way a reel does: the window, the tambourine, the field, the stars, the ride, the temple."
P061_a-light_2,image,cut/out/thumbs/P061_a-light_2.webp,,14 HOT MINUTE,a light,archive · cut-outs,P061_a-light_2,"""a light"" — cut from P061. All black again. But no walls this time. A life flashes the way a reel does: the window, the tambourine, the field, the stars, the ride, the temple."
P061_a-light_3,image,cut/out/thumbs/P061_a-light_3.webp,,14 HOT MINUTE,a light,archive · cut-outs,P061_a-light_3,"""a light"" — cut from P061. All black again. But no walls this time. A life flashes the way a reel does: the window, the tambourine, the field, the stars, the ride, the temple."
P061_a-light_4,image,cut/out/thumbs/P061_a-light_4.webp,,14 HOT MINUTE,a light,archive · cut-outs,P061_a-light_4,"""a light"" — cut from P061. All black again. But no walls this time. A life flashes the way a reel does: the window, the tambourine, the field, the stars, the ride, the temple."
P061_a-light_5,image,cut/out/thumbs/P061_a-light_5.webp,,14 HOT MINUTE,a light,archive · cut-outs,P061_a-light_5,"""a light"" — cut from P061. All black again. But no walls this time. A life flashes the way a reel does: the window, the tambourine, the field, the stars, the ride, the temple."
P061_a-light_6,image,cut/out/thumbs/P061_a-light_6.webp,,14 HOT MINUTE,a light,archive · cut-outs,P061_a-light_6,"""a light"" — cut from P061. All black again. But no walls this time. A life flashes the way a reel does: the window, the tambourine, the field, the stars, the ride, the temple."
P061_a-light_7,image,cut/out/thumbs/P061_a-light_7.webp,,14 HOT MINUTE,a light,archive · cut-outs,P061_a-light_7,"""a light"" — cut from P061. All black again. But no walls this time. A life flashes the way a reel does: the window, the tambourine, the field, the stars, the ride, the temple."
P061_a-light_8,image,cut/out/thumbs/P061_a-light_8.webp,,14 HOT MINUTE,a light,archive · cut-outs,P061_a-light_8,"""a light"" — cut from P061. All black again. But no walls this time. A life flashes the way a reel does: the window, the tambourine, the field, the stars, the ride, the temple."
P061_a-light_9,image,cut/out/thumbs/P061_a-light_9.webp,,14 HOT MINUTE,a light,archive · cut-outs,P061_a-light_9,"""a light"" — cut from P061. All black again. But no walls this time. A life flashes the way a reel does: the window, the tambourine, the field, the stars, the ride, the temple."
P061_a-light_10,image,cut/out/thumbs/P061_a-light_10.webp,,14 HOT MINUTE,a light,archive · cut-outs,P061_a-light_10,"""a light"" — cut from P061. All black again. But no walls this time. A life flashes the way a reel does: the window, the tambourine, the field, the stars, the ride, the temple."
P061_a-light_11,image,cut/out/thumbs/P061_a-light_11.webp,,14 HOT MINUTE,a light,archive · cut-outs,P061_a-light_11,"""a light"" — cut from P061. All black again. But no walls this time. A life flashes the way a reel does: the window, the tambourine, the field, the stars, the ride, the temple."
P061_a-light_12,image,cut/out/thumbs/P061_a-light_12.webp,,14 HOT MINUTE,a light,archive · cut-outs,P061_a-light_12,"""a light"" — cut from P061. All black again. But no walls this time. A life flashes the way a reel does: the window, the tambourine, the field, the stars, the ride, the temple."
P061_a-light_13,image,cut/out/thumbs/P061_a-light_13.webp,,14 HOT MINUTE,a light,archive · cut-outs,P061_a-light_13,"""a light"" — cut from P061. All black again. But no walls this time. A life flashes the way a reel does: the window, the tambourine, the field, the stars, the ride, the temple."
P061_a-light_14,image,cut/out/thumbs/P061_a-light_14.webp,,14 HOT MINUTE,a light,archive · cut-outs,P061_a-light_14,"""a light"" — cut from P061. All black again. But no walls this time. A life flashes the way a reel does: the window, the tambourine, the field, the stars, the ride, the temple."
P061_a-light_15,image,cut/out/thumbs/P061_a-light_15.webp,,14 HOT MINUTE,a light,archive · cut-outs,P061_a-light_15,"""a light"" — cut from P061. All black again. But no walls this time. A life flashes the way a reel does: the window, the tambourine, the field, the stars, the ride, the temple."
P061_a-light_16,image,cut/out/thumbs/P061_a-light_16.webp,,14 HOT MINUTE,a light,archive · cut-outs,P061_a-light_16,"""a light"" — cut from P061. All black again. But no walls this time. A life flashes the way a reel does: the window, the tambourine, the field, the stars, the ride, the temple."
P061_a-light_17,image,cut/out/thumbs/P061_a-light_17.webp,,14 HOT MINUTE,a light,archive · cut-outs,P061_a-light_17,"""a light"" — cut from P061. All black again. But no walls this time. A life flashes the way a reel does: the window, the tambourine, the field, the stars, the ride, the temple."
P061_a-light_18,image,cut/out/thumbs/P061_a-light_18.webp,,14 HOT MINUTE,a light,archive · cut-outs,P061_a-light_18,"""a light"" — cut from P061. All black again. But no walls this time. A life flashes the way a reel does: the window, the tambourine, the field, the stars, the ride, the temple."
P061_a-light_19,image,cut/out/thumbs/P061_a-light_19.webp,,14 HOT MINUTE,a light,archive · cut-outs,P061_a-light_19,"""a light"" — cut from P061. All black again. But no walls this time. A life flashes the way a reel does: the window, the tambourine, the field, the stars, the ride, the temple."
P061_the-sky_0,image,cut/out/thumbs/P061_the-sky_0.webp,,14 HOT MINUTE,the sky,archive · cut-outs,P061_the-sky_0,"""the sky"" — cut from P061. All black again. But no walls this time. A life flashes the way a reel does: the window, the tambourine, the field, the stars, the ride, the temple."
P062_a-person_0,image,cut/out/thumbs/P062_a-person_0.webp,,07 DJ TURN ME UP,a person,archive · cut-outs,P062_a-person_0,"""a person"" — cut from P062. I have a love story to tell — of ghosts, whispering unfolded dilutions, birthed in purity, and dying in the vineyards of sun-soaked evergreen fields, unnourished."
P062_a-human-face_0,image,cut/out/thumbs/P062_a-human-face_0.webp,,07 DJ TURN ME UP,a human face,archive · cut-outs,P062_a-human-face_0,"""a human face"" — cut from P062. I have a love story to tell — of ghosts, whispering unfolded dilutions, birthed in purity, and dying in the vineyards of sun-soaked evergreen fields, unnourished."
P062_a-person-in-mid-air_0,image,cut/out/thumbs/P062_a-person-in-mid-air_0.webp,,07 DJ TURN ME UP,a person in mid-air,archive · cut-outs,P062_a-person-in-mid-air_0,"""a person in mid-air"" — cut from P062. I have a love story to tell — of ghosts, whispering unfolded dilutions, birthed in purity, and dying in the vineyards of sun-soaked evergreen fields, unnourished."
P062_a-light_18,image,cut/out/thumbs/P062_a-light_18.webp,,07 DJ TURN ME UP,a light,archive · cut-outs,P062_a-light_18,"""a light"" — cut from P062. I have a love story to tell — of ghosts, whispering unfolded dilutions, birthed in purity, and dying in the vineyards of sun-soaked evergreen fields, unnourished."
P062_a-road_0,image,cut/out/thumbs/P062_a-road_0.webp,,07 DJ TURN ME UP,a road,archive · cut-outs,P062_a-road_0,"""a road"" — cut from P062. I have a love story to tell — of ghosts, whispering unfolded dilutions, birthed in purity, and dying in the vineyards of sun-soaked evergreen fields, unnourished."
P062_a-road_1,image,cut/out/thumbs/P062_a-road_1.webp,,07 DJ TURN ME UP,a road,archive · cut-outs,P062_a-road_1,"""a road"" — cut from P062. I have a love story to tell — of ghosts, whispering unfolded dilutions, birthed in purity, and dying in the vineyards of sun-soaked evergreen fields, unnourished."
P062_a-building_0,image,cut/out/thumbs/P062_a-building_0.webp,,07 DJ TURN ME UP,a building,archive · cut-outs,P062_a-building_0,"""a building"" — cut from P062. I have a love story to tell — of ghosts, whispering unfolded dilutions, birthed in purity, and dying in the vineyards of sun-soaked evergreen fields, unnourished."
P062_the-sky_0,image,cut/out/thumbs/P062_the-sky_0.webp,,07 DJ TURN ME UP,the sky,archive · cut-outs,P062_the-sky_0,"""the sky"" — cut from P062. I have a love story to tell — of ghosts, whispering unfolded dilutions, birthed in purity, and dying in the vineyards of sun-soaked evergreen fields, unnourished."
P063_a-person_0,image,cut/out/thumbs/P063_a-person_0.webp,,01 OUT OF LIFE,a person,archive · cut-outs,P063_a-person_0,"""a person"" — cut from P063. The vape gathers, inside and out. My vision blurs. I move toward the window — and you only get further away."
P063_a-person_1,image,cut/out/thumbs/P063_a-person_1.webp,,01 OUT OF LIFE,a person,archive · cut-outs,P063_a-person_1,"""a person"" — cut from P063. The vape gathers, inside and out. My vision blurs. I move toward the window — and you only get further away."
P063_a-human-face_0,image,cut/out/thumbs/P063_a-human-face_0.webp,,01 OUT OF LIFE,a human face,archive · cut-outs,P063_a-human-face_0,"""a human face"" — cut from P063. The vape gathers, inside and out. My vision blurs. I move toward the window — and you only get further away."
P063_a-human-face_1,image,cut/out/thumbs/P063_a-human-face_1.webp,,01 OUT OF LIFE,a human face,archive · cut-outs,P063_a-human-face_1,"""a human face"" — cut from P063. The vape gathers, inside and out. My vision blurs. I move toward the window — and you only get further away."
P063_a-hand_0,image,cut/out/thumbs/P063_a-hand_0.webp,,01 OUT OF LIFE,a hand,archive · cut-outs,P063_a-hand_0,"""a hand"" — cut from P063. The vape gathers, inside and out. My vision blurs. I move toward the window — and you only get further away."
P063_a-hand_1,image,cut/out/thumbs/P063_a-hand_1.webp,,01 OUT OF LIFE,a hand,archive · cut-outs,P063_a-hand_1,"""a hand"" — cut from P063. The vape gathers, inside and out. My vision blurs. I move toward the window — and you only get further away."
P063_a-hand_2,image,cut/out/thumbs/P063_a-hand_2.webp,,01 OUT OF LIFE,a hand,archive · cut-outs,P063_a-hand_2,"""a hand"" — cut from P063. The vape gathers, inside and out. My vision blurs. I move toward the window — and you only get further away."
P063_a-hand_4,image,cut/out/thumbs/P063_a-hand_4.webp,,01 OUT OF LIFE,a hand,archive · cut-outs,P063_a-hand_4,"""a hand"" — cut from P063. The vape gathers, inside and out. My vision blurs. I move toward the window — and you only get further away."
P063_a-person-in-mid-air_0,image,cut/out/thumbs/P063_a-person-in-mid-air_0.webp,,01 OUT OF LIFE,a person in mid-air,archive · cut-outs,P063_a-person-in-mid-air_0,"""a person in mid-air"" — cut from P063. The vape gathers, inside and out. My vision blurs. I move toward the window — and you only get further away."
P063_a-light_9,image,cut/out/thumbs/P063_a-light_9.webp,,01 OUT OF LIFE,a light,archive · cut-outs,P063_a-light_9,"""a light"" — cut from P063. The vape gathers, inside and out. My vision blurs. I move toward the window — and you only get further away."
P063_a-road_0,image,cut/out/thumbs/P063_a-road_0.webp,,01 OUT OF LIFE,a road,archive · cut-outs,P063_a-road_0,"""a road"" — cut from P063. The vape gathers, inside and out. My vision blurs. I move toward the window — and you only get further away."
P063_a-road_1,image,cut/out/thumbs/P063_a-road_1.webp,,01 OUT OF LIFE,a road,archive · cut-outs,P063_a-road_1,"""a road"" — cut from P063. The vape gathers, inside and out. My vision blurs. I move toward the window — and you only get further away."
P063_the-sky_0,image,cut/out/thumbs/P063_the-sky_0.webp,,01 OUT OF LIFE,the sky,archive · cut-outs,P063_the-sky_0,"""the sky"" — cut from P063. The vape gathers, inside and out. My vision blurs. I move toward the window — and you only get further away."
P063_water_0,image,cut/out/thumbs/P063_water_0.webp,,01 OUT OF LIFE,water,archive · cut-outs,P063_water_0,"""water"" — cut from P063. The vape gathers, inside and out. My vision blurs. I move toward the window — and you only get further away."
P064_a-person_0,image,cut/out/thumbs/P064_a-person_0.webp,,03 HOW TO BREAK OFF AN ENGAGEMENT,a person,archive · cut-outs,P064_a-person_0,"""a person"" — cut from P064. A broken promise. Glistening red fluid submersion and shorelines of release."
P064_a-human-face_0,image,cut/out/thumbs/P064_a-human-face_0.webp,,03 HOW TO BREAK OFF AN ENGAGEMENT,a human face,archive · cut-outs,P064_a-human-face_0,"""a human face"" — cut from P064. A broken promise. Glistening red fluid submersion and shorelines of release."
P064_a-light_0,image,cut/out/thumbs/P064_a-light_0.webp,,03 HOW TO BREAK OFF AN ENGAGEMENT,a light,archive · cut-outs,P064_a-light_0,"""a light"" — cut from P064. A broken promise. Glistening red fluid submersion and shorelines of release."
P064_a-light_1,image,cut/out/thumbs/P064_a-light_1.webp,,03 HOW TO BREAK OFF AN ENGAGEMENT,a light,archive · cut-outs,P064_a-light_1,"""a light"" — cut from P064. A broken promise. Glistening red fluid submersion and shorelines of release."
P064_a-light_2,image,cut/out/thumbs/P064_a-light_2.webp,,03 HOW TO BREAK OFF AN ENGAGEMENT,a light,archive · cut-outs,P064_a-light_2,"""a light"" — cut from P064. A broken promise. Glistening red fluid submersion and shorelines of release."
P064_a-light_3,image,cut/out/thumbs/P064_a-light_3.webp,,03 HOW TO BREAK OFF AN ENGAGEMENT,a light,archive · cut-outs,P064_a-light_3,"""a light"" — cut from P064. A broken promise. Glistening red fluid submersion and shorelines of release."
P064_a-light_4,image,cut/out/thumbs/P064_a-light_4.webp,,03 HOW TO BREAK OFF AN ENGAGEMENT,a light,archive · cut-outs,P064_a-light_4,"""a light"" — cut from P064. A broken promise. Glistening red fluid submersion and shorelines of release."
P064_a-light_5,image,cut/out/thumbs/P064_a-light_5.webp,,03 HOW TO BREAK OFF AN ENGAGEMENT,a light,archive · cut-outs,P064_a-light_5,"""a light"" — cut from P064. A broken promise. Glistening red fluid submersion and shorelines of release."
P064_a-light_7,image,cut/out/thumbs/P064_a-light_7.webp,,03 HOW TO BREAK OFF AN ENGAGEMENT,a light,archive · cut-outs,P064_a-light_7,"""a light"" — cut from P064. A broken promise. Glistening red fluid submersion and shorelines of release."
P064_a-light_8,image,cut/out/thumbs/P064_a-light_8.webp,,03 HOW TO BREAK OFF AN ENGAGEMENT,a light,archive · cut-outs,P064_a-light_8,"""a light"" — cut from P064. A broken promise. Glistening red fluid submersion and shorelines of release."
P064_a-light_9,image,cut/out/thumbs/P064_a-light_9.webp,,03 HOW TO BREAK OFF AN ENGAGEMENT,a light,archive · cut-outs,P064_a-light_9,"""a light"" — cut from P064. A broken promise. Glistening red fluid submersion and shorelines of release."
P064_a-light_10,image,cut/out/thumbs/P064_a-light_10.webp,,03 HOW TO BREAK OFF AN ENGAGEMENT,a light,archive · cut-outs,P064_a-light_10,"""a light"" — cut from P064. A broken promise. Glistening red fluid submersion and shorelines of release."
P064_a-light_12,image,cut/out/thumbs/P064_a-light_12.webp,,03 HOW TO BREAK OFF AN ENGAGEMENT,a light,archive · cut-outs,P064_a-light_12,"""a light"" — cut from P064. A broken promise. Glistening red fluid submersion and shorelines of release."
P064_a-light_13,image,cut/out/thumbs/P064_a-light_13.webp,,03 HOW TO BREAK OFF AN ENGAGEMENT,a light,archive · cut-outs,P064_a-light_13,"""a light"" — cut from P064. A broken promise. Glistening red fluid submersion and shorelines of release."
P064_a-light_14,image,cut/out/thumbs/P064_a-light_14.webp,,03 HOW TO BREAK OFF AN ENGAGEMENT,a light,archive · cut-outs,P064_a-light_14,"""a light"" — cut from P064. A broken promise. Glistening red fluid submersion and shorelines of release."
P064_a-light_15,image,cut/out/thumbs/P064_a-light_15.webp,,03 HOW TO BREAK OFF AN ENGAGEMENT,a light,archive · cut-outs,P064_a-light_15,"""a light"" — cut from P064. A broken promise. Glistening red fluid submersion and shorelines of release."
P064_a-light_16,image,cut/out/thumbs/P064_a-light_16.webp,,03 HOW TO BREAK OFF AN ENGAGEMENT,a light,archive · cut-outs,P064_a-light_16,"""a light"" — cut from P064. A broken promise. Glistening red fluid submersion and shorelines of release."
P064_a-light_17,image,cut/out/thumbs/P064_a-light_17.webp,,03 HOW TO BREAK OFF AN ENGAGEMENT,a light,archive · cut-outs,P064_a-light_17,"""a light"" — cut from P064. A broken promise. Glistening red fluid submersion and shorelines of release."
P064_the-sky_0,image,cut/out/thumbs/P064_the-sky_0.webp,,03 HOW TO BREAK OFF AN ENGAGEMENT,the sky,archive · cut-outs,P064_the-sky_0,"""the sky"" — cut from P064. A broken promise. Glistening red fluid submersion and shorelines of release."
P065_a-person_0,image,cut/out/thumbs/P065_a-person_0.webp,,01 OUT OF LIFE,a person,archive · cut-outs,P065_a-person_0,"""a person"" — cut from P065. The vape gathers, inside and out. My vision blurs. I move toward the window — and you only get further away."
P065_a-person_1,image,cut/out/thumbs/P065_a-person_1.webp,,01 OUT OF LIFE,a person,archive · cut-outs,P065_a-person_1,"""a person"" — cut from P065. The vape gathers, inside and out. My vision blurs. I move toward the window — and you only get further away."
P065_a-person_2,image,cut/out/thumbs/P065_a-person_2.webp,,01 OUT OF LIFE,a person,archive · cut-outs,P065_a-person_2,"""a person"" — cut from P065. The vape gathers, inside and out. My vision blurs. I move toward the window — and you only get further away."
P065_a-person_3,image,cut/out/thumbs/P065_a-person_3.webp,,01 OUT OF LIFE,a person,archive · cut-outs,P065_a-person_3,"""a person"" — cut from P065. The vape gathers, inside and out. My vision blurs. I move toward the window — and you only get further away."
P065_a-person_4,image,cut/out/thumbs/P065_a-person_4.webp,,01 OUT OF LIFE,a person,archive · cut-outs,P065_a-person_4,"""a person"" — cut from P065. The vape gathers, inside and out. My vision blurs. I move toward the window — and you only get further away."
P065_a-person_5,image,cut/out/thumbs/P065_a-person_5.webp,,01 OUT OF LIFE,a person,archive · cut-outs,P065_a-person_5,"""a person"" — cut from P065. The vape gathers, inside and out. My vision blurs. I move toward the window — and you only get further away."
P065_a-person_6,image,cut/out/thumbs/P065_a-person_6.webp,,01 OUT OF LIFE,a person,archive · cut-outs,P065_a-person_6,"""a person"" — cut from P065. The vape gathers, inside and out. My vision blurs. I move toward the window — and you only get further away."
P065_a-person_7,image,cut/out/thumbs/P065_a-person_7.webp,,01 OUT OF LIFE,a person,archive · cut-outs,P065_a-person_7,"""a person"" — cut from P065. The vape gathers, inside and out. My vision blurs. I move toward the window — and you only get further away."
P065_a-person_8,image,cut/out/thumbs/P065_a-person_8.webp,,01 OUT OF LIFE,a person,archive · cut-outs,P065_a-person_8,"""a person"" — cut from P065. The vape gathers, inside and out. My vision blurs. I move toward the window — and you only get further away."
P065_a-person_9,image,cut/out/thumbs/P065_a-person_9.webp,,01 OUT OF LIFE,a person,archive · cut-outs,P065_a-person_9,"""a person"" — cut from P065. The vape gathers, inside and out. My vision blurs. I move toward the window — and you only get further away."
P065_a-human-face_0,image,cut/out/thumbs/P065_a-human-face_0.webp,,01 OUT OF LIFE,a human face,archive · cut-outs,P065_a-human-face_0,"""a human face"" — cut from P065. The vape gathers, inside and out. My vision blurs. I move toward the window — and you only get further away."
P065_a-human-face_1,image,cut/out/thumbs/P065_a-human-face_1.webp,,01 OUT OF LIFE,a human face,archive · cut-outs,P065_a-human-face_1,"""a human face"" — cut from P065. The vape gathers, inside and out. My vision blurs. I move toward the window — and you only get further away."
P065_a-human-face_2,image,cut/out/thumbs/P065_a-human-face_2.webp,,01 OUT OF LIFE,a human face,archive · cut-outs,P065_a-human-face_2,"""a human face"" — cut from P065. The vape gathers, inside and out. My vision blurs. I move toward the window — and you only get further away."
P065_a-light_0,image,cut/out/thumbs/P065_a-light_0.webp,,01 OUT OF LIFE,a light,archive · cut-outs,P065_a-light_0,"""a light"" — cut from P065. The vape gathers, inside and out. My vision blurs. I move toward the window — and you only get further away."
P065_a-light_1,image,cut/out/thumbs/P065_a-light_1.webp,,01 OUT OF LIFE,a light,archive · cut-outs,P065_a-light_1,"""a light"" — cut from P065. The vape gathers, inside and out. My vision blurs. I move toward the window — and you only get further away."
P065_a-light_2,image,cut/out/thumbs/P065_a-light_2.webp,,01 OUT OF LIFE,a light,archive · cut-outs,P065_a-light_2,"""a light"" — cut from P065. The vape gathers, inside and out. My vision blurs. I move toward the window — and you only get further away."
P065_a-light_3,image,cut/out/thumbs/P065_a-light_3.webp,,01 OUT OF LIFE,a light,archive · cut-outs,P065_a-light_3,"""a light"" — cut from P065. The vape gathers, inside and out. My vision blurs. I move toward the window — and you only get further away."
P065_a-light_5,image,cut/out/thumbs/P065_a-light_5.webp,,01 OUT OF LIFE,a light,archive · cut-outs,P065_a-light_5,"""a light"" — cut from P065. The vape gathers, inside and out. My vision blurs. I move toward the window — and you only get further away."
P065_a-light_8,image,cut/out/thumbs/P065_a-light_8.webp,,01 OUT OF LIFE,a light,archive · cut-outs,P065_a-light_8,"""a light"" — cut from P065. The vape gathers, inside and out. My vision blurs. I move toward the window — and you only get further away."
P065_a-light_9,image,cut/out/thumbs/P065_a-light_9.webp,,01 OUT OF LIFE,a light,archive · cut-outs,P065_a-light_9,"""a light"" — cut from P065. The vape gathers, inside and out. My vision blurs. I move toward the window — and you only get further away."
P065_a-light_10,image,cut/out/thumbs/P065_a-light_10.webp,,01 OUT OF LIFE,a light,archive · cut-outs,P065_a-light_10,"""a light"" — cut from P065. The vape gathers, inside and out. My vision blurs. I move toward the window — and you only get further away."
P065_a-light_11,image,cut/out/thumbs/P065_a-light_11.webp,,01 OUT OF LIFE,a light,archive · cut-outs,P065_a-light_11,"""a light"" — cut from P065. The vape gathers, inside and out. My vision blurs. I move toward the window — and you only get further away."
P065_a-light_12,image,cut/out/thumbs/P065_a-light_12.webp,,01 OUT OF LIFE,a light,archive · cut-outs,P065_a-light_12,"""a light"" — cut from P065. The vape gathers, inside and out. My vision blurs. I move toward the window — and you only get further away."
P065_a-light_13,image,cut/out/thumbs/P065_a-light_13.webp,,01 OUT OF LIFE,a light,archive · cut-outs,P065_a-light_13,"""a light"" — cut from P065. The vape gathers, inside and out. My vision blurs. I move toward the window — and you only get further away."
P065_a-light_14,image,cut/out/thumbs/P065_a-light_14.webp,,01 OUT OF LIFE,a light,archive · cut-outs,P065_a-light_14,"""a light"" — cut from P065. The vape gathers, inside and out. My vision blurs. I move toward the window — and you only get further away."
P065_a-light_15,image,cut/out/thumbs/P065_a-light_15.webp,,01 OUT OF LIFE,a light,archive · cut-outs,P065_a-light_15,"""a light"" — cut from P065. The vape gathers, inside and out. My vision blurs. I move toward the window — and you only get further away."
P065_a-light_16,image,cut/out/thumbs/P065_a-light_16.webp,,01 OUT OF LIFE,a light,archive · cut-outs,P065_a-light_16,"""a light"" — cut from P065. The vape gathers, inside and out. My vision blurs. I move toward the window — and you only get further away."
P065_a-light_17,image,cut/out/thumbs/P065_a-light_17.webp,,01 OUT OF LIFE,a light,archive · cut-outs,P065_a-light_17,"""a light"" — cut from P065. The vape gathers, inside and out. My vision blurs. I move toward the window — and you only get further away."
P065_a-light_19,image,cut/out/thumbs/P065_a-light_19.webp,,01 OUT OF LIFE,a light,archive · cut-outs,P065_a-light_19,"""a light"" — cut from P065. The vape gathers, inside and out. My vision blurs. I move toward the window — and you only get further away."
P065_a-light_20,image,cut/out/thumbs/P065_a-light_20.webp,,01 OUT OF LIFE,a light,archive · cut-outs,P065_a-light_20,"""a light"" — cut from P065. The vape gathers, inside and out. My vision blurs. I move toward the window — and you only get further away."
P065_a-light_21,image,cut/out/thumbs/P065_a-light_21.webp,,01 OUT OF LIFE,a light,archive · cut-outs,P065_a-light_21,"""a light"" — cut from P065. The vape gathers, inside and out. My vision blurs. I move toward the window — and you only get further away."
P065_a-light_22,image,cut/out/thumbs/P065_a-light_22.webp,,01 OUT OF LIFE,a light,archive · cut-outs,P065_a-light_22,"""a light"" — cut from P065. The vape gathers, inside and out. My vision blurs. I move toward the window — and you only get further away."
P065_a-light_23,image,cut/out/thumbs/P065_a-light_23.webp,,01 OUT OF LIFE,a light,archive · cut-outs,P065_a-light_23,"""a light"" — cut from P065. The vape gathers, inside and out. My vision blurs. I move toward the window — and you only get further away."
P065_a-light_25,image,cut/out/thumbs/P065_a-light_25.webp,,01 OUT OF LIFE,a light,archive · cut-outs,P065_a-light_25,"""a light"" — cut from P065. The vape gathers, inside and out. My vision blurs. I move toward the window — and you only get further away."
P065_a-light_26,image,cut/out/thumbs/P065_a-light_26.webp,,01 OUT OF LIFE,a light,archive · cut-outs,P065_a-light_26,"""a light"" — cut from P065. The vape gathers, inside and out. My vision blurs. I move toward the window — and you only get further away."
P065_a-light_27,image,cut/out/thumbs/P065_a-light_27.webp,,01 OUT OF LIFE,a light,archive · cut-outs,P065_a-light_27,"""a light"" — cut from P065. The vape gathers, inside and out. My vision blurs. I move toward the window — and you only get further away."
P065_a-light_29,image,cut/out/thumbs/P065_a-light_29.webp,,01 OUT OF LIFE,a light,archive · cut-outs,P065_a-light_29,"""a light"" — cut from P065. The vape gathers, inside and out. My vision blurs. I move toward the window — and you only get further away."
P065_a-light_30,image,cut/out/thumbs/P065_a-light_30.webp,,01 OUT OF LIFE,a light,archive · cut-outs,P065_a-light_30,"""a light"" — cut from P065. The vape gathers, inside and out. My vision blurs. I move toward the window — and you only get further away."
P065_a-light_32,image,cut/out/thumbs/P065_a-light_32.webp,,01 OUT OF LIFE,a light,archive · cut-outs,P065_a-light_32,"""a light"" — cut from P065. The vape gathers, inside and out. My vision blurs. I move toward the window — and you only get further away."
P065_a-light_33,image,cut/out/thumbs/P065_a-light_33.webp,,01 OUT OF LIFE,a light,archive · cut-outs,P065_a-light_33,"""a light"" — cut from P065. The vape gathers, inside and out. My vision blurs. I move toward the window — and you only get further away."
P065_a-light_34,image,cut/out/thumbs/P065_a-light_34.webp,,01 OUT OF LIFE,a light,archive · cut-outs,P065_a-light_34,"""a light"" — cut from P065. The vape gathers, inside and out. My vision blurs. I move toward the window — and you only get further away."
P065_a-light_36,image,cut/out/thumbs/P065_a-light_36.webp,,01 OUT OF LIFE,a light,archive · cut-outs,P065_a-light_36,"""a light"" — cut from P065. The vape gathers, inside and out. My vision blurs. I move toward the window — and you only get further away."
P065_a-light_40,image,cut/out/thumbs/P065_a-light_40.webp,,01 OUT OF LIFE,a light,archive · cut-outs,P065_a-light_40,"""a light"" — cut from P065. The vape gathers, inside and out. My vision blurs. I move toward the window — and you only get further away."
P065_a-light_41,image,cut/out/thumbs/P065_a-light_41.webp,,01 OUT OF LIFE,a light,archive · cut-outs,P065_a-light_41,"""a light"" — cut from P065. The vape gathers, inside and out. My vision blurs. I move toward the window — and you only get further away."
P065_a-light_43,image,cut/out/thumbs/P065_a-light_43.webp,,01 OUT OF LIFE,a light,archive · cut-outs,P065_a-light_43,"""a light"" — cut from P065. The vape gathers, inside and out. My vision blurs. I move toward the window — and you only get further away."
P065_a-light_44,image,cut/out/thumbs/P065_a-light_44.webp,,01 OUT OF LIFE,a light,archive · cut-outs,P065_a-light_44,"""a light"" — cut from P065. The vape gathers, inside and out. My vision blurs. I move toward the window — and you only get further away."
P065_a-light_45,image,cut/out/thumbs/P065_a-light_45.webp,,01 OUT OF LIFE,a light,archive · cut-outs,P065_a-light_45,"""a light"" — cut from P065. The vape gathers, inside and out. My vision blurs. I move toward the window — and you only get further away."
P065_a-light_47,image,cut/out/thumbs/P065_a-light_47.webp,,01 OUT OF LIFE,a light,archive · cut-outs,P065_a-light_47,"""a light"" — cut from P065. The vape gathers, inside and out. My vision blurs. I move toward the window — and you only get further away."
P065_a-light_48,image,cut/out/thumbs/P065_a-light_48.webp,,01 OUT OF LIFE,a light,archive · cut-outs,P065_a-light_48,"""a light"" — cut from P065. The vape gathers, inside and out. My vision blurs. I move toward the window — and you only get further away."
P065_a-light_49,image,cut/out/thumbs/P065_a-light_49.webp,,01 OUT OF LIFE,a light,archive · cut-outs,P065_a-light_49,"""a light"" — cut from P065. The vape gathers, inside and out. My vision blurs. I move toward the window — and you only get further away."
P065_a-light_51,image,cut/out/thumbs/P065_a-light_51.webp,,01 OUT OF LIFE,a light,archive · cut-outs,P065_a-light_51,"""a light"" — cut from P065. The vape gathers, inside and out. My vision blurs. I move toward the window — and you only get further away."
P065_a-neon-sign_0,image,cut/out/thumbs/P065_a-neon-sign_0.webp,,01 OUT OF LIFE,a neon sign,archive · cut-outs,P065_a-neon-sign_0,"""a neon sign"" — cut from P065. The vape gathers, inside and out. My vision blurs. I move toward the window — and you only get further away."
P065_a-neon-sign_1,image,cut/out/thumbs/P065_a-neon-sign_1.webp,,01 OUT OF LIFE,a neon sign,archive · cut-outs,P065_a-neon-sign_1,"""a neon sign"" — cut from P065. The vape gathers, inside and out. My vision blurs. I move toward the window — and you only get further away."
P065_a-neon-sign_2,image,cut/out/thumbs/P065_a-neon-sign_2.webp,,01 OUT OF LIFE,a neon sign,archive · cut-outs,P065_a-neon-sign_2,"""a neon sign"" — cut from P065. The vape gathers, inside and out. My vision blurs. I move toward the window — and you only get further away."
P065_a-neon-sign_3,image,cut/out/thumbs/P065_a-neon-sign_3.webp,,01 OUT OF LIFE,a neon sign,archive · cut-outs,P065_a-neon-sign_3,"""a neon sign"" — cut from P065. The vape gathers, inside and out. My vision blurs. I move toward the window — and you only get further away."
P065_a-neon-sign_4,image,cut/out/thumbs/P065_a-neon-sign_4.webp,,01 OUT OF LIFE,a neon sign,archive · cut-outs,P065_a-neon-sign_4,"""a neon sign"" — cut from P065. The vape gathers, inside and out. My vision blurs. I move toward the window — and you only get further away."
P065_a-neon-sign_5,image,cut/out/thumbs/P065_a-neon-sign_5.webp,,01 OUT OF LIFE,a neon sign,archive · cut-outs,P065_a-neon-sign_5,"""a neon sign"" — cut from P065. The vape gathers, inside and out. My vision blurs. I move toward the window — and you only get further away."
P065_a-neon-sign_6,image,cut/out/thumbs/P065_a-neon-sign_6.webp,,01 OUT OF LIFE,a neon sign,archive · cut-outs,P065_a-neon-sign_6,"""a neon sign"" — cut from P065. The vape gathers, inside and out. My vision blurs. I move toward the window — and you only get further away."
P065_a-neon-sign_7,image,cut/out/thumbs/P065_a-neon-sign_7.webp,,01 OUT OF LIFE,a neon sign,archive · cut-outs,P065_a-neon-sign_7,"""a neon sign"" — cut from P065. The vape gathers, inside and out. My vision blurs. I move toward the window — and you only get further away."
P065_a-neon-sign_8,image,cut/out/thumbs/P065_a-neon-sign_8.webp,,01 OUT OF LIFE,a neon sign,archive · cut-outs,P065_a-neon-sign_8,"""a neon sign"" — cut from P065. The vape gathers, inside and out. My vision blurs. I move toward the window — and you only get further away."
P065_a-neon-sign_9,image,cut/out/thumbs/P065_a-neon-sign_9.webp,,01 OUT OF LIFE,a neon sign,archive · cut-outs,P065_a-neon-sign_9,"""a neon sign"" — cut from P065. The vape gathers, inside and out. My vision blurs. I move toward the window — and you only get further away."
P065_a-lamp_0,image,cut/out/thumbs/P065_a-lamp_0.webp,,01 OUT OF LIFE,a lamp,archive · cut-outs,P065_a-lamp_0,"""a lamp"" — cut from P065. The vape gathers, inside and out. My vision blurs. I move toward the window — and you only get further away."
P065_a-wall_0,image,cut/out/thumbs/P065_a-wall_0.webp,,01 OUT OF LIFE,a wall,archive · cut-outs,P065_a-wall_0,"""a wall"" — cut from P065. The vape gathers, inside and out. My vision blurs. I move toward the window — and you only get further away."
P065_a-wall_1,image,cut/out/thumbs/P065_a-wall_1.webp,,01 OUT OF LIFE,a wall,archive · cut-outs,P065_a-wall_1,"""a wall"" — cut from P065. The vape gathers, inside and out. My vision blurs. I move toward the window — and you only get further away."
P065_a-road_0,image,cut/out/thumbs/P065_a-road_0.webp,,01 OUT OF LIFE,a road,archive · cut-outs,P065_a-road_0,"""a road"" — cut from P065. The vape gathers, inside and out. My vision blurs. I move toward the window — and you only get further away."
P065_the-sky_0,image,cut/out/thumbs/P065_the-sky_0.webp,,01 OUT OF LIFE,the sky,archive · cut-outs,P065_the-sky_0,"""the sky"" — cut from P065. The vape gathers, inside and out. My vision blurs. I move toward the window — and you only get further away."
P066_a-person_0,image,cut/out/thumbs/P066_a-person_0.webp,,01 OUT OF LIFE,a person,archive · cut-outs,P066_a-person_0,"""a person"" — cut from P066. The vape gathers, inside and out. My vision blurs. I move toward the window — and you only get further away."
P066_a-person_1,image,cut/out/thumbs/P066_a-person_1.webp,,01 OUT OF LIFE,a person,archive · cut-outs,P066_a-person_1,"""a person"" — cut from P066. The vape gathers, inside and out. My vision blurs. I move toward the window — and you only get further away."
P066_a-person_2,image,cut/out/thumbs/P066_a-person_2.webp,,01 OUT OF LIFE,a person,archive · cut-outs,P066_a-person_2,"""a person"" — cut from P066. The vape gathers, inside and out. My vision blurs. I move toward the window — and you only get further away."
P066_a-person_3,image,cut/out/thumbs/P066_a-person_3.webp,,01 OUT OF LIFE,a person,archive · cut-outs,P066_a-person_3,"""a person"" — cut from P066. The vape gathers, inside and out. My vision blurs. I move toward the window — and you only get further away."
P066_a-person_4,image,cut/out/thumbs/P066_a-person_4.webp,,01 OUT OF LIFE,a person,archive · cut-outs,P066_a-person_4,"""a person"" — cut from P066. The vape gathers, inside and out. My vision blurs. I move toward the window — and you only get further away."
P066_a-person_5,image,cut/out/thumbs/P066_a-person_5.webp,,01 OUT OF LIFE,a person,archive · cut-outs,P066_a-person_5,"""a person"" — cut from P066. The vape gathers, inside and out. My vision blurs. I move toward the window — and you only get further away."
P066_a-person_6,image,cut/out/thumbs/P066_a-person_6.webp,,01 OUT OF LIFE,a person,archive · cut-outs,P066_a-person_6,"""a person"" — cut from P066. The vape gathers, inside and out. My vision blurs. I move toward the window — and you only get further away."
P066_a-person_7,image,cut/out/thumbs/P066_a-person_7.webp,,01 OUT OF LIFE,a person,archive · cut-outs,P066_a-person_7,"""a person"" — cut from P066. The vape gathers, inside and out. My vision blurs. I move toward the window — and you only get further away."
P066_a-person_8,image,cut/out/thumbs/P066_a-person_8.webp,,01 OUT OF LIFE,a person,archive · cut-outs,P066_a-person_8,"""a person"" — cut from P066. The vape gathers, inside and out. My vision blurs. I move toward the window — and you only get further away."
P066_a-person_9,image,cut/out/thumbs/P066_a-person_9.webp,,01 OUT OF LIFE,a person,archive · cut-outs,P066_a-person_9,"""a person"" — cut from P066. The vape gathers, inside and out. My vision blurs. I move toward the window — and you only get further away."
P066_a-person_10,image,cut/out/thumbs/P066_a-person_10.webp,,01 OUT OF LIFE,a person,archive · cut-outs,P066_a-person_10,"""a person"" — cut from P066. The vape gathers, inside and out. My vision blurs. I move toward the window — and you only get further away."
P066_a-person_11,image,cut/out/thumbs/P066_a-person_11.webp,,01 OUT OF LIFE,a person,archive · cut-outs,P066_a-person_11,"""a person"" — cut from P066. The vape gathers, inside and out. My vision blurs. I move toward the window — and you only get further away."
P066_a-person_12,image,cut/out/thumbs/P066_a-person_12.webp,,01 OUT OF LIFE,a person,archive · cut-outs,P066_a-person_12,"""a person"" — cut from P066. The vape gathers, inside and out. My vision blurs. I move toward the window — and you only get further away."
P066_a-person_13,image,cut/out/thumbs/P066_a-person_13.webp,,01 OUT OF LIFE,a person,archive · cut-outs,P066_a-person_13,"""a person"" — cut from P066. The vape gathers, inside and out. My vision blurs. I move toward the window — and you only get further away."
P066_a-person_14,image,cut/out/thumbs/P066_a-person_14.webp,,01 OUT OF LIFE,a person,archive · cut-outs,P066_a-person_14,"""a person"" — cut from P066. The vape gathers, inside and out. My vision blurs. I move toward the window — and you only get further away."
P066_a-person_15,image,cut/out/thumbs/P066_a-person_15.webp,,01 OUT OF LIFE,a person,archive · cut-outs,P066_a-person_15,"""a person"" — cut from P066. The vape gathers, inside and out. My vision blurs. I move toward the window — and you only get further away."
P066_a-person_16,image,cut/out/thumbs/P066_a-person_16.webp,,01 OUT OF LIFE,a person,archive · cut-outs,P066_a-person_16,"""a person"" — cut from P066. The vape gathers, inside and out. My vision blurs. I move toward the window — and you only get further away."
P066_a-person_17,image,cut/out/thumbs/P066_a-person_17.webp,,01 OUT OF LIFE,a person,archive · cut-outs,P066_a-person_17,"""a person"" — cut from P066. The vape gathers, inside and out. My vision blurs. I move toward the window — and you only get further away."
P066_a-human-face_0,image,cut/out/thumbs/P066_a-human-face_0.webp,,01 OUT OF LIFE,a human face,archive · cut-outs,P066_a-human-face_0,"""a human face"" — cut from P066. The vape gathers, inside and out. My vision blurs. I move toward the window — and you only get further away."
P066_a-human-face_1,image,cut/out/thumbs/P066_a-human-face_1.webp,,01 OUT OF LIFE,a human face,archive · cut-outs,P066_a-human-face_1,"""a human face"" — cut from P066. The vape gathers, inside and out. My vision blurs. I move toward the window — and you only get further away."
P066_a-human-face_2,image,cut/out/thumbs/P066_a-human-face_2.webp,,01 OUT OF LIFE,a human face,archive · cut-outs,P066_a-human-face_2,"""a human face"" — cut from P066. The vape gathers, inside and out. My vision blurs. I move toward the window — and you only get further away."
P066_a-human-face_3,image,cut/out/thumbs/P066_a-human-face_3.webp,,01 OUT OF LIFE,a human face,archive · cut-outs,P066_a-human-face_3,"""a human face"" — cut from P066. The vape gathers, inside and out. My vision blurs. I move toward the window — and you only get further away."
P066_a-hand_0,image,cut/out/thumbs/P066_a-hand_0.webp,,01 OUT OF LIFE,a hand,archive · cut-outs,P066_a-hand_0,"""a hand"" — cut from P066. The vape gathers, inside and out. My vision blurs. I move toward the window — and you only get further away."
P066_a-hand_1,image,cut/out/thumbs/P066_a-hand_1.webp,,01 OUT OF LIFE,a hand,archive · cut-outs,P066_a-hand_1,"""a hand"" — cut from P066. The vape gathers, inside and out. My vision blurs. I move toward the window — and you only get further away."
P066_a-hand_3,image,cut/out/thumbs/P066_a-hand_3.webp,,01 OUT OF LIFE,a hand,archive · cut-outs,P066_a-hand_3,"""a hand"" — cut from P066. The vape gathers, inside and out. My vision blurs. I move toward the window — and you only get further away."
P066_a-hand_7,image,cut/out/thumbs/P066_a-hand_7.webp,,01 OUT OF LIFE,a hand,archive · cut-outs,P066_a-hand_7,"""a hand"" — cut from P066. The vape gathers, inside and out. My vision blurs. I move toward the window — and you only get further away."
P066_a-hand_9,image,cut/out/thumbs/P066_a-hand_9.webp,,01 OUT OF LIFE,a hand,archive · cut-outs,P066_a-hand_9,"""a hand"" — cut from P066. The vape gathers, inside and out. My vision blurs. I move toward the window — and you only get further away."
P066_a-window_1,image,cut/out/thumbs/P066_a-window_1.webp,,01 OUT OF LIFE,a window,archive · cut-outs,P066_a-window_1,"""a window"" — cut from P066. The vape gathers, inside and out. My vision blurs. I move toward the window — and you only get further away."
P066_a-window_2,image,cut/out/thumbs/P066_a-window_2.webp,,01 OUT OF LIFE,a window,archive · cut-outs,P066_a-window_2,"""a window"" — cut from P066. The vape gathers, inside and out. My vision blurs. I move toward the window — and you only get further away."
P066_a-window_4,image,cut/out/thumbs/P066_a-window_4.webp,,01 OUT OF LIFE,a window,archive · cut-outs,P066_a-window_4,"""a window"" — cut from P066. The vape gathers, inside and out. My vision blurs. I move toward the window — and you only get further away."
P066_a-window_5,image,cut/out/thumbs/P066_a-window_5.webp,,01 OUT OF LIFE,a window,archive · cut-outs,P066_a-window_5,"""a window"" — cut from P066. The vape gathers, inside and out. My vision blurs. I move toward the window — and you only get further away."
P066_a-window_6,image,cut/out/thumbs/P066_a-window_6.webp,,01 OUT OF LIFE,a window,archive · cut-outs,P066_a-window_6,"""a window"" — cut from P066. The vape gathers, inside and out. My vision blurs. I move toward the window — and you only get further away."
P066_a-window_7,image,cut/out/thumbs/P066_a-window_7.webp,,01 OUT OF LIFE,a window,archive · cut-outs,P066_a-window_7,"""a window"" — cut from P066. The vape gathers, inside and out. My vision blurs. I move toward the window — and you only get further away."
P066_a-window_8,image,cut/out/thumbs/P066_a-window_8.webp,,01 OUT OF LIFE,a window,archive · cut-outs,P066_a-window_8,"""a window"" — cut from P066. The vape gathers, inside and out. My vision blurs. I move toward the window — and you only get further away."
P066_a-window_9,image,cut/out/thumbs/P066_a-window_9.webp,,01 OUT OF LIFE,a window,archive · cut-outs,P066_a-window_9,"""a window"" — cut from P066. The vape gathers, inside and out. My vision blurs. I move toward the window — and you only get further away."
P066_a-window_10,image,cut/out/thumbs/P066_a-window_10.webp,,01 OUT OF LIFE,a window,archive · cut-outs,P066_a-window_10,"""a window"" — cut from P066. The vape gathers, inside and out. My vision blurs. I move toward the window — and you only get further away."
P066_a-window_11,image,cut/out/thumbs/P066_a-window_11.webp,,01 OUT OF LIFE,a window,archive · cut-outs,P066_a-window_11,"""a window"" — cut from P066. The vape gathers, inside and out. My vision blurs. I move toward the window — and you only get further away."
P066_a-window_12,image,cut/out/thumbs/P066_a-window_12.webp,,01 OUT OF LIFE,a window,archive · cut-outs,P066_a-window_12,"""a window"" — cut from P066. The vape gathers, inside and out. My vision blurs. I move toward the window — and you only get further away."
P066_a-window_13,image,cut/out/thumbs/P066_a-window_13.webp,,01 OUT OF LIFE,a window,archive · cut-outs,P066_a-window_13,"""a window"" — cut from P066. The vape gathers, inside and out. My vision blurs. I move toward the window — and you only get further away."
P066_a-window_14,image,cut/out/thumbs/P066_a-window_14.webp,,01 OUT OF LIFE,a window,archive · cut-outs,P066_a-window_14,"""a window"" — cut from P066. The vape gathers, inside and out. My vision blurs. I move toward the window — and you only get further away."
P066_a-window_15,image,cut/out/thumbs/P066_a-window_15.webp,,01 OUT OF LIFE,a window,archive · cut-outs,P066_a-window_15,"""a window"" — cut from P066. The vape gathers, inside and out. My vision blurs. I move toward the window — and you only get further away."
P066_a-window_16,image,cut/out/thumbs/P066_a-window_16.webp,,01 OUT OF LIFE,a window,archive · cut-outs,P066_a-window_16,"""a window"" — cut from P066. The vape gathers, inside and out. My vision blurs. I move toward the window — and you only get further away."
P066_a-window_17,image,cut/out/thumbs/P066_a-window_17.webp,,01 OUT OF LIFE,a window,archive · cut-outs,P066_a-window_17,"""a window"" — cut from P066. The vape gathers, inside and out. My vision blurs. I move toward the window — and you only get further away."
P066_a-window_18,image,cut/out/thumbs/P066_a-window_18.webp,,01 OUT OF LIFE,a window,archive · cut-outs,P066_a-window_18,"""a window"" — cut from P066. The vape gathers, inside and out. My vision blurs. I move toward the window — and you only get further away."
P066_a-window_20,image,cut/out/thumbs/P066_a-window_20.webp,,01 OUT OF LIFE,a window,archive · cut-outs,P066_a-window_20,"""a window"" — cut from P066. The vape gathers, inside and out. My vision blurs. I move toward the window — and you only get further away."
P066_a-window_21,image,cut/out/thumbs/P066_a-window_21.webp,,01 OUT OF LIFE,a window,archive · cut-outs,P066_a-window_21,"""a window"" — cut from P066. The vape gathers, inside and out. My vision blurs. I move toward the window — and you only get further away."
P066_a-window_22,image,cut/out/thumbs/P066_a-window_22.webp,,01 OUT OF LIFE,a window,archive · cut-outs,P066_a-window_22,"""a window"" — cut from P066. The vape gathers, inside and out. My vision blurs. I move toward the window — and you only get further away."
P066_a-light_1,image,cut/out/thumbs/P066_a-light_1.webp,,01 OUT OF LIFE,a light,archive · cut-outs,P066_a-light_1,"""a light"" — cut from P066. The vape gathers, inside and out. My vision blurs. I move toward the window — and you only get further away."
P066_a-light_12,image,cut/out/thumbs/P066_a-light_12.webp,,01 OUT OF LIFE,a light,archive · cut-outs,P066_a-light_12,"""a light"" — cut from P066. The vape gathers, inside and out. My vision blurs. I move toward the window — and you only get further away."
P066_a-light_15,image,cut/out/thumbs/P066_a-light_15.webp,,01 OUT OF LIFE,a light,archive · cut-outs,P066_a-light_15,"""a light"" — cut from P066. The vape gathers, inside and out. My vision blurs. I move toward the window — and you only get further away."
P066_a-light_20,image,cut/out/thumbs/P066_a-light_20.webp,,01 OUT OF LIFE,a light,archive · cut-outs,P066_a-light_20,"""a light"" — cut from P066. The vape gathers, inside and out. My vision blurs. I move toward the window — and you only get further away."
P066_a-light_22,image,cut/out/thumbs/P066_a-light_22.webp,,01 OUT OF LIFE,a light,archive · cut-outs,P066_a-light_22,"""a light"" — cut from P066. The vape gathers, inside and out. My vision blurs. I move toward the window — and you only get further away."
P066_a-light_25,image,cut/out/thumbs/P066_a-light_25.webp,,01 OUT OF LIFE,a light,archive · cut-outs,P066_a-light_25,"""a light"" — cut from P066. The vape gathers, inside and out. My vision blurs. I move toward the window — and you only get further away."
P066_a-light_26,image,cut/out/thumbs/P066_a-light_26.webp,,01 OUT OF LIFE,a light,archive · cut-outs,P066_a-light_26,"""a light"" — cut from P066. The vape gathers, inside and out. My vision blurs. I move toward the window — and you only get further away."
P066_a-light_30,image,cut/out/thumbs/P066_a-light_30.webp,,01 OUT OF LIFE,a light,archive · cut-outs,P066_a-light_30,"""a light"" — cut from P066. The vape gathers, inside and out. My vision blurs. I move toward the window — and you only get further away."
P066_a-light_33,image,cut/out/thumbs/P066_a-light_33.webp,,01 OUT OF LIFE,a light,archive · cut-outs,P066_a-light_33,"""a light"" — cut from P066. The vape gathers, inside and out. My vision blurs. I move toward the window — and you only get further away."
P066_a-lamp_0,image,cut/out/thumbs/P066_a-lamp_0.webp,,01 OUT OF LIFE,a lamp,archive · cut-outs,P066_a-lamp_0,"""a lamp"" — cut from P066. The vape gathers, inside and out. My vision blurs. I move toward the window — and you only get further away."
P066_a-lamp_1,image,cut/out/thumbs/P066_a-lamp_1.webp,,01 OUT OF LIFE,a lamp,archive · cut-outs,P066_a-lamp_1,"""a lamp"" — cut from P066. The vape gathers, inside and out. My vision blurs. I move toward the window — and you only get further away."
P066_a-lamp_2,image,cut/out/thumbs/P066_a-lamp_2.webp,,01 OUT OF LIFE,a lamp,archive · cut-outs,P066_a-lamp_2,"""a lamp"" — cut from P066. The vape gathers, inside and out. My vision blurs. I move toward the window — and you only get further away."
P066_a-building_0,image,cut/out/thumbs/P066_a-building_0.webp,,01 OUT OF LIFE,a building,archive · cut-outs,P066_a-building_0,"""a building"" — cut from P066. The vape gathers, inside and out. My vision blurs. I move toward the window — and you only get further away."
P066_a-building_1,image,cut/out/thumbs/P066_a-building_1.webp,,01 OUT OF LIFE,a building,archive · cut-outs,P066_a-building_1,"""a building"" — cut from P066. The vape gathers, inside and out. My vision blurs. I move toward the window — and you only get further away."
P066_the-sky_0,image,cut/out/thumbs/P066_the-sky_0.webp,,01 OUT OF LIFE,the sky,archive · cut-outs,P066_the-sky_0,"""the sky"" — cut from P066. The vape gathers, inside and out. My vision blurs. I move toward the window — and you only get further away."
P067_a-person_0,image,cut/out/thumbs/P067_a-person_0.webp,,07 DJ TURN ME UP,a person,archive · cut-outs,P067_a-person_0,"""a person"" — cut from P067. I have a love story to tell — of ghosts, whispering unfolded dilutions, birthed in purity, and dying in the vineyards of sun-soaked evergreen fields, unnourished."
P067_a-person_1,image,cut/out/thumbs/P067_a-person_1.webp,,07 DJ TURN ME UP,a person,archive · cut-outs,P067_a-person_1,"""a person"" — cut from P067. I have a love story to tell — of ghosts, whispering unfolded dilutions, birthed in purity, and dying in the vineyards of sun-soaked evergreen fields, unnourished."
P067_a-person_2,image,cut/out/thumbs/P067_a-person_2.webp,,07 DJ TURN ME UP,a person,archive · cut-outs,P067_a-person_2,"""a person"" — cut from P067. I have a love story to tell — of ghosts, whispering unfolded dilutions, birthed in purity, and dying in the vineyards of sun-soaked evergreen fields, unnourished."
P067_a-person_3,image,cut/out/thumbs/P067_a-person_3.webp,,07 DJ TURN ME UP,a person,archive · cut-outs,P067_a-person_3,"""a person"" — cut from P067. I have a love story to tell — of ghosts, whispering unfolded dilutions, birthed in purity, and dying in the vineyards of sun-soaked evergreen fields, unnourished."
P067_a-person_4,image,cut/out/thumbs/P067_a-person_4.webp,,07 DJ TURN ME UP,a person,archive · cut-outs,P067_a-person_4,"""a person"" — cut from P067. I have a love story to tell — of ghosts, whispering unfolded dilutions, birthed in purity, and dying in the vineyards of sun-soaked evergreen fields, unnourished."
P067_a-person_5,image,cut/out/thumbs/P067_a-person_5.webp,,07 DJ TURN ME UP,a person,archive · cut-outs,P067_a-person_5,"""a person"" — cut from P067. I have a love story to tell — of ghosts, whispering unfolded dilutions, birthed in purity, and dying in the vineyards of sun-soaked evergreen fields, unnourished."
P067_a-person_6,image,cut/out/thumbs/P067_a-person_6.webp,,07 DJ TURN ME UP,a person,archive · cut-outs,P067_a-person_6,"""a person"" — cut from P067. I have a love story to tell — of ghosts, whispering unfolded dilutions, birthed in purity, and dying in the vineyards of sun-soaked evergreen fields, unnourished."
P067_a-person_7,image,cut/out/thumbs/P067_a-person_7.webp,,07 DJ TURN ME UP,a person,archive · cut-outs,P067_a-person_7,"""a person"" — cut from P067. I have a love story to tell — of ghosts, whispering unfolded dilutions, birthed in purity, and dying in the vineyards of sun-soaked evergreen fields, unnourished."
P067_a-human-face_0,image,cut/out/thumbs/P067_a-human-face_0.webp,,07 DJ TURN ME UP,a human face,archive · cut-outs,P067_a-human-face_0,"""a human face"" — cut from P067. I have a love story to tell — of ghosts, whispering unfolded dilutions, birthed in purity, and dying in the vineyards of sun-soaked evergreen fields, unnourished."
P067_a-human-face_1,image,cut/out/thumbs/P067_a-human-face_1.webp,,07 DJ TURN ME UP,a human face,archive · cut-outs,P067_a-human-face_1,"""a human face"" — cut from P067. I have a love story to tell — of ghosts, whispering unfolded dilutions, birthed in purity, and dying in the vineyards of sun-soaked evergreen fields, unnourished."
P067_a-human-face_2,image,cut/out/thumbs/P067_a-human-face_2.webp,,07 DJ TURN ME UP,a human face,archive · cut-outs,P067_a-human-face_2,"""a human face"" — cut from P067. I have a love story to tell — of ghosts, whispering unfolded dilutions, birthed in purity, and dying in the vineyards of sun-soaked evergreen fields, unnourished."
P067_a-hand_0,image,cut/out/thumbs/P067_a-hand_0.webp,,07 DJ TURN ME UP,a hand,archive · cut-outs,P067_a-hand_0,"""a hand"" — cut from P067. I have a love story to tell — of ghosts, whispering unfolded dilutions, birthed in purity, and dying in the vineyards of sun-soaked evergreen fields, unnourished."
P067_a-light_1,image,cut/out/thumbs/P067_a-light_1.webp,,07 DJ TURN ME UP,a light,archive · cut-outs,P067_a-light_1,"""a light"" — cut from P067. I have a love story to tell — of ghosts, whispering unfolded dilutions, birthed in purity, and dying in the vineyards of sun-soaked evergreen fields, unnourished."
P067_a-light_2,image,cut/out/thumbs/P067_a-light_2.webp,,07 DJ TURN ME UP,a light,archive · cut-outs,P067_a-light_2,"""a light"" — cut from P067. I have a love story to tell — of ghosts, whispering unfolded dilutions, birthed in purity, and dying in the vineyards of sun-soaked evergreen fields, unnourished."
P067_a-light_6,image,cut/out/thumbs/P067_a-light_6.webp,,07 DJ TURN ME UP,a light,archive · cut-outs,P067_a-light_6,"""a light"" — cut from P067. I have a love story to tell — of ghosts, whispering unfolded dilutions, birthed in purity, and dying in the vineyards of sun-soaked evergreen fields, unnourished."
P067_a-light_11,image,cut/out/thumbs/P067_a-light_11.webp,,07 DJ TURN ME UP,a light,archive · cut-outs,P067_a-light_11,"""a light"" — cut from P067. I have a love story to tell — of ghosts, whispering unfolded dilutions, birthed in purity, and dying in the vineyards of sun-soaked evergreen fields, unnourished."
P067_a-light_18,image,cut/out/thumbs/P067_a-light_18.webp,,07 DJ TURN ME UP,a light,archive · cut-outs,P067_a-light_18,"""a light"" — cut from P067. I have a love story to tell — of ghosts, whispering unfolded dilutions, birthed in purity, and dying in the vineyards of sun-soaked evergreen fields, unnourished."
P067_a-light_19,image,cut/out/thumbs/P067_a-light_19.webp,,07 DJ TURN ME UP,a light,archive · cut-outs,P067_a-light_19,"""a light"" — cut from P067. I have a love story to tell — of ghosts, whispering unfolded dilutions, birthed in purity, and dying in the vineyards of sun-soaked evergreen fields, unnourished."
P067_a-light_22,image,cut/out/thumbs/P067_a-light_22.webp,,07 DJ TURN ME UP,a light,archive · cut-outs,P067_a-light_22,"""a light"" — cut from P067. I have a love story to tell — of ghosts, whispering unfolded dilutions, birthed in purity, and dying in the vineyards of sun-soaked evergreen fields, unnourished."
P067_a-light_23,image,cut/out/thumbs/P067_a-light_23.webp,,07 DJ TURN ME UP,a light,archive · cut-outs,P067_a-light_23,"""a light"" — cut from P067. I have a love story to tell — of ghosts, whispering unfolded dilutions, birthed in purity, and dying in the vineyards of sun-soaked evergreen fields, unnourished."
P067_a-light_24,image,cut/out/thumbs/P067_a-light_24.webp,,07 DJ TURN ME UP,a light,archive · cut-outs,P067_a-light_24,"""a light"" — cut from P067. I have a love story to tell — of ghosts, whispering unfolded dilutions, birthed in purity, and dying in the vineyards of sun-soaked evergreen fields, unnourished."
P067_a-light_25,image,cut/out/thumbs/P067_a-light_25.webp,,07 DJ TURN ME UP,a light,archive · cut-outs,P067_a-light_25,"""a light"" — cut from P067. I have a love story to tell — of ghosts, whispering unfolded dilutions, birthed in purity, and dying in the vineyards of sun-soaked evergreen fields, unnourished."
P067_a-light_26,image,cut/out/thumbs/P067_a-light_26.webp,,07 DJ TURN ME UP,a light,archive · cut-outs,P067_a-light_26,"""a light"" — cut from P067. I have a love story to tell — of ghosts, whispering unfolded dilutions, birthed in purity, and dying in the vineyards of sun-soaked evergreen fields, unnourished."
P067_a-light_27,image,cut/out/thumbs/P067_a-light_27.webp,,07 DJ TURN ME UP,a light,archive · cut-outs,P067_a-light_27,"""a light"" — cut from P067. I have a love story to tell — of ghosts, whispering unfolded dilutions, birthed in purity, and dying in the vineyards of sun-soaked evergreen fields, unnourished."
P067_a-light_28,image,cut/out/thumbs/P067_a-light_28.webp,,07 DJ TURN ME UP,a light,archive · cut-outs,P067_a-light_28,"""a light"" — cut from P067. I have a love story to tell — of ghosts, whispering unfolded dilutions, birthed in purity, and dying in the vineyards of sun-soaked evergreen fields, unnourished."
P067_a-light_29,image,cut/out/thumbs/P067_a-light_29.webp,,07 DJ TURN ME UP,a light,archive · cut-outs,P067_a-light_29,"""a light"" — cut from P067. I have a love story to tell — of ghosts, whispering unfolded dilutions, birthed in purity, and dying in the vineyards of sun-soaked evergreen fields, unnourished."
P067_a-light_34,image,cut/out/thumbs/P067_a-light_34.webp,,07 DJ TURN ME UP,a light,archive · cut-outs,P067_a-light_34,"""a light"" — cut from P067. I have a love story to tell — of ghosts, whispering unfolded dilutions, birthed in purity, and dying in the vineyards of sun-soaked evergreen fields, unnourished."
P067_a-light_38,image,cut/out/thumbs/P067_a-light_38.webp,,07 DJ TURN ME UP,a light,archive · cut-outs,P067_a-light_38,"""a light"" — cut from P067. I have a love story to tell — of ghosts, whispering unfolded dilutions, birthed in purity, and dying in the vineyards of sun-soaked evergreen fields, unnourished."
P067_a-light_39,image,cut/out/thumbs/P067_a-light_39.webp,,07 DJ TURN ME UP,a light,archive · cut-outs,P067_a-light_39,"""a light"" — cut from P067. I have a love story to tell — of ghosts, whispering unfolded dilutions, birthed in purity, and dying in the vineyards of sun-soaked evergreen fields, unnourished."
P067_a-light_40,image,cut/out/thumbs/P067_a-light_40.webp,,07 DJ TURN ME UP,a light,archive · cut-outs,P067_a-light_40,"""a light"" — cut from P067. I have a love story to tell — of ghosts, whispering unfolded dilutions, birthed in purity, and dying in the vineyards of sun-soaked evergreen fields, unnourished."
P067_a-light_41,image,cut/out/thumbs/P067_a-light_41.webp,,07 DJ TURN ME UP,a light,archive · cut-outs,P067_a-light_41,"""a light"" — cut from P067. I have a love story to tell — of ghosts, whispering unfolded dilutions, birthed in purity, and dying in the vineyards of sun-soaked evergreen fields, unnourished."
P067_a-light_43,image,cut/out/thumbs/P067_a-light_43.webp,,07 DJ TURN ME UP,a light,archive · cut-outs,P067_a-light_43,"""a light"" — cut from P067. I have a love story to tell — of ghosts, whispering unfolded dilutions, birthed in purity, and dying in the vineyards of sun-soaked evergreen fields, unnourished."
P067_a-light_46,image,cut/out/thumbs/P067_a-light_46.webp,,07 DJ TURN ME UP,a light,archive · cut-outs,P067_a-light_46,"""a light"" — cut from P067. I have a love story to tell — of ghosts, whispering unfolded dilutions, birthed in purity, and dying in the vineyards of sun-soaked evergreen fields, unnourished."
P067_a-light_47,image,cut/out/thumbs/P067_a-light_47.webp,,07 DJ TURN ME UP,a light,archive · cut-outs,P067_a-light_47,"""a light"" — cut from P067. I have a love story to tell — of ghosts, whispering unfolded dilutions, birthed in purity, and dying in the vineyards of sun-soaked evergreen fields, unnourished."
P067_a-light_49,image,cut/out/thumbs/P067_a-light_49.webp,,07 DJ TURN ME UP,a light,archive · cut-outs,P067_a-light_49,"""a light"" — cut from P067. I have a love story to tell — of ghosts, whispering unfolded dilutions, birthed in purity, and dying in the vineyards of sun-soaked evergreen fields, unnourished."
P067_a-neon-sign_0,image,cut/out/thumbs/P067_a-neon-sign_0.webp,,07 DJ TURN ME UP,a neon sign,archive · cut-outs,P067_a-neon-sign_0,"""a neon sign"" — cut from P067. I have a love story to tell — of ghosts, whispering unfolded dilutions, birthed in purity, and dying in the vineyards of sun-soaked evergreen fields, unnourished."
P067_a-neon-sign_1,image,cut/out/thumbs/P067_a-neon-sign_1.webp,,07 DJ TURN ME UP,a neon sign,archive · cut-outs,P067_a-neon-sign_1,"""a neon sign"" — cut from P067. I have a love story to tell — of ghosts, whispering unfolded dilutions, birthed in purity, and dying in the vineyards of sun-soaked evergreen fields, unnourished."
P067_a-neon-sign_2,image,cut/out/thumbs/P067_a-neon-sign_2.webp,,07 DJ TURN ME UP,a neon sign,archive · cut-outs,P067_a-neon-sign_2,"""a neon sign"" — cut from P067. I have a love story to tell — of ghosts, whispering unfolded dilutions, birthed in purity, and dying in the vineyards of sun-soaked evergreen fields, unnourished."
P067_a-neon-sign_3,image,cut/out/thumbs/P067_a-neon-sign_3.webp,,07 DJ TURN ME UP,a neon sign,archive · cut-outs,P067_a-neon-sign_3,"""a neon sign"" — cut from P067. I have a love story to tell — of ghosts, whispering unfolded dilutions, birthed in purity, and dying in the vineyards of sun-soaked evergreen fields, unnourished."
P067_a-neon-sign_4,image,cut/out/thumbs/P067_a-neon-sign_4.webp,,07 DJ TURN ME UP,a neon sign,archive · cut-outs,P067_a-neon-sign_4,"""a neon sign"" — cut from P067. I have a love story to tell — of ghosts, whispering unfolded dilutions, birthed in purity, and dying in the vineyards of sun-soaked evergreen fields, unnourished."
P067_a-neon-sign_5,image,cut/out/thumbs/P067_a-neon-sign_5.webp,,07 DJ TURN ME UP,a neon sign,archive · cut-outs,P067_a-neon-sign_5,"""a neon sign"" — cut from P067. I have a love story to tell — of ghosts, whispering unfolded dilutions, birthed in purity, and dying in the vineyards of sun-soaked evergreen fields, unnourished."
P067_a-neon-sign_6,image,cut/out/thumbs/P067_a-neon-sign_6.webp,,07 DJ TURN ME UP,a neon sign,archive · cut-outs,P067_a-neon-sign_6,"""a neon sign"" — cut from P067. I have a love story to tell — of ghosts, whispering unfolded dilutions, birthed in purity, and dying in the vineyards of sun-soaked evergreen fields, unnourished."
P067_a-neon-sign_7,image,cut/out/thumbs/P067_a-neon-sign_7.webp,,07 DJ TURN ME UP,a neon sign,archive · cut-outs,P067_a-neon-sign_7,"""a neon sign"" — cut from P067. I have a love story to tell — of ghosts, whispering unfolded dilutions, birthed in purity, and dying in the vineyards of sun-soaked evergreen fields, unnourished."
P067_a-neon-sign_8,image,cut/out/thumbs/P067_a-neon-sign_8.webp,,07 DJ TURN ME UP,a neon sign,archive · cut-outs,P067_a-neon-sign_8,"""a neon sign"" — cut from P067. I have a love story to tell — of ghosts, whispering unfolded dilutions, birthed in purity, and dying in the vineyards of sun-soaked evergreen fields, unnourished."
P067_a-neon-sign_9,image,cut/out/thumbs/P067_a-neon-sign_9.webp,,07 DJ TURN ME UP,a neon sign,archive · cut-outs,P067_a-neon-sign_9,"""a neon sign"" — cut from P067. I have a love story to tell — of ghosts, whispering unfolded dilutions, birthed in purity, and dying in the vineyards of sun-soaked evergreen fields, unnourished."
P067_a-neon-sign_10,image,cut/out/thumbs/P067_a-neon-sign_10.webp,,07 DJ TURN ME UP,a neon sign,archive · cut-outs,P067_a-neon-sign_10,"""a neon sign"" — cut from P067. I have a love story to tell — of ghosts, whispering unfolded dilutions, birthed in purity, and dying in the vineyards of sun-soaked evergreen fields, unnourished."
P067_a-neon-sign_11,image,cut/out/thumbs/P067_a-neon-sign_11.webp,,07 DJ TURN ME UP,a neon sign,archive · cut-outs,P067_a-neon-sign_11,"""a neon sign"" — cut from P067. I have a love story to tell — of ghosts, whispering unfolded dilutions, birthed in purity, and dying in the vineyards of sun-soaked evergreen fields, unnourished."
P067_a-neon-sign_12,image,cut/out/thumbs/P067_a-neon-sign_12.webp,,07 DJ TURN ME UP,a neon sign,archive · cut-outs,P067_a-neon-sign_12,"""a neon sign"" — cut from P067. I have a love story to tell — of ghosts, whispering unfolded dilutions, birthed in purity, and dying in the vineyards of sun-soaked evergreen fields, unnourished."
P067_a-neon-sign_13,image,cut/out/thumbs/P067_a-neon-sign_13.webp,,07 DJ TURN ME UP,a neon sign,archive · cut-outs,P067_a-neon-sign_13,"""a neon sign"" — cut from P067. I have a love story to tell — of ghosts, whispering unfolded dilutions, birthed in purity, and dying in the vineyards of sun-soaked evergreen fields, unnourished."
P067_a-road_0,image,cut/out/thumbs/P067_a-road_0.webp,,07 DJ TURN ME UP,a road,archive · cut-outs,P067_a-road_0,"""a road"" — cut from P067. I have a love story to tell — of ghosts, whispering unfolded dilutions, birthed in purity, and dying in the vineyards of sun-soaked evergreen fields, unnourished."
P067_a-building_0,image,cut/out/thumbs/P067_a-building_0.webp,,07 DJ TURN ME UP,a building,archive · cut-outs,P067_a-building_0,"""a building"" — cut from P067. I have a love story to tell — of ghosts, whispering unfolded dilutions, birthed in purity, and dying in the vineyards of sun-soaked evergreen fields, unnourished."
P067_a-building_1,image,cut/out/thumbs/P067_a-building_1.webp,,07 DJ TURN ME UP,a building,archive · cut-outs,P067_a-building_1,"""a building"" — cut from P067. I have a love story to tell — of ghosts, whispering unfolded dilutions, birthed in purity, and dying in the vineyards of sun-soaked evergreen fields, unnourished."
P067_a-building_2,image,cut/out/thumbs/P067_a-building_2.webp,,07 DJ TURN ME UP,a building,archive · cut-outs,P067_a-building_2,"""a building"" — cut from P067. I have a love story to tell — of ghosts, whispering unfolded dilutions, birthed in purity, and dying in the vineyards of sun-soaked evergreen fields, unnourished."
P067_a-building_3,image,cut/out/thumbs/P067_a-building_3.webp,,07 DJ TURN ME UP,a building,archive · cut-outs,P067_a-building_3,"""a building"" — cut from P067. I have a love story to tell — of ghosts, whispering unfolded dilutions, birthed in purity, and dying in the vineyards of sun-soaked evergreen fields, unnourished."
P067_the-sky_0,image,cut/out/thumbs/P067_the-sky_0.webp,,07 DJ TURN ME UP,the sky,archive · cut-outs,P067_the-sky_0,"""the sky"" — cut from P067. I have a love story to tell — of ghosts, whispering unfolded dilutions, birthed in purity, and dying in the vineyards of sun-soaked evergreen fields, unnourished."
P068_a-person_0,image,cut/out/thumbs/P068_a-person_0.webp,,01 OUT OF LIFE,a person,archive · cut-outs,P068_a-person_0,"""a person"" — cut from P068. The vape gathers, inside and out. My vision blurs. I move toward the window — and you only get further away."
P068_a-hand_0,image,cut/out/thumbs/P068_a-hand_0.webp,,01 OUT OF LIFE,a hand,archive · cut-outs,P068_a-hand_0,"""a hand"" — cut from P068. The vape gathers, inside and out. My vision blurs. I move toward the window — and you only get further away."
P068_a-person-in-mid-air_0,image,cut/out/thumbs/P068_a-person-in-mid-air_0.webp,,01 OUT OF LIFE,a person in mid-air,archive · cut-outs,P068_a-person-in-mid-air_0,"""a person in mid-air"" — cut from P068. The vape gathers, inside and out. My vision blurs. I move toward the window — and you only get further away."
P068_a-wall_0,image,cut/out/thumbs/P068_a-wall_0.webp,,01 OUT OF LIFE,a wall,archive · cut-outs,P068_a-wall_0,"""a wall"" — cut from P068. The vape gathers, inside and out. My vision blurs. I move toward the window — and you only get further away."
P068_a-wall_1,image,cut/out/thumbs/P068_a-wall_1.webp,,01 OUT OF LIFE,a wall,archive · cut-outs,P068_a-wall_1,"""a wall"" — cut from P068. The vape gathers, inside and out. My vision blurs. I move toward the window — and you only get further away."
P069_a-person_0,image,cut/out/thumbs/P069_a-person_0.webp,,01 OUT OF LIFE,a person,archive · cut-outs,P069_a-person_0,"""a person"" — cut from P069. The vape gathers, inside and out. My vision blurs. I move toward the window — and you only get further away."
P069_a-human-face_0,image,cut/out/thumbs/P069_a-human-face_0.webp,,01 OUT OF LIFE,a human face,archive · cut-outs,P069_a-human-face_0,"""a human face"" — cut from P069. The vape gathers, inside and out. My vision blurs. I move toward the window — and you only get further away."
P069_a-person-in-mid-air_0,image,cut/out/thumbs/P069_a-person-in-mid-air_0.webp,,01 OUT OF LIFE,a person in mid-air,archive · cut-outs,P069_a-person-in-mid-air_0,"""a person in mid-air"" — cut from P069. The vape gathers, inside and out. My vision blurs. I move toward the window — and you only get further away."
P069_the-sky_0,image,cut/out/thumbs/P069_the-sky_0.webp,,01 OUT OF LIFE,the sky,archive · cut-outs,P069_the-sky_0,"""the sky"" — cut from P069. The vape gathers, inside and out. My vision blurs. I move toward the window — and you only get further away."
P069_water_0,image,cut/out/thumbs/P069_water_0.webp,,01 OUT OF LIFE,water,archive · cut-outs,P069_water_0,"""water"" — cut from P069. The vape gathers, inside and out. My vision blurs. I move toward the window — and you only get further away."
P070_a-person_0,image,cut/out/thumbs/P070_a-person_0.webp,,01 OUT OF LIFE,a person,archive · cut-outs,P070_a-person_0,"""a person"" — cut from P070. The vape gathers, inside and out. My vision blurs. I move toward the window — and you only get further away."
P070_a-human-face_0,image,cut/out/thumbs/P070_a-human-face_0.webp,,01 OUT OF LIFE,a human face,archive · cut-outs,P070_a-human-face_0,"""a human face"" — cut from P070. The vape gathers, inside and out. My vision blurs. I move toward the window — and you only get further away."
P070_a-light_0,image,cut/out/thumbs/P070_a-light_0.webp,,01 OUT OF LIFE,a light,archive · cut-outs,P070_a-light_0,"""a light"" — cut from P070. The vape gathers, inside and out. My vision blurs. I move toward the window — and you only get further away."
P071_a-person_0,image,cut/out/thumbs/P071_a-person_0.webp,,13 HOW TO WIN MY HEART,a person,archive · cut-outs,P071_a-person_0,"""a person"" — cut from P071. Then, a distant window. She says: you'll see me. Capture the eyes. Refocus. Step back. Say hello. Don't make me leave. I escaped here for a reason."
P071_a-human-face_0,image,cut/out/thumbs/P071_a-human-face_0.webp,,13 HOW TO WIN MY HEART,a human face,archive · cut-outs,P071_a-human-face_0,"""a human face"" — cut from P071. Then, a distant window. She says: you'll see me. Capture the eyes. Refocus. Step back. Say hello. Don't make me leave. I escaped here for a reason."
P071_a-wall_0,image,cut/out/thumbs/P071_a-wall_0.webp,,13 HOW TO WIN MY HEART,a wall,archive · cut-outs,P071_a-wall_0,"""a wall"" — cut from P071. Then, a distant window. She says: you'll see me. Capture the eyes. Refocus. Step back. Say hello. Don't make me leave. I escaped here for a reason."
P071_the-sky_0,image,cut/out/thumbs/P071_the-sky_0.webp,,13 HOW TO WIN MY HEART,the sky,archive · cut-outs,P071_the-sky_0,"""the sky"" — cut from P071. Then, a distant window. She says: you'll see me. Capture the eyes. Refocus. Step back. Say hello. Don't make me leave. I escaped here for a reason."
P072_a-person_0,image,cut/out/thumbs/P072_a-person_0.webp,,13 HOW TO WIN MY HEART,a person,archive · cut-outs,P072_a-person_0,"""a person"" — cut from P072. Then, a distant window. She says: you'll see me. Capture the eyes. Refocus. Step back. Say hello. Don't make me leave. I escaped here for a reason."
P072_a-human-face_0,image,cut/out/thumbs/P072_a-human-face_0.webp,,13 HOW TO WIN MY HEART,a human face,archive · cut-outs,P072_a-human-face_0,"""a human face"" — cut from P072. Then, a distant window. She says: you'll see me. Capture the eyes. Refocus. Step back. Say hello. Don't make me leave. I escaped here for a reason."
P072_a-hand_0,image,cut/out/thumbs/P072_a-hand_0.webp,,13 HOW TO WIN MY HEART,a hand,archive · cut-outs,P072_a-hand_0,"""a hand"" — cut from P072. Then, a distant window. She says: you'll see me. Capture the eyes. Refocus. Step back. Say hello. Don't make me leave. I escaped here for a reason."
P072_a-hand_1,image,cut/out/thumbs/P072_a-hand_1.webp,,13 HOW TO WIN MY HEART,a hand,archive · cut-outs,P072_a-hand_1,"""a hand"" — cut from P072. Then, a distant window. She says: you'll see me. Capture the eyes. Refocus. Step back. Say hello. Don't make me leave. I escaped here for a reason."
P072_a-person-in-mid-air_0,image,cut/out/thumbs/P072_a-person-in-mid-air_0.webp,,13 HOW TO WIN MY HEART,a person in mid-air,archive · cut-outs,P072_a-person-in-mid-air_0,"""a person in mid-air"" — cut from P072. Then, a distant window. She says: you'll see me. Capture the eyes. Refocus. Step back. Say hello. Don't make me leave. I escaped here for a reason."
P072_a-window_0,image,cut/out/thumbs/P072_a-window_0.webp,,13 HOW TO WIN MY HEART,a window,archive · cut-outs,P072_a-window_0,"""a window"" — cut from P072. Then, a distant window. She says: you'll see me. Capture the eyes. Refocus. Step back. Say hello. Don't make me leave. I escaped here for a reason."
P072_a-window_1,image,cut/out/thumbs/P072_a-window_1.webp,,13 HOW TO WIN MY HEART,a window,archive · cut-outs,P072_a-window_1,"""a window"" — cut from P072. Then, a distant window. She says: you'll see me. Capture the eyes. Refocus. Step back. Say hello. Don't make me leave. I escaped here for a reason."
P072_a-light_2,image,cut/out/thumbs/P072_a-light_2.webp,,13 HOW TO WIN MY HEART,a light,archive · cut-outs,P072_a-light_2,"""a light"" — cut from P072. Then, a distant window. She says: you'll see me. Capture the eyes. Refocus. Step back. Say hello. Don't make me leave. I escaped here for a reason."
P072_a-light_10,image,cut/out/thumbs/P072_a-light_10.webp,,13 HOW TO WIN MY HEART,a light,archive · cut-outs,P072_a-light_10,"""a light"" — cut from P072. Then, a distant window. She says: you'll see me. Capture the eyes. Refocus. Step back. Say hello. Don't make me leave. I escaped here for a reason."
P072_a-light_13,image,cut/out/thumbs/P072_a-light_13.webp,,13 HOW TO WIN MY HEART,a light,archive · cut-outs,P072_a-light_13,"""a light"" — cut from P072. Then, a distant window. She says: you'll see me. Capture the eyes. Refocus. Step back. Say hello. Don't make me leave. I escaped here for a reason."
P072_a-light_19,image,cut/out/thumbs/P072_a-light_19.webp,,13 HOW TO WIN MY HEART,a light,archive · cut-outs,P072_a-light_19,"""a light"" — cut from P072. Then, a distant window. She says: you'll see me. Capture the eyes. Refocus. Step back. Say hello. Don't make me leave. I escaped here for a reason."
P072_a-wall_0,image,cut/out/thumbs/P072_a-wall_0.webp,,13 HOW TO WIN MY HEART,a wall,archive · cut-outs,P072_a-wall_0,"""a wall"" — cut from P072. Then, a distant window. She says: you'll see me. Capture the eyes. Refocus. Step back. Say hello. Don't make me leave. I escaped here for a reason."
P072_a-road_0,image,cut/out/thumbs/P072_a-road_0.webp,,13 HOW TO WIN MY HEART,a road,archive · cut-outs,P072_a-road_0,"""a road"" — cut from P072. Then, a distant window. She says: you'll see me. Capture the eyes. Refocus. Step back. Say hello. Don't make me leave. I escaped here for a reason."
P072_a-building_0,image,cut/out/thumbs/P072_a-building_0.webp,,13 HOW TO WIN MY HEART,a building,archive · cut-outs,P072_a-building_0,"""a building"" — cut from P072. Then, a distant window. She says: you'll see me. Capture the eyes. Refocus. Step back. Say hello. Don't make me leave. I escaped here for a reason."
P072_a-building_1,image,cut/out/thumbs/P072_a-building_1.webp,,13 HOW TO WIN MY HEART,a building,archive · cut-outs,P072_a-building_1,"""a building"" — cut from P072. Then, a distant window. She says: you'll see me. Capture the eyes. Refocus. Step back. Say hello. Don't make me leave. I escaped here for a reason."
P072_a-building_2,image,cut/out/thumbs/P072_a-building_2.webp,,13 HOW TO WIN MY HEART,a building,archive · cut-outs,P072_a-building_2,"""a building"" — cut from P072. Then, a distant window. She says: you'll see me. Capture the eyes. Refocus. Step back. Say hello. Don't make me leave. I escaped here for a reason."
P072_the-sky_0,image,cut/out/thumbs/P072_the-sky_0.webp,,13 HOW TO WIN MY HEART,the sky,archive · cut-outs,P072_the-sky_0,"""the sky"" — cut from P072. Then, a distant window. She says: you'll see me. Capture the eyes. Refocus. Step back. Say hello. Don't make me leave. I escaped here for a reason."
P073_a-person_0,image,cut/out/thumbs/P073_a-person_0.webp,,01 OUT OF LIFE,a person,archive · cut-outs,P073_a-person_0,"""a person"" — cut from P073. The vape gathers, inside and out. My vision blurs. I move toward the window — and you only get further away."
P073_a-person_1,image,cut/out/thumbs/P073_a-person_1.webp,,01 OUT OF LIFE,a person,archive · cut-outs,P073_a-person_1,"""a person"" — cut from P073. The vape gathers, inside and out. My vision blurs. I move toward the window — and you only get further away."
P073_a-human-face_0,image,cut/out/thumbs/P073_a-human-face_0.webp,,01 OUT OF LIFE,a human face,archive · cut-outs,P073_a-human-face_0,"""a human face"" — cut from P073. The vape gathers, inside and out. My vision blurs. I move toward the window — and you only get further away."
P073_a-human-face_1,image,cut/out/thumbs/P073_a-human-face_1.webp,,01 OUT OF LIFE,a human face,archive · cut-outs,P073_a-human-face_1,"""a human face"" — cut from P073. The vape gathers, inside and out. My vision blurs. I move toward the window — and you only get further away."
P076_a-person_0,image,cut/out/thumbs/P076_a-person_0.webp,,01 OUT OF LIFE,a person,archive · cut-outs,P076_a-person_0,"""a person"" — cut from P076. The vape gathers, inside and out. My vision blurs. I move toward the window — and you only get further away."
P076_a-human-face_0,image,cut/out/thumbs/P076_a-human-face_0.webp,,01 OUT OF LIFE,a human face,archive · cut-outs,P076_a-human-face_0,"""a human face"" — cut from P076. The vape gathers, inside and out. My vision blurs. I move toward the window — and you only get further away."
P076_a-hand_1,image,cut/out/thumbs/P076_a-hand_1.webp,,01 OUT OF LIFE,a hand,archive · cut-outs,P076_a-hand_1,"""a hand"" — cut from P076. The vape gathers, inside and out. My vision blurs. I move toward the window — and you only get further away."
P076_a-person-in-mid-air_0,image,cut/out/thumbs/P076_a-person-in-mid-air_0.webp,,01 OUT OF LIFE,a person in mid-air,archive · cut-outs,P076_a-person-in-mid-air_0,"""a person in mid-air"" — cut from P076. The vape gathers, inside and out. My vision blurs. I move toward the window — and you only get further away."
P076_a-light_0,image,cut/out/thumbs/P076_a-light_0.webp,,01 OUT OF LIFE,a light,archive · cut-outs,P076_a-light_0,"""a light"" — cut from P076. The vape gathers, inside and out. My vision blurs. I move toward the window — and you only get further away."
P076_a-light_1,image,cut/out/thumbs/P076_a-light_1.webp,,01 OUT OF LIFE,a light,archive · cut-outs,P076_a-light_1,"""a light"" — cut from P076. The vape gathers, inside and out. My vision blurs. I move toward the window — and you only get further away."
P076_a-light_2,image,cut/out/thumbs/P076_a-light_2.webp,,01 OUT OF LIFE,a light,archive · cut-outs,P076_a-light_2,"""a light"" — cut from P076. The vape gathers, inside and out. My vision blurs. I move toward the window — and you only get further away."
P076_a-light_3,image,cut/out/thumbs/P076_a-light_3.webp,,01 OUT OF LIFE,a light,archive · cut-outs,P076_a-light_3,"""a light"" — cut from P076. The vape gathers, inside and out. My vision blurs. I move toward the window — and you only get further away."
P076_a-light_6,image,cut/out/thumbs/P076_a-light_6.webp,,01 OUT OF LIFE,a light,archive · cut-outs,P076_a-light_6,"""a light"" — cut from P076. The vape gathers, inside and out. My vision blurs. I move toward the window — and you only get further away."
P076_a-light_8,image,cut/out/thumbs/P076_a-light_8.webp,,01 OUT OF LIFE,a light,archive · cut-outs,P076_a-light_8,"""a light"" — cut from P076. The vape gathers, inside and out. My vision blurs. I move toward the window — and you only get further away."
P076_a-light_12,image,cut/out/thumbs/P076_a-light_12.webp,,01 OUT OF LIFE,a light,archive · cut-outs,P076_a-light_12,"""a light"" — cut from P076. The vape gathers, inside and out. My vision blurs. I move toward the window — and you only get further away."
P076_a-light_15,image,cut/out/thumbs/P076_a-light_15.webp,,01 OUT OF LIFE,a light,archive · cut-outs,P076_a-light_15,"""a light"" — cut from P076. The vape gathers, inside and out. My vision blurs. I move toward the window — and you only get further away."
P076_a-neon-sign_0,image,cut/out/thumbs/P076_a-neon-sign_0.webp,,01 OUT OF LIFE,a neon sign,archive · cut-outs,P076_a-neon-sign_0,"""a neon sign"" — cut from P076. The vape gathers, inside and out. My vision blurs. I move toward the window — and you only get further away."
P076_a-neon-sign_1,image,cut/out/thumbs/P076_a-neon-sign_1.webp,,01 OUT OF LIFE,a neon sign,archive · cut-outs,P076_a-neon-sign_1,"""a neon sign"" — cut from P076. The vape gathers, inside and out. My vision blurs. I move toward the window — and you only get further away."
P076_a-road_0,image,cut/out/thumbs/P076_a-road_0.webp,,01 OUT OF LIFE,a road,archive · cut-outs,P076_a-road_0,"""a road"" — cut from P076. The vape gathers, inside and out. My vision blurs. I move toward the window — and you only get further away."
P076_water_0,image,cut/out/thumbs/P076_water_0.webp,,01 OUT OF LIFE,water,archive · cut-outs,P076_water_0,"""water"" — cut from P076. The vape gathers, inside and out. My vision blurs. I move toward the window — and you only get further away."
P077_a-person_0,image,cut/out/thumbs/P077_a-person_0.webp,,05 BLOODLINES,a person,archive · cut-outs,P077_a-person_0,"""a person"" — cut from P077. It didn't. To dream was to prevail."
P077_a-human-face_0,image,cut/out/thumbs/P077_a-human-face_0.webp,,05 BLOODLINES,a human face,archive · cut-outs,P077_a-human-face_0,"""a human face"" — cut from P077. It didn't. To dream was to prevail."
P077_a-person-in-mid-air_0,image,cut/out/thumbs/P077_a-person-in-mid-air_0.webp,,05 BLOODLINES,a person in mid-air,archive · cut-outs,P077_a-person-in-mid-air_0,"""a person in mid-air"" — cut from P077. It didn't. To dream was to prevail."
P077_a-light_2,image,cut/out/thumbs/P077_a-light_2.webp,,05 BLOODLINES,a light,archive · cut-outs,P077_a-light_2,"""a light"" — cut from P077. It didn't. To dream was to prevail."
P077_a-light_4,image,cut/out/thumbs/P077_a-light_4.webp,,05 BLOODLINES,a light,archive · cut-outs,P077_a-light_4,"""a light"" — cut from P077. It didn't. To dream was to prevail."
P077_a-light_10,image,cut/out/thumbs/P077_a-light_10.webp,,05 BLOODLINES,a light,archive · cut-outs,P077_a-light_10,"""a light"" — cut from P077. It didn't. To dream was to prevail."
P077_a-light_14,image,cut/out/thumbs/P077_a-light_14.webp,,05 BLOODLINES,a light,archive · cut-outs,P077_a-light_14,"""a light"" — cut from P077. It didn't. To dream was to prevail."
P077_a-light_16,image,cut/out/thumbs/P077_a-light_16.webp,,05 BLOODLINES,a light,archive · cut-outs,P077_a-light_16,"""a light"" — cut from P077. It didn't. To dream was to prevail."
P077_a-light_24,image,cut/out/thumbs/P077_a-light_24.webp,,05 BLOODLINES,a light,archive · cut-outs,P077_a-light_24,"""a light"" — cut from P077. It didn't. To dream was to prevail."
P077_a-light_25,image,cut/out/thumbs/P077_a-light_25.webp,,05 BLOODLINES,a light,archive · cut-outs,P077_a-light_25,"""a light"" — cut from P077. It didn't. To dream was to prevail."
P077_a-light_29,image,cut/out/thumbs/P077_a-light_29.webp,,05 BLOODLINES,a light,archive · cut-outs,P077_a-light_29,"""a light"" — cut from P077. It didn't. To dream was to prevail."
P077_a-road_0,image,cut/out/thumbs/P077_a-road_0.webp,,05 BLOODLINES,a road,archive · cut-outs,P077_a-road_0,"""a road"" — cut from P077. It didn't. To dream was to prevail."
P077_a-road_1,image,cut/out/thumbs/P077_a-road_1.webp,,05 BLOODLINES,a road,archive · cut-outs,P077_a-road_1,"""a road"" — cut from P077. It didn't. To dream was to prevail."
P077_a-road_2,image,cut/out/thumbs/P077_a-road_2.webp,,05 BLOODLINES,a road,archive · cut-outs,P077_a-road_2,"""a road"" — cut from P077. It didn't. To dream was to prevail."
P077_the-sky_0,image,cut/out/thumbs/P077_the-sky_0.webp,,05 BLOODLINES,the sky,archive · cut-outs,P077_the-sky_0,"""the sky"" — cut from P077. It didn't. To dream was to prevail."
P078_a-person_0,image,cut/out/thumbs/P078_a-person_0.webp,,05 BLOODLINES,a person,archive · cut-outs,P078_a-person_0,"""a person"" — cut from P078. It didn't. To dream was to prevail."
P078_a-person_1,image,cut/out/thumbs/P078_a-person_1.webp,,05 BLOODLINES,a person,archive · cut-outs,P078_a-person_1,"""a person"" — cut from P078. It didn't. To dream was to prevail."
P078_a-person_2,image,cut/out/thumbs/P078_a-person_2.webp,,05 BLOODLINES,a person,archive · cut-outs,P078_a-person_2,"""a person"" — cut from P078. It didn't. To dream was to prevail."
P078_a-window_0,image,cut/out/thumbs/P078_a-window_0.webp,,05 BLOODLINES,a window,archive · cut-outs,P078_a-window_0,"""a window"" — cut from P078. It didn't. To dream was to prevail."
P078_a-window_1,image,cut/out/thumbs/P078_a-window_1.webp,,05 BLOODLINES,a window,archive · cut-outs,P078_a-window_1,"""a window"" — cut from P078. It didn't. To dream was to prevail."
P078_a-window_3,image,cut/out/thumbs/P078_a-window_3.webp,,05 BLOODLINES,a window,archive · cut-outs,P078_a-window_3,"""a window"" — cut from P078. It didn't. To dream was to prevail."
P078_a-window_6,image,cut/out/thumbs/P078_a-window_6.webp,,05 BLOODLINES,a window,archive · cut-outs,P078_a-window_6,"""a window"" — cut from P078. It didn't. To dream was to prevail."
P078_a-window_7,image,cut/out/thumbs/P078_a-window_7.webp,,05 BLOODLINES,a window,archive · cut-outs,P078_a-window_7,"""a window"" — cut from P078. It didn't. To dream was to prevail."
P078_a-window_8,image,cut/out/thumbs/P078_a-window_8.webp,,05 BLOODLINES,a window,archive · cut-outs,P078_a-window_8,"""a window"" — cut from P078. It didn't. To dream was to prevail."
P078_a-window_10,image,cut/out/thumbs/P078_a-window_10.webp,,05 BLOODLINES,a window,archive · cut-outs,P078_a-window_10,"""a window"" — cut from P078. It didn't. To dream was to prevail."
P078_a-window_12,image,cut/out/thumbs/P078_a-window_12.webp,,05 BLOODLINES,a window,archive · cut-outs,P078_a-window_12,"""a window"" — cut from P078. It didn't. To dream was to prevail."
P078_a-window_13,image,cut/out/thumbs/P078_a-window_13.webp,,05 BLOODLINES,a window,archive · cut-outs,P078_a-window_13,"""a window"" — cut from P078. It didn't. To dream was to prevail."
P078_a-light_0,image,cut/out/thumbs/P078_a-light_0.webp,,05 BLOODLINES,a light,archive · cut-outs,P078_a-light_0,"""a light"" — cut from P078. It didn't. To dream was to prevail."
P078_a-light_1,image,cut/out/thumbs/P078_a-light_1.webp,,05 BLOODLINES,a light,archive · cut-outs,P078_a-light_1,"""a light"" — cut from P078. It didn't. To dream was to prevail."
P078_a-light_3,image,cut/out/thumbs/P078_a-light_3.webp,,05 BLOODLINES,a light,archive · cut-outs,P078_a-light_3,"""a light"" — cut from P078. It didn't. To dream was to prevail."
P078_a-light_4,image,cut/out/thumbs/P078_a-light_4.webp,,05 BLOODLINES,a light,archive · cut-outs,P078_a-light_4,"""a light"" — cut from P078. It didn't. To dream was to prevail."
P078_a-light_5,image,cut/out/thumbs/P078_a-light_5.webp,,05 BLOODLINES,a light,archive · cut-outs,P078_a-light_5,"""a light"" — cut from P078. It didn't. To dream was to prevail."
P078_a-light_6,image,cut/out/thumbs/P078_a-light_6.webp,,05 BLOODLINES,a light,archive · cut-outs,P078_a-light_6,"""a light"" — cut from P078. It didn't. To dream was to prevail."
P078_a-light_9,image,cut/out/thumbs/P078_a-light_9.webp,,05 BLOODLINES,a light,archive · cut-outs,P078_a-light_9,"""a light"" — cut from P078. It didn't. To dream was to prevail."
P078_a-light_10,image,cut/out/thumbs/P078_a-light_10.webp,,05 BLOODLINES,a light,archive · cut-outs,P078_a-light_10,"""a light"" — cut from P078. It didn't. To dream was to prevail."
P078_a-light_11,image,cut/out/thumbs/P078_a-light_11.webp,,05 BLOODLINES,a light,archive · cut-outs,P078_a-light_11,"""a light"" — cut from P078. It didn't. To dream was to prevail."
P078_a-light_12,image,cut/out/thumbs/P078_a-light_12.webp,,05 BLOODLINES,a light,archive · cut-outs,P078_a-light_12,"""a light"" — cut from P078. It didn't. To dream was to prevail."
P078_a-light_14,image,cut/out/thumbs/P078_a-light_14.webp,,05 BLOODLINES,a light,archive · cut-outs,P078_a-light_14,"""a light"" — cut from P078. It didn't. To dream was to prevail."
P078_a-light_20,image,cut/out/thumbs/P078_a-light_20.webp,,05 BLOODLINES,a light,archive · cut-outs,P078_a-light_20,"""a light"" — cut from P078. It didn't. To dream was to prevail."
P078_a-light_21,image,cut/out/thumbs/P078_a-light_21.webp,,05 BLOODLINES,a light,archive · cut-outs,P078_a-light_21,"""a light"" — cut from P078. It didn't. To dream was to prevail."
P078_a-light_23,image,cut/out/thumbs/P078_a-light_23.webp,,05 BLOODLINES,a light,archive · cut-outs,P078_a-light_23,"""a light"" — cut from P078. It didn't. To dream was to prevail."
P078_a-light_24,image,cut/out/thumbs/P078_a-light_24.webp,,05 BLOODLINES,a light,archive · cut-outs,P078_a-light_24,"""a light"" — cut from P078. It didn't. To dream was to prevail."
P078_a-light_25,image,cut/out/thumbs/P078_a-light_25.webp,,05 BLOODLINES,a light,archive · cut-outs,P078_a-light_25,"""a light"" — cut from P078. It didn't. To dream was to prevail."
P078_a-light_26,image,cut/out/thumbs/P078_a-light_26.webp,,05 BLOODLINES,a light,archive · cut-outs,P078_a-light_26,"""a light"" — cut from P078. It didn't. To dream was to prevail."
P078_a-light_27,image,cut/out/thumbs/P078_a-light_27.webp,,05 BLOODLINES,a light,archive · cut-outs,P078_a-light_27,"""a light"" — cut from P078. It didn't. To dream was to prevail."
P078_a-light_28,image,cut/out/thumbs/P078_a-light_28.webp,,05 BLOODLINES,a light,archive · cut-outs,P078_a-light_28,"""a light"" — cut from P078. It didn't. To dream was to prevail."
P078_a-wall_0,image,cut/out/thumbs/P078_a-wall_0.webp,,05 BLOODLINES,a wall,archive · cut-outs,P078_a-wall_0,"""a wall"" — cut from P078. It didn't. To dream was to prevail."
P078_a-road_0,image,cut/out/thumbs/P078_a-road_0.webp,,05 BLOODLINES,a road,archive · cut-outs,P078_a-road_0,"""a road"" — cut from P078. It didn't. To dream was to prevail."
P078_a-building_0,image,cut/out/thumbs/P078_a-building_0.webp,,05 BLOODLINES,a building,archive · cut-outs,P078_a-building_0,"""a building"" — cut from P078. It didn't. To dream was to prevail."
P078_a-building_1,image,cut/out/thumbs/P078_a-building_1.webp,,05 BLOODLINES,a building,archive · cut-outs,P078_a-building_1,"""a building"" — cut from P078. It didn't. To dream was to prevail."
P078_a-building_2,image,cut/out/thumbs/P078_a-building_2.webp,,05 BLOODLINES,a building,archive · cut-outs,P078_a-building_2,"""a building"" — cut from P078. It didn't. To dream was to prevail."
P078_the-sky_0,image,cut/out/thumbs/P078_the-sky_0.webp,,05 BLOODLINES,the sky,archive · cut-outs,P078_the-sky_0,"""the sky"" — cut from P078. It didn't. To dream was to prevail."
P079_a-person_0,image,cut/out/thumbs/P079_a-person_0.webp,,05 BLOODLINES,a person,archive · cut-outs,P079_a-person_0,"""a person"" — cut from P079. Coming of age in the shared rooms of humid basements as bedrooms; mattress pads where Southern pine could comfort my spine."
P079_a-human-face_0,image,cut/out/thumbs/P079_a-human-face_0.webp,,05 BLOODLINES,a human face,archive · cut-outs,P079_a-human-face_0,"""a human face"" — cut from P079. Coming of age in the shared rooms of humid basements as bedrooms; mattress pads where Southern pine could comfort my spine."
P079_a-light_3,image,cut/out/thumbs/P079_a-light_3.webp,,05 BLOODLINES,a light,archive · cut-outs,P079_a-light_3,"""a light"" — cut from P079. Coming of age in the shared rooms of humid basements as bedrooms; mattress pads where Southern pine could comfort my spine."
P079_a-light_6,image,cut/out/thumbs/P079_a-light_6.webp,,05 BLOODLINES,a light,archive · cut-outs,P079_a-light_6,"""a light"" — cut from P079. Coming of age in the shared rooms of humid basements as bedrooms; mattress pads where Southern pine could comfort my spine."
P079_a-light_10,image,cut/out/thumbs/P079_a-light_10.webp,,05 BLOODLINES,a light,archive · cut-outs,P079_a-light_10,"""a light"" — cut from P079. Coming of age in the shared rooms of humid basements as bedrooms; mattress pads where Southern pine could comfort my spine."
P079_a-light_11,image,cut/out/thumbs/P079_a-light_11.webp,,05 BLOODLINES,a light,archive · cut-outs,P079_a-light_11,"""a light"" — cut from P079. Coming of age in the shared rooms of humid basements as bedrooms; mattress pads where Southern pine could comfort my spine."
P079_a-light_12,image,cut/out/thumbs/P079_a-light_12.webp,,05 BLOODLINES,a light,archive · cut-outs,P079_a-light_12,"""a light"" — cut from P079. Coming of age in the shared rooms of humid basements as bedrooms; mattress pads where Southern pine could comfort my spine."
P079_a-light_13,image,cut/out/thumbs/P079_a-light_13.webp,,05 BLOODLINES,a light,archive · cut-outs,P079_a-light_13,"""a light"" — cut from P079. Coming of age in the shared rooms of humid basements as bedrooms; mattress pads where Southern pine could comfort my spine."
P079_a-light_19,image,cut/out/thumbs/P079_a-light_19.webp,,05 BLOODLINES,a light,archive · cut-outs,P079_a-light_19,"""a light"" — cut from P079. Coming of age in the shared rooms of humid basements as bedrooms; mattress pads where Southern pine could comfort my spine."
P079_a-light_23,image,cut/out/thumbs/P079_a-light_23.webp,,05 BLOODLINES,a light,archive · cut-outs,P079_a-light_23,"""a light"" — cut from P079. Coming of age in the shared rooms of humid basements as bedrooms; mattress pads where Southern pine could comfort my spine."
P079_a-light_27,image,cut/out/thumbs/P079_a-light_27.webp,,05 BLOODLINES,a light,archive · cut-outs,P079_a-light_27,"""a light"" — cut from P079. Coming of age in the shared rooms of humid basements as bedrooms; mattress pads where Southern pine could comfort my spine."
P079_a-light_30,image,cut/out/thumbs/P079_a-light_30.webp,,05 BLOODLINES,a light,archive · cut-outs,P079_a-light_30,"""a light"" — cut from P079. Coming of age in the shared rooms of humid basements as bedrooms; mattress pads where Southern pine could comfort my spine."
P079_a-light_31,image,cut/out/thumbs/P079_a-light_31.webp,,05 BLOODLINES,a light,archive · cut-outs,P079_a-light_31,"""a light"" — cut from P079. Coming of age in the shared rooms of humid basements as bedrooms; mattress pads where Southern pine could comfort my spine."
P079_a-light_32,image,cut/out/thumbs/P079_a-light_32.webp,,05 BLOODLINES,a light,archive · cut-outs,P079_a-light_32,"""a light"" — cut from P079. Coming of age in the shared rooms of humid basements as bedrooms; mattress pads where Southern pine could comfort my spine."
P079_a-road_0,image,cut/out/thumbs/P079_a-road_0.webp,,05 BLOODLINES,a road,archive · cut-outs,P079_a-road_0,"""a road"" — cut from P079. Coming of age in the shared rooms of humid basements as bedrooms; mattress pads where Southern pine could comfort my spine."
P079_a-road_1,image,cut/out/thumbs/P079_a-road_1.webp,,05 BLOODLINES,a road,archive · cut-outs,P079_a-road_1,"""a road"" — cut from P079. Coming of age in the shared rooms of humid basements as bedrooms; mattress pads where Southern pine could comfort my spine."
P079_a-building_0,image,cut/out/thumbs/P079_a-building_0.webp,,05 BLOODLINES,a building,archive · cut-outs,P079_a-building_0,"""a building"" — cut from P079. Coming of age in the shared rooms of humid basements as bedrooms; mattress pads where Southern pine could comfort my spine."
P079_the-sky_0,image,cut/out/thumbs/P079_the-sky_0.webp,,05 BLOODLINES,the sky,archive · cut-outs,P079_the-sky_0,"""the sky"" — cut from P079. Coming of age in the shared rooms of humid basements as bedrooms; mattress pads where Southern pine could comfort my spine."
P080_a-person_0,image,cut/out/thumbs/P080_a-person_0.webp,,05 BLOODLINES,a person,archive · cut-outs,P080_a-person_0,"""a person"" — cut from P080. Coming of age in the shared rooms of humid basements as bedrooms; mattress pads where Southern pine could comfort my spine."
P080_a-human-face_0,image,cut/out/thumbs/P080_a-human-face_0.webp,,05 BLOODLINES,a human face,archive · cut-outs,P080_a-human-face_0,"""a human face"" — cut from P080. Coming of age in the shared rooms of humid basements as bedrooms; mattress pads where Southern pine could comfort my spine."
P080_a-light_16,image,cut/out/thumbs/P080_a-light_16.webp,,05 BLOODLINES,a light,archive · cut-outs,P080_a-light_16,"""a light"" — cut from P080. Coming of age in the shared rooms of humid basements as bedrooms; mattress pads where Southern pine could comfort my spine."
P080_a-light_21,image,cut/out/thumbs/P080_a-light_21.webp,,05 BLOODLINES,a light,archive · cut-outs,P080_a-light_21,"""a light"" — cut from P080. Coming of age in the shared rooms of humid basements as bedrooms; mattress pads where Southern pine could comfort my spine."
P080_a-light_25,image,cut/out/thumbs/P080_a-light_25.webp,,05 BLOODLINES,a light,archive · cut-outs,P080_a-light_25,"""a light"" — cut from P080. Coming of age in the shared rooms of humid basements as bedrooms; mattress pads where Southern pine could comfort my spine."
P080_a-light_35,image,cut/out/thumbs/P080_a-light_35.webp,,05 BLOODLINES,a light,archive · cut-outs,P080_a-light_35,"""a light"" — cut from P080. Coming of age in the shared rooms of humid basements as bedrooms; mattress pads where Southern pine could comfort my spine."
P080_a-wall_0,image,cut/out/thumbs/P080_a-wall_0.webp,,05 BLOODLINES,a wall,archive · cut-outs,P080_a-wall_0,"""a wall"" — cut from P080. Coming of age in the shared rooms of humid basements as bedrooms; mattress pads where Southern pine could comfort my spine."
P080_a-road_0,image,cut/out/thumbs/P080_a-road_0.webp,,05 BLOODLINES,a road,archive · cut-outs,P080_a-road_0,"""a road"" — cut from P080. Coming of age in the shared rooms of humid basements as bedrooms; mattress pads where Southern pine could comfort my spine."
P080_a-building_0,image,cut/out/thumbs/P080_a-building_0.webp,,05 BLOODLINES,a building,archive · cut-outs,P080_a-building_0,"""a building"" — cut from P080. Coming of age in the shared rooms of humid basements as bedrooms; mattress pads where Southern pine could comfort my spine."
P080_a-building_1,image,cut/out/thumbs/P080_a-building_1.webp,,05 BLOODLINES,a building,archive · cut-outs,P080_a-building_1,"""a building"" — cut from P080. Coming of age in the shared rooms of humid basements as bedrooms; mattress pads where Southern pine could comfort my spine."
P080_the-sky_0,image,cut/out/thumbs/P080_the-sky_0.webp,,05 BLOODLINES,the sky,archive · cut-outs,P080_the-sky_0,"""the sky"" — cut from P080. Coming of age in the shared rooms of humid basements as bedrooms; mattress pads where Southern pine could comfort my spine."
P081_a-person_0,image,cut/out/thumbs/P081_a-person_0.webp,,05 BLOODLINES,a person,archive · cut-outs,P081_a-person_0,"""a person"" — cut from P081. Coming of age in the shared rooms of humid basements as bedrooms; mattress pads where Southern pine could comfort my spine."
P081_a-human-face_0,image,cut/out/thumbs/P081_a-human-face_0.webp,,05 BLOODLINES,a human face,archive · cut-outs,P081_a-human-face_0,"""a human face"" — cut from P081. Coming of age in the shared rooms of humid basements as bedrooms; mattress pads where Southern pine could comfort my spine."
P081_a-person-in-mid-air_0,image,cut/out/thumbs/P081_a-person-in-mid-air_0.webp,,05 BLOODLINES,a person in mid-air,archive · cut-outs,P081_a-person-in-mid-air_0,"""a person in mid-air"" — cut from P081. Coming of age in the shared rooms of humid basements as bedrooms; mattress pads where Southern pine could comfort my spine."
P081_a-light_2,image,cut/out/thumbs/P081_a-light_2.webp,,05 BLOODLINES,a light,archive · cut-outs,P081_a-light_2,"""a light"" — cut from P081. Coming of age in the shared rooms of humid basements as bedrooms; mattress pads where Southern pine could comfort my spine."
P081_a-light_3,image,cut/out/thumbs/P081_a-light_3.webp,,05 BLOODLINES,a light,archive · cut-outs,P081_a-light_3,"""a light"" — cut from P081. Coming of age in the shared rooms of humid basements as bedrooms; mattress pads where Southern pine could comfort my spine."
P081_a-light_4,image,cut/out/thumbs/P081_a-light_4.webp,,05 BLOODLINES,a light,archive · cut-outs,P081_a-light_4,"""a light"" — cut from P081. Coming of age in the shared rooms of humid basements as bedrooms; mattress pads where Southern pine could comfort my spine."
P081_a-light_5,image,cut/out/thumbs/P081_a-light_5.webp,,05 BLOODLINES,a light,archive · cut-outs,P081_a-light_5,"""a light"" — cut from P081. Coming of age in the shared rooms of humid basements as bedrooms; mattress pads where Southern pine could comfort my spine."
P081_a-light_6,image,cut/out/thumbs/P081_a-light_6.webp,,05 BLOODLINES,a light,archive · cut-outs,P081_a-light_6,"""a light"" — cut from P081. Coming of age in the shared rooms of humid basements as bedrooms; mattress pads where Southern pine could comfort my spine."
P081_a-light_7,image,cut/out/thumbs/P081_a-light_7.webp,,05 BLOODLINES,a light,archive · cut-outs,P081_a-light_7,"""a light"" — cut from P081. Coming of age in the shared rooms of humid basements as bedrooms; mattress pads where Southern pine could comfort my spine."
P081_a-light_8,image,cut/out/thumbs/P081_a-light_8.webp,,05 BLOODLINES,a light,archive · cut-outs,P081_a-light_8,"""a light"" — cut from P081. Coming of age in the shared rooms of humid basements as bedrooms; mattress pads where Southern pine could comfort my spine."
P081_a-light_9,image,cut/out/thumbs/P081_a-light_9.webp,,05 BLOODLINES,a light,archive · cut-outs,P081_a-light_9,"""a light"" — cut from P081. Coming of age in the shared rooms of humid basements as bedrooms; mattress pads where Southern pine could comfort my spine."
P081_a-light_10,image,cut/out/thumbs/P081_a-light_10.webp,,05 BLOODLINES,a light,archive · cut-outs,P081_a-light_10,"""a light"" — cut from P081. Coming of age in the shared rooms of humid basements as bedrooms; mattress pads where Southern pine could comfort my spine."
P081_a-light_11,image,cut/out/thumbs/P081_a-light_11.webp,,05 BLOODLINES,a light,archive · cut-outs,P081_a-light_11,"""a light"" — cut from P081. Coming of age in the shared rooms of humid basements as bedrooms; mattress pads where Southern pine could comfort my spine."
P081_a-light_13,image,cut/out/thumbs/P081_a-light_13.webp,,05 BLOODLINES,a light,archive · cut-outs,P081_a-light_13,"""a light"" — cut from P081. Coming of age in the shared rooms of humid basements as bedrooms; mattress pads where Southern pine could comfort my spine."
P081_a-light_14,image,cut/out/thumbs/P081_a-light_14.webp,,05 BLOODLINES,a light,archive · cut-outs,P081_a-light_14,"""a light"" — cut from P081. Coming of age in the shared rooms of humid basements as bedrooms; mattress pads where Southern pine could comfort my spine."
P081_a-light_16,image,cut/out/thumbs/P081_a-light_16.webp,,05 BLOODLINES,a light,archive · cut-outs,P081_a-light_16,"""a light"" — cut from P081. Coming of age in the shared rooms of humid basements as bedrooms; mattress pads where Southern pine could comfort my spine."
P081_a-light_17,image,cut/out/thumbs/P081_a-light_17.webp,,05 BLOODLINES,a light,archive · cut-outs,P081_a-light_17,"""a light"" — cut from P081. Coming of age in the shared rooms of humid basements as bedrooms; mattress pads where Southern pine could comfort my spine."
P081_a-light_18,image,cut/out/thumbs/P081_a-light_18.webp,,05 BLOODLINES,a light,archive · cut-outs,P081_a-light_18,"""a light"" — cut from P081. Coming of age in the shared rooms of humid basements as bedrooms; mattress pads where Southern pine could comfort my spine."
P081_a-light_19,image,cut/out/thumbs/P081_a-light_19.webp,,05 BLOODLINES,a light,archive · cut-outs,P081_a-light_19,"""a light"" — cut from P081. Coming of age in the shared rooms of humid basements as bedrooms; mattress pads where Southern pine could comfort my spine."
P081_a-light_20,image,cut/out/thumbs/P081_a-light_20.webp,,05 BLOODLINES,a light,archive · cut-outs,P081_a-light_20,"""a light"" — cut from P081. Coming of age in the shared rooms of humid basements as bedrooms; mattress pads where Southern pine could comfort my spine."
P081_a-light_21,image,cut/out/thumbs/P081_a-light_21.webp,,05 BLOODLINES,a light,archive · cut-outs,P081_a-light_21,"""a light"" — cut from P081. Coming of age in the shared rooms of humid basements as bedrooms; mattress pads where Southern pine could comfort my spine."
P081_a-light_22,image,cut/out/thumbs/P081_a-light_22.webp,,05 BLOODLINES,a light,archive · cut-outs,P081_a-light_22,"""a light"" — cut from P081. Coming of age in the shared rooms of humid basements as bedrooms; mattress pads where Southern pine could comfort my spine."
P081_a-light_23,image,cut/out/thumbs/P081_a-light_23.webp,,05 BLOODLINES,a light,archive · cut-outs,P081_a-light_23,"""a light"" — cut from P081. Coming of age in the shared rooms of humid basements as bedrooms; mattress pads where Southern pine could comfort my spine."
P081_a-light_25,image,cut/out/thumbs/P081_a-light_25.webp,,05 BLOODLINES,a light,archive · cut-outs,P081_a-light_25,"""a light"" — cut from P081. Coming of age in the shared rooms of humid basements as bedrooms; mattress pads where Southern pine could comfort my spine."
P081_a-light_26,image,cut/out/thumbs/P081_a-light_26.webp,,05 BLOODLINES,a light,archive · cut-outs,P081_a-light_26,"""a light"" — cut from P081. Coming of age in the shared rooms of humid basements as bedrooms; mattress pads where Southern pine could comfort my spine."
P081_a-light_27,image,cut/out/thumbs/P081_a-light_27.webp,,05 BLOODLINES,a light,archive · cut-outs,P081_a-light_27,"""a light"" — cut from P081. Coming of age in the shared rooms of humid basements as bedrooms; mattress pads where Southern pine could comfort my spine."
P081_a-light_28,image,cut/out/thumbs/P081_a-light_28.webp,,05 BLOODLINES,a light,archive · cut-outs,P081_a-light_28,"""a light"" — cut from P081. Coming of age in the shared rooms of humid basements as bedrooms; mattress pads where Southern pine could comfort my spine."
P081_a-light_29,image,cut/out/thumbs/P081_a-light_29.webp,,05 BLOODLINES,a light,archive · cut-outs,P081_a-light_29,"""a light"" — cut from P081. Coming of age in the shared rooms of humid basements as bedrooms; mattress pads where Southern pine could comfort my spine."
P081_a-light_32,image,cut/out/thumbs/P081_a-light_32.webp,,05 BLOODLINES,a light,archive · cut-outs,P081_a-light_32,"""a light"" — cut from P081. Coming of age in the shared rooms of humid basements as bedrooms; mattress pads where Southern pine could comfort my spine."
P081_the-sky_0,image,cut/out/thumbs/P081_the-sky_0.webp,,05 BLOODLINES,the sky,archive · cut-outs,P081_the-sky_0,"""the sky"" — cut from P081. Coming of age in the shared rooms of humid basements as bedrooms; mattress pads where Southern pine could comfort my spine."
P082_a-person_0,image,cut/out/thumbs/P082_a-person_0.webp,,05 BLOODLINES,a person,archive · cut-outs,P082_a-person_0,"""a person"" — cut from P082. Coming of age in the shared rooms of humid basements as bedrooms; mattress pads where Southern pine could comfort my spine."
P082_a-human-face_0,image,cut/out/thumbs/P082_a-human-face_0.webp,,05 BLOODLINES,a human face,archive · cut-outs,P082_a-human-face_0,"""a human face"" — cut from P082. Coming of age in the shared rooms of humid basements as bedrooms; mattress pads where Southern pine could comfort my spine."
P082_a-light_15,image,cut/out/thumbs/P082_a-light_15.webp,,05 BLOODLINES,a light,archive · cut-outs,P082_a-light_15,"""a light"" — cut from P082. Coming of age in the shared rooms of humid basements as bedrooms; mattress pads where Southern pine could comfort my spine."
P082_a-light_39,image,cut/out/thumbs/P082_a-light_39.webp,,05 BLOODLINES,a light,archive · cut-outs,P082_a-light_39,"""a light"" — cut from P082. Coming of age in the shared rooms of humid basements as bedrooms; mattress pads where Southern pine could comfort my spine."
P082_a-wall_0,image,cut/out/thumbs/P082_a-wall_0.webp,,05 BLOODLINES,a wall,archive · cut-outs,P082_a-wall_0,"""a wall"" — cut from P082. Coming of age in the shared rooms of humid basements as bedrooms; mattress pads where Southern pine could comfort my spine."
P082_a-road_0,image,cut/out/thumbs/P082_a-road_0.webp,,05 BLOODLINES,a road,archive · cut-outs,P082_a-road_0,"""a road"" — cut from P082. Coming of age in the shared rooms of humid basements as bedrooms; mattress pads where Southern pine could comfort my spine."
P082_a-building_0,image,cut/out/thumbs/P082_a-building_0.webp,,05 BLOODLINES,a building,archive · cut-outs,P082_a-building_0,"""a building"" — cut from P082. Coming of age in the shared rooms of humid basements as bedrooms; mattress pads where Southern pine could comfort my spine."
P082_a-building_1,image,cut/out/thumbs/P082_a-building_1.webp,,05 BLOODLINES,a building,archive · cut-outs,P082_a-building_1,"""a building"" — cut from P082. Coming of age in the shared rooms of humid basements as bedrooms; mattress pads where Southern pine could comfort my spine."
P082_a-building_2,image,cut/out/thumbs/P082_a-building_2.webp,,05 BLOODLINES,a building,archive · cut-outs,P082_a-building_2,"""a building"" — cut from P082. Coming of age in the shared rooms of humid basements as bedrooms; mattress pads where Southern pine could comfort my spine."
P082_a-building_3,image,cut/out/thumbs/P082_a-building_3.webp,,05 BLOODLINES,a building,archive · cut-outs,P082_a-building_3,"""a building"" — cut from P082. Coming of age in the shared rooms of humid basements as bedrooms; mattress pads where Southern pine could comfort my spine."
P082_the-sky_0,image,cut/out/thumbs/P082_the-sky_0.webp,,05 BLOODLINES,the sky,archive · cut-outs,P082_the-sky_0,"""the sky"" — cut from P082. Coming of age in the shared rooms of humid basements as bedrooms; mattress pads where Southern pine could comfort my spine."
P083_a-person_0,image,cut/out/thumbs/P083_a-person_0.webp,,01 OUT OF LIFE,a person,archive · cut-outs,P083_a-person_0,"""a person"" — cut from P083. The vape gathers, inside and out. My vision blurs. I move toward the window — and you only get further away."
P083_a-human-face_0,image,cut/out/thumbs/P083_a-human-face_0.webp,,01 OUT OF LIFE,a human face,archive · cut-outs,P083_a-human-face_0,"""a human face"" — cut from P083. The vape gathers, inside and out. My vision blurs. I move toward the window — and you only get further away."
P083_a-hand_1,image,cut/out/thumbs/P083_a-hand_1.webp,,01 OUT OF LIFE,a hand,archive · cut-outs,P083_a-hand_1,"""a hand"" — cut from P083. The vape gathers, inside and out. My vision blurs. I move toward the window — and you only get further away."
P083_a-person-in-mid-air_0,image,cut/out/thumbs/P083_a-person-in-mid-air_0.webp,,01 OUT OF LIFE,a person in mid-air,archive · cut-outs,P083_a-person-in-mid-air_0,"""a person in mid-air"" — cut from P083. The vape gathers, inside and out. My vision blurs. I move toward the window — and you only get further away."
P083_the-sky_0,image,cut/out/thumbs/P083_the-sky_0.webp,,01 OUT OF LIFE,the sky,archive · cut-outs,P083_the-sky_0,"""the sky"" — cut from P083. The vape gathers, inside and out. My vision blurs. I move toward the window — and you only get further away."
P083_water_0,image,cut/out/thumbs/P083_water_0.webp,,01 OUT OF LIFE,water,archive · cut-outs,P083_water_0,"""water"" — cut from P083. The vape gathers, inside and out. My vision blurs. I move toward the window — and you only get further away."
P084_a-person_0,image,cut/out/thumbs/P084_a-person_0.webp,,01 OUT OF LIFE,a person,archive · cut-outs,P084_a-person_0,"""a person"" — cut from P084. The vape gathers, inside and out. My vision blurs. I move toward the window — and you only get further away."
P084_a-person-in-mid-air_0,image,cut/out/thumbs/P084_a-person-in-mid-air_0.webp,,01 OUT OF LIFE,a person in mid-air,archive · cut-outs,P084_a-person-in-mid-air_0,"""a person in mid-air"" — cut from P084. The vape gathers, inside and out. My vision blurs. I move toward the window — and you only get further away."
P084_a-window_0,image,cut/out/thumbs/P084_a-window_0.webp,,01 OUT OF LIFE,a window,archive · cut-outs,P084_a-window_0,"""a window"" — cut from P084. The vape gathers, inside and out. My vision blurs. I move toward the window — and you only get further away."
P084_a-light_0,image,cut/out/thumbs/P084_a-light_0.webp,,01 OUT OF LIFE,a light,archive · cut-outs,P084_a-light_0,"""a light"" — cut from P084. The vape gathers, inside and out. My vision blurs. I move toward the window — and you only get further away."
P084_a-light_1,image,cut/out/thumbs/P084_a-light_1.webp,,01 OUT OF LIFE,a light,archive · cut-outs,P084_a-light_1,"""a light"" — cut from P084. The vape gathers, inside and out. My vision blurs. I move toward the window — and you only get further away."
P084_a-light_2,image,cut/out/thumbs/P084_a-light_2.webp,,01 OUT OF LIFE,a light,archive · cut-outs,P084_a-light_2,"""a light"" — cut from P084. The vape gathers, inside and out. My vision blurs. I move toward the window — and you only get further away."
P084_a-light_3,image,cut/out/thumbs/P084_a-light_3.webp,,01 OUT OF LIFE,a light,archive · cut-outs,P084_a-light_3,"""a light"" — cut from P084. The vape gathers, inside and out. My vision blurs. I move toward the window — and you only get further away."
P084_a-light_4,image,cut/out/thumbs/P084_a-light_4.webp,,01 OUT OF LIFE,a light,archive · cut-outs,P084_a-light_4,"""a light"" — cut from P084. The vape gathers, inside and out. My vision blurs. I move toward the window — and you only get further away."
P084_a-light_5,image,cut/out/thumbs/P084_a-light_5.webp,,01 OUT OF LIFE,a light,archive · cut-outs,P084_a-light_5,"""a light"" — cut from P084. The vape gathers, inside and out. My vision blurs. I move toward the window — and you only get further away."
P084_a-light_6,image,cut/out/thumbs/P084_a-light_6.webp,,01 OUT OF LIFE,a light,archive · cut-outs,P084_a-light_6,"""a light"" — cut from P084. The vape gathers, inside and out. My vision blurs. I move toward the window — and you only get further away."
P084_a-light_7,image,cut/out/thumbs/P084_a-light_7.webp,,01 OUT OF LIFE,a light,archive · cut-outs,P084_a-light_7,"""a light"" — cut from P084. The vape gathers, inside and out. My vision blurs. I move toward the window — and you only get further away."
P084_a-light_9,image,cut/out/thumbs/P084_a-light_9.webp,,01 OUT OF LIFE,a light,archive · cut-outs,P084_a-light_9,"""a light"" — cut from P084. The vape gathers, inside and out. My vision blurs. I move toward the window — and you only get further away."
P084_the-sky_0,image,cut/out/thumbs/P084_the-sky_0.webp,,01 OUT OF LIFE,the sky,archive · cut-outs,P084_the-sky_0,"""the sky"" — cut from P084. The vape gathers, inside and out. My vision blurs. I move toward the window — and you only get further away."
P084_the-sky_1,image,cut/out/thumbs/P084_the-sky_1.webp,,01 OUT OF LIFE,the sky,archive · cut-outs,P084_the-sky_1,"""the sky"" — cut from P084. The vape gathers, inside and out. My vision blurs. I move toward the window — and you only get further away."
P085_a-person_0,image,cut/out/thumbs/P085_a-person_0.webp,,01 OUT OF LIFE,a person,archive · cut-outs,P085_a-person_0,"""a person"" — cut from P085. The vape gathers, inside and out. My vision blurs. I move toward the window — and you only get further away."
P085_a-human-face_0,image,cut/out/thumbs/P085_a-human-face_0.webp,,01 OUT OF LIFE,a human face,archive · cut-outs,P085_a-human-face_0,"""a human face"" — cut from P085. The vape gathers, inside and out. My vision blurs. I move toward the window — and you only get further away."
P085_a-light_1,image,cut/out/thumbs/P085_a-light_1.webp,,01 OUT OF LIFE,a light,archive · cut-outs,P085_a-light_1,"""a light"" — cut from P085. The vape gathers, inside and out. My vision blurs. I move toward the window — and you only get further away."
P085_a-light_2,image,cut/out/thumbs/P085_a-light_2.webp,,01 OUT OF LIFE,a light,archive · cut-outs,P085_a-light_2,"""a light"" — cut from P085. The vape gathers, inside and out. My vision blurs. I move toward the window — and you only get further away."
P085_a-light_9,image,cut/out/thumbs/P085_a-light_9.webp,,01 OUT OF LIFE,a light,archive · cut-outs,P085_a-light_9,"""a light"" — cut from P085. The vape gathers, inside and out. My vision blurs. I move toward the window — and you only get further away."
P085_a-light_12,image,cut/out/thumbs/P085_a-light_12.webp,,01 OUT OF LIFE,a light,archive · cut-outs,P085_a-light_12,"""a light"" — cut from P085. The vape gathers, inside and out. My vision blurs. I move toward the window — and you only get further away."
P085_a-light_15,image,cut/out/thumbs/P085_a-light_15.webp,,01 OUT OF LIFE,a light,archive · cut-outs,P085_a-light_15,"""a light"" — cut from P085. The vape gathers, inside and out. My vision blurs. I move toward the window — and you only get further away."
P085_a-light_18,image,cut/out/thumbs/P085_a-light_18.webp,,01 OUT OF LIFE,a light,archive · cut-outs,P085_a-light_18,"""a light"" — cut from P085. The vape gathers, inside and out. My vision blurs. I move toward the window — and you only get further away."
P085_a-light_19,image,cut/out/thumbs/P085_a-light_19.webp,,01 OUT OF LIFE,a light,archive · cut-outs,P085_a-light_19,"""a light"" — cut from P085. The vape gathers, inside and out. My vision blurs. I move toward the window — and you only get further away."
P085_a-light_20,image,cut/out/thumbs/P085_a-light_20.webp,,01 OUT OF LIFE,a light,archive · cut-outs,P085_a-light_20,"""a light"" — cut from P085. The vape gathers, inside and out. My vision blurs. I move toward the window — and you only get further away."
P085_a-light_21,image,cut/out/thumbs/P085_a-light_21.webp,,01 OUT OF LIFE,a light,archive · cut-outs,P085_a-light_21,"""a light"" — cut from P085. The vape gathers, inside and out. My vision blurs. I move toward the window — and you only get further away."
P085_a-light_22,image,cut/out/thumbs/P085_a-light_22.webp,,01 OUT OF LIFE,a light,archive · cut-outs,P085_a-light_22,"""a light"" — cut from P085. The vape gathers, inside and out. My vision blurs. I move toward the window — and you only get further away."
P085_a-light_24,image,cut/out/thumbs/P085_a-light_24.webp,,01 OUT OF LIFE,a light,archive · cut-outs,P085_a-light_24,"""a light"" — cut from P085. The vape gathers, inside and out. My vision blurs. I move toward the window — and you only get further away."
P085_a-light_26,image,cut/out/thumbs/P085_a-light_26.webp,,01 OUT OF LIFE,a light,archive · cut-outs,P085_a-light_26,"""a light"" — cut from P085. The vape gathers, inside and out. My vision blurs. I move toward the window — and you only get further away."
P085_a-light_28,image,cut/out/thumbs/P085_a-light_28.webp,,01 OUT OF LIFE,a light,archive · cut-outs,P085_a-light_28,"""a light"" — cut from P085. The vape gathers, inside and out. My vision blurs. I move toward the window — and you only get further away."
P085_a-light_31,image,cut/out/thumbs/P085_a-light_31.webp,,01 OUT OF LIFE,a light,archive · cut-outs,P085_a-light_31,"""a light"" — cut from P085. The vape gathers, inside and out. My vision blurs. I move toward the window — and you only get further away."
P085_a-light_33,image,cut/out/thumbs/P085_a-light_33.webp,,01 OUT OF LIFE,a light,archive · cut-outs,P085_a-light_33,"""a light"" — cut from P085. The vape gathers, inside and out. My vision blurs. I move toward the window — and you only get further away."
P085_a-light_36,image,cut/out/thumbs/P085_a-light_36.webp,,01 OUT OF LIFE,a light,archive · cut-outs,P085_a-light_36,"""a light"" — cut from P085. The vape gathers, inside and out. My vision blurs. I move toward the window — and you only get further away."
P085_a-light_37,image,cut/out/thumbs/P085_a-light_37.webp,,01 OUT OF LIFE,a light,archive · cut-outs,P085_a-light_37,"""a light"" — cut from P085. The vape gathers, inside and out. My vision blurs. I move toward the window — and you only get further away."
P085_a-light_39,image,cut/out/thumbs/P085_a-light_39.webp,,01 OUT OF LIFE,a light,archive · cut-outs,P085_a-light_39,"""a light"" — cut from P085. The vape gathers, inside and out. My vision blurs. I move toward the window — and you only get further away."
P085_a-light_40,image,cut/out/thumbs/P085_a-light_40.webp,,01 OUT OF LIFE,a light,archive · cut-outs,P085_a-light_40,"""a light"" — cut from P085. The vape gathers, inside and out. My vision blurs. I move toward the window — and you only get further away."
P085_a-light_42,image,cut/out/thumbs/P085_a-light_42.webp,,01 OUT OF LIFE,a light,archive · cut-outs,P085_a-light_42,"""a light"" — cut from P085. The vape gathers, inside and out. My vision blurs. I move toward the window — and you only get further away."
P085_the-sky_0,image,cut/out/thumbs/P085_the-sky_0.webp,,01 OUT OF LIFE,the sky,archive · cut-outs,P085_the-sky_0,"""the sky"" — cut from P085. The vape gathers, inside and out. My vision blurs. I move toward the window — and you only get further away."
P085_the-sky_1,image,cut/out/thumbs/P085_the-sky_1.webp,,01 OUT OF LIFE,the sky,archive · cut-outs,P085_the-sky_1,"""the sky"" — cut from P085. The vape gathers, inside and out. My vision blurs. I move toward the window — and you only get further away."
P087_a-person_0,image,cut/out/thumbs/P087_a-person_0.webp,,01 OUT OF LIFE,a person,archive · cut-outs,P087_a-person_0,"""a person"" — cut from P087. The vape gathers, inside and out. My vision blurs. I move toward the window — and you only get further away."
P087_a-human-face_0,image,cut/out/thumbs/P087_a-human-face_0.webp,,01 OUT OF LIFE,a human face,archive · cut-outs,P087_a-human-face_0,"""a human face"" — cut from P087. The vape gathers, inside and out. My vision blurs. I move toward the window — and you only get further away."
P087_a-light_0,image,cut/out/thumbs/P087_a-light_0.webp,,01 OUT OF LIFE,a light,archive · cut-outs,P087_a-light_0,"""a light"" — cut from P087. The vape gathers, inside and out. My vision blurs. I move toward the window — and you only get further away."
P087_a-light_1,image,cut/out/thumbs/P087_a-light_1.webp,,01 OUT OF LIFE,a light,archive · cut-outs,P087_a-light_1,"""a light"" — cut from P087. The vape gathers, inside and out. My vision blurs. I move toward the window — and you only get further away."
P087_a-light_2,image,cut/out/thumbs/P087_a-light_2.webp,,01 OUT OF LIFE,a light,archive · cut-outs,P087_a-light_2,"""a light"" — cut from P087. The vape gathers, inside and out. My vision blurs. I move toward the window — and you only get further away."
P087_a-light_4,image,cut/out/thumbs/P087_a-light_4.webp,,01 OUT OF LIFE,a light,archive · cut-outs,P087_a-light_4,"""a light"" — cut from P087. The vape gathers, inside and out. My vision blurs. I move toward the window — and you only get further away."
P087_a-light_5,image,cut/out/thumbs/P087_a-light_5.webp,,01 OUT OF LIFE,a light,archive · cut-outs,P087_a-light_5,"""a light"" — cut from P087. The vape gathers, inside and out. My vision blurs. I move toward the window — and you only get further away."
P087_a-light_6,image,cut/out/thumbs/P087_a-light_6.webp,,01 OUT OF LIFE,a light,archive · cut-outs,P087_a-light_6,"""a light"" — cut from P087. The vape gathers, inside and out. My vision blurs. I move toward the window — and you only get further away."
P087_a-light_7,image,cut/out/thumbs/P087_a-light_7.webp,,01 OUT OF LIFE,a light,archive · cut-outs,P087_a-light_7,"""a light"" — cut from P087. The vape gathers, inside and out. My vision blurs. I move toward the window — and you only get further away."
P088_a-person_0,image,cut/out/thumbs/P088_a-person_0.webp,,03 HOW TO BREAK OFF AN ENGAGEMENT,a person,archive · cut-outs,P088_a-person_0,"""a person"" — cut from P088. A broken promise. Glistening red fluid submersion and shorelines of release."
P088_a-human-face_0,image,cut/out/thumbs/P088_a-human-face_0.webp,,03 HOW TO BREAK OFF AN ENGAGEMENT,a human face,archive · cut-outs,P088_a-human-face_0,"""a human face"" — cut from P088. A broken promise. Glistening red fluid submersion and shorelines of release."
P088_a-hand_0,image,cut/out/thumbs/P088_a-hand_0.webp,,03 HOW TO BREAK OFF AN ENGAGEMENT,a hand,archive · cut-outs,P088_a-hand_0,"""a hand"" — cut from P088. A broken promise. Glistening red fluid submersion and shorelines of release."
P088_a-person-in-mid-air_0,image,cut/out/thumbs/P088_a-person-in-mid-air_0.webp,,03 HOW TO BREAK OFF AN ENGAGEMENT,a person in mid-air,archive · cut-outs,P088_a-person-in-mid-air_0,"""a person in mid-air"" — cut from P088. A broken promise. Glistening red fluid submersion and shorelines of release."
P088_a-light_1,image,cut/out/thumbs/P088_a-light_1.webp,,03 HOW TO BREAK OFF AN ENGAGEMENT,a light,archive · cut-outs,P088_a-light_1,"""a light"" — cut from P088. A broken promise. Glistening red fluid submersion and shorelines of release."
P088_the-sky_0,image,cut/out/thumbs/P088_the-sky_0.webp,,03 HOW TO BREAK OFF AN ENGAGEMENT,the sky,archive · cut-outs,P088_the-sky_0,"""the sky"" — cut from P088. A broken promise. Glistening red fluid submersion and shorelines of release."
P088_water_0,image,cut/out/thumbs/P088_water_0.webp,,03 HOW TO BREAK OFF AN ENGAGEMENT,water,archive · cut-outs,P088_water_0,"""water"" — cut from P088. A broken promise. Glistening red fluid submersion and shorelines of release."
P088_water_1,image,cut/out/thumbs/P088_water_1.webp,,03 HOW TO BREAK OFF AN ENGAGEMENT,water,archive · cut-outs,P088_water_1,"""water"" — cut from P088. A broken promise. Glistening red fluid submersion and shorelines of release."
P089_a-light_1,image,cut/out/thumbs/P089_a-light_1.webp,,13 HOW TO WIN MY HEART,a light,archive · cut-outs,P089_a-light_1,"""a light"" — cut from P089. Then, a distant window. She says: you'll see me. Capture the eyes. Refocus. Step back. Say hello. Don't make me leave. I escaped here for a reason."
P089_a-light_5,image,cut/out/thumbs/P089_a-light_5.webp,,13 HOW TO WIN MY HEART,a light,archive · cut-outs,P089_a-light_5,"""a light"" — cut from P089. Then, a distant window. She says: you'll see me. Capture the eyes. Refocus. Step back. Say hello. Don't make me leave. I escaped here for a reason."
P089_a-light_10,image,cut/out/thumbs/P089_a-light_10.webp,,13 HOW TO WIN MY HEART,a light,archive · cut-outs,P089_a-light_10,"""a light"" — cut from P089. Then, a distant window. She says: you'll see me. Capture the eyes. Refocus. Step back. Say hello. Don't make me leave. I escaped here for a reason."
P089_a-wall_0,image,cut/out/thumbs/P089_a-wall_0.webp,,13 HOW TO WIN MY HEART,a wall,archive · cut-outs,P089_a-wall_0,"""a wall"" — cut from P089. Then, a distant window. She says: you'll see me. Capture the eyes. Refocus. Step back. Say hello. Don't make me leave. I escaped here for a reason."
P089_a-wall_1,image,cut/out/thumbs/P089_a-wall_1.webp,,13 HOW TO WIN MY HEART,a wall,archive · cut-outs,P089_a-wall_1,"""a wall"" — cut from P089. Then, a distant window. She says: you'll see me. Capture the eyes. Refocus. Step back. Say hello. Don't make me leave. I escaped here for a reason."
P089_a-wall_2,image,cut/out/thumbs/P089_a-wall_2.webp,,13 HOW TO WIN MY HEART,a wall,archive · cut-outs,P089_a-wall_2,"""a wall"" — cut from P089. Then, a distant window. She says: you'll see me. Capture the eyes. Refocus. Step back. Say hello. Don't make me leave. I escaped here for a reason."
P089_a-wall_3,image,cut/out/thumbs/P089_a-wall_3.webp,,13 HOW TO WIN MY HEART,a wall,archive · cut-outs,P089_a-wall_3,"""a wall"" — cut from P089. Then, a distant window. She says: you'll see me. Capture the eyes. Refocus. Step back. Say hello. Don't make me leave. I escaped here for a reason."
P089_a-wall_4,image,cut/out/thumbs/P089_a-wall_4.webp,,13 HOW TO WIN MY HEART,a wall,archive · cut-outs,P089_a-wall_4,"""a wall"" — cut from P089. Then, a distant window. She says: you'll see me. Capture the eyes. Refocus. Step back. Say hello. Don't make me leave. I escaped here for a reason."
P089_a-wall_5,image,cut/out/thumbs/P089_a-wall_5.webp,,13 HOW TO WIN MY HEART,a wall,archive · cut-outs,P089_a-wall_5,"""a wall"" — cut from P089. Then, a distant window. She says: you'll see me. Capture the eyes. Refocus. Step back. Say hello. Don't make me leave. I escaped here for a reason."
P089_a-wall_6,image,cut/out/thumbs/P089_a-wall_6.webp,,13 HOW TO WIN MY HEART,a wall,archive · cut-outs,P089_a-wall_6,"""a wall"" — cut from P089. Then, a distant window. She says: you'll see me. Capture the eyes. Refocus. Step back. Say hello. Don't make me leave. I escaped here for a reason."
P089_a-wall_7,image,cut/out/thumbs/P089_a-wall_7.webp,,13 HOW TO WIN MY HEART,a wall,archive · cut-outs,P089_a-wall_7,"""a wall"" — cut from P089. Then, a distant window. She says: you'll see me. Capture the eyes. Refocus. Step back. Say hello. Don't make me leave. I escaped here for a reason."
P089_water_0,image,cut/out/thumbs/P089_water_0.webp,,13 HOW TO WIN MY HEART,water,archive · cut-outs,P089_water_0,"""water"" — cut from P089. Then, a distant window. She says: you'll see me. Capture the eyes. Refocus. Step back. Say hello. Don't make me leave. I escaped here for a reason."
P090_water_0,image,cut/out/thumbs/P090_water_0.webp,,12 REUNION,water,archive · cut-outs,P090_water_0,"""water"" — cut from P090. Before our winds part ways — to a next lifetime. This is brotherhood."
P090_water_1,image,cut/out/thumbs/P090_water_1.webp,,12 REUNION,water,archive · cut-outs,P090_water_1,"""water"" — cut from P090. Before our winds part ways — to a next lifetime. This is brotherhood."
P091_a-wall_0,image,cut/out/thumbs/P091_a-wall_0.webp,,12 REUNION,a wall,archive · cut-outs,P091_a-wall_0,"""a wall"" — cut from P091. Before our winds part ways — to a next lifetime. This is brotherhood."
P091_the-sky_0,image,cut/out/thumbs/P091_the-sky_0.webp,,12 REUNION,the sky,archive · cut-outs,P091_the-sky_0,"""the sky"" — cut from P091. Before our winds part ways — to a next lifetime. This is brotherhood."
P091_water_0,image,cut/out/thumbs/P091_water_0.webp,,12 REUNION,water,archive · cut-outs,P091_water_0,"""water"" — cut from P091. Before our winds part ways — to a next lifetime. This is brotherhood."
P092_a-person_2,image,cut/out/thumbs/P092_a-person_2.webp,,01 OUT OF LIFE,a person,archive · cut-outs,P092_a-person_2,"""a person"" — cut from P092. The vape gathers, inside and out. My vision blurs. I move toward the window — and you only get further away."
P092_a-person_4,image,cut/out/thumbs/P092_a-person_4.webp,,01 OUT OF LIFE,a person,archive · cut-outs,P092_a-person_4,"""a person"" — cut from P092. The vape gathers, inside and out. My vision blurs. I move toward the window — and you only get further away."
P092_a-person_5,image,cut/out/thumbs/P092_a-person_5.webp,,01 OUT OF LIFE,a person,archive · cut-outs,P092_a-person_5,"""a person"" — cut from P092. The vape gathers, inside and out. My vision blurs. I move toward the window — and you only get further away."
P092_a-person_6,image,cut/out/thumbs/P092_a-person_6.webp,,01 OUT OF LIFE,a person,archive · cut-outs,P092_a-person_6,"""a person"" — cut from P092. The vape gathers, inside and out. My vision blurs. I move toward the window — and you only get further away."
P092_a-person_7,image,cut/out/thumbs/P092_a-person_7.webp,,01 OUT OF LIFE,a person,archive · cut-outs,P092_a-person_7,"""a person"" — cut from P092. The vape gathers, inside and out. My vision blurs. I move toward the window — and you only get further away."
P092_a-person_9,image,cut/out/thumbs/P092_a-person_9.webp,,01 OUT OF LIFE,a person,archive · cut-outs,P092_a-person_9,"""a person"" — cut from P092. The vape gathers, inside and out. My vision blurs. I move toward the window — and you only get further away."
P092_a-person_10,image,cut/out/thumbs/P092_a-person_10.webp,,01 OUT OF LIFE,a person,archive · cut-outs,P092_a-person_10,"""a person"" — cut from P092. The vape gathers, inside and out. My vision blurs. I move toward the window — and you only get further away."
P092_a-person_11,image,cut/out/thumbs/P092_a-person_11.webp,,01 OUT OF LIFE,a person,archive · cut-outs,P092_a-person_11,"""a person"" — cut from P092. The vape gathers, inside and out. My vision blurs. I move toward the window — and you only get further away."
P092_a-person_12,image,cut/out/thumbs/P092_a-person_12.webp,,01 OUT OF LIFE,a person,archive · cut-outs,P092_a-person_12,"""a person"" — cut from P092. The vape gathers, inside and out. My vision blurs. I move toward the window — and you only get further away."
P092_a-person_13,image,cut/out/thumbs/P092_a-person_13.webp,,01 OUT OF LIFE,a person,archive · cut-outs,P092_a-person_13,"""a person"" — cut from P092. The vape gathers, inside and out. My vision blurs. I move toward the window — and you only get further away."
P092_a-person_14,image,cut/out/thumbs/P092_a-person_14.webp,,01 OUT OF LIFE,a person,archive · cut-outs,P092_a-person_14,"""a person"" — cut from P092. The vape gathers, inside and out. My vision blurs. I move toward the window — and you only get further away."
P092_a-person_15,image,cut/out/thumbs/P092_a-person_15.webp,,01 OUT OF LIFE,a person,archive · cut-outs,P092_a-person_15,"""a person"" — cut from P092. The vape gathers, inside and out. My vision blurs. I move toward the window — and you only get further away."
P092_a-person_16,image,cut/out/thumbs/P092_a-person_16.webp,,01 OUT OF LIFE,a person,archive · cut-outs,P092_a-person_16,"""a person"" — cut from P092. The vape gathers, inside and out. My vision blurs. I move toward the window — and you only get further away."
P092_a-person_17,image,cut/out/thumbs/P092_a-person_17.webp,,01 OUT OF LIFE,a person,archive · cut-outs,P092_a-person_17,"""a person"" — cut from P092. The vape gathers, inside and out. My vision blurs. I move toward the window — and you only get further away."
P092_a-person_18,image,cut/out/thumbs/P092_a-person_18.webp,,01 OUT OF LIFE,a person,archive · cut-outs,P092_a-person_18,"""a person"" — cut from P092. The vape gathers, inside and out. My vision blurs. I move toward the window — and you only get further away."
P092_a-person_19,image,cut/out/thumbs/P092_a-person_19.webp,,01 OUT OF LIFE,a person,archive · cut-outs,P092_a-person_19,"""a person"" — cut from P092. The vape gathers, inside and out. My vision blurs. I move toward the window — and you only get further away."
P092_a-person_20,image,cut/out/thumbs/P092_a-person_20.webp,,01 OUT OF LIFE,a person,archive · cut-outs,P092_a-person_20,"""a person"" — cut from P092. The vape gathers, inside and out. My vision blurs. I move toward the window — and you only get further away."
P092_a-hand_0,image,cut/out/thumbs/P092_a-hand_0.webp,,01 OUT OF LIFE,a hand,archive · cut-outs,P092_a-hand_0,"""a hand"" — cut from P092. The vape gathers, inside and out. My vision blurs. I move toward the window — and you only get further away."
P092_a-hand_1,image,cut/out/thumbs/P092_a-hand_1.webp,,01 OUT OF LIFE,a hand,archive · cut-outs,P092_a-hand_1,"""a hand"" — cut from P092. The vape gathers, inside and out. My vision blurs. I move toward the window — and you only get further away."
P092_a-light_1,image,cut/out/thumbs/P092_a-light_1.webp,,01 OUT OF LIFE,a light,archive · cut-outs,P092_a-light_1,"""a light"" — cut from P092. The vape gathers, inside and out. My vision blurs. I move toward the window — and you only get further away."
P092_a-light_5,image,cut/out/thumbs/P092_a-light_5.webp,,01 OUT OF LIFE,a light,archive · cut-outs,P092_a-light_5,"""a light"" — cut from P092. The vape gathers, inside and out. My vision blurs. I move toward the window — and you only get further away."
P092_a-light_6,image,cut/out/thumbs/P092_a-light_6.webp,,01 OUT OF LIFE,a light,archive · cut-outs,P092_a-light_6,"""a light"" — cut from P092. The vape gathers, inside and out. My vision blurs. I move toward the window — and you only get further away."
P092_a-light_8,image,cut/out/thumbs/P092_a-light_8.webp,,01 OUT OF LIFE,a light,archive · cut-outs,P092_a-light_8,"""a light"" — cut from P092. The vape gathers, inside and out. My vision blurs. I move toward the window — and you only get further away."
P092_a-light_12,image,cut/out/thumbs/P092_a-light_12.webp,,01 OUT OF LIFE,a light,archive · cut-outs,P092_a-light_12,"""a light"" — cut from P092. The vape gathers, inside and out. My vision blurs. I move toward the window — and you only get further away."
P092_a-light_14,image,cut/out/thumbs/P092_a-light_14.webp,,01 OUT OF LIFE,a light,archive · cut-outs,P092_a-light_14,"""a light"" — cut from P092. The vape gathers, inside and out. My vision blurs. I move toward the window — and you only get further away."
P092_a-light_17,image,cut/out/thumbs/P092_a-light_17.webp,,01 OUT OF LIFE,a light,archive · cut-outs,P092_a-light_17,"""a light"" — cut from P092. The vape gathers, inside and out. My vision blurs. I move toward the window — and you only get further away."
P093_a-person_0,image,cut/out/thumbs/P093_a-person_0.webp,,01 OUT OF LIFE,a person,archive · cut-outs,P093_a-person_0,"""a person"" — cut from P093. The vape gathers, inside and out. My vision blurs. I move toward the window — and you only get further away."
P093_a-human-face_0,image,cut/out/thumbs/P093_a-human-face_0.webp,,01 OUT OF LIFE,a human face,archive · cut-outs,P093_a-human-face_0,"""a human face"" — cut from P093. The vape gathers, inside and out. My vision blurs. I move toward the window — and you only get further away."
P093_a-human-face_1,image,cut/out/thumbs/P093_a-human-face_1.webp,,01 OUT OF LIFE,a human face,archive · cut-outs,P093_a-human-face_1,"""a human face"" — cut from P093. The vape gathers, inside and out. My vision blurs. I move toward the window — and you only get further away."
P093_a-light_0,image,cut/out/thumbs/P093_a-light_0.webp,,01 OUT OF LIFE,a light,archive · cut-outs,P093_a-light_0,"""a light"" — cut from P093. The vape gathers, inside and out. My vision blurs. I move toward the window — and you only get further away."
P093_a-light_3,image,cut/out/thumbs/P093_a-light_3.webp,,01 OUT OF LIFE,a light,archive · cut-outs,P093_a-light_3,"""a light"" — cut from P093. The vape gathers, inside and out. My vision blurs. I move toward the window — and you only get further away."
P093_a-light_5,image,cut/out/thumbs/P093_a-light_5.webp,,01 OUT OF LIFE,a light,archive · cut-outs,P093_a-light_5,"""a light"" — cut from P093. The vape gathers, inside and out. My vision blurs. I move toward the window — and you only get further away."
P093_a-light_7,image,cut/out/thumbs/P093_a-light_7.webp,,01 OUT OF LIFE,a light,archive · cut-outs,P093_a-light_7,"""a light"" — cut from P093. The vape gathers, inside and out. My vision blurs. I move toward the window — and you only get further away."
P093_a-light_8,image,cut/out/thumbs/P093_a-light_8.webp,,01 OUT OF LIFE,a light,archive · cut-outs,P093_a-light_8,"""a light"" — cut from P093. The vape gathers, inside and out. My vision blurs. I move toward the window — and you only get further away."
P093_a-light_11,image,cut/out/thumbs/P093_a-light_11.webp,,01 OUT OF LIFE,a light,archive · cut-outs,P093_a-light_11,"""a light"" — cut from P093. The vape gathers, inside and out. My vision blurs. I move toward the window — and you only get further away."
P093_a-light_12,image,cut/out/thumbs/P093_a-light_12.webp,,01 OUT OF LIFE,a light,archive · cut-outs,P093_a-light_12,"""a light"" — cut from P093. The vape gathers, inside and out. My vision blurs. I move toward the window — and you only get further away."
P093_a-road_0,image,cut/out/thumbs/P093_a-road_0.webp,,01 OUT OF LIFE,a road,archive · cut-outs,P093_a-road_0,"""a road"" — cut from P093. The vape gathers, inside and out. My vision blurs. I move toward the window — and you only get further away."
P093_the-sky_0,image,cut/out/thumbs/P093_the-sky_0.webp,,01 OUT OF LIFE,the sky,archive · cut-outs,P093_the-sky_0,"""the sky"" — cut from P093. The vape gathers, inside and out. My vision blurs. I move toward the window — and you only get further away."
P094_a-person_0,image,cut/out/thumbs/P094_a-person_0.webp,,01 OUT OF LIFE,a person,archive · cut-outs,P094_a-person_0,"""a person"" — cut from P094. The vape gathers, inside and out. My vision blurs. I move toward the window — and you only get further away."
P094_a-person_1,image,cut/out/thumbs/P094_a-person_1.webp,,01 OUT OF LIFE,a person,archive · cut-outs,P094_a-person_1,"""a person"" — cut from P094. The vape gathers, inside and out. My vision blurs. I move toward the window — and you only get further away."
P094_a-human-face_0,image,cut/out/thumbs/P094_a-human-face_0.webp,,01 OUT OF LIFE,a human face,archive · cut-outs,P094_a-human-face_0,"""a human face"" — cut from P094. The vape gathers, inside and out. My vision blurs. I move toward the window — and you only get further away."
P094_a-human-face_1,image,cut/out/thumbs/P094_a-human-face_1.webp,,01 OUT OF LIFE,a human face,archive · cut-outs,P094_a-human-face_1,"""a human face"" — cut from P094. The vape gathers, inside and out. My vision blurs. I move toward the window — and you only get further away."
P097_a-light_0,image,cut/out/thumbs/P097_a-light_0.webp,,06 RESURRECTING ATLANTIS,a light,archive · cut-outs,P097_a-light_0,"""a light"" — cut from P097. Here we are all one — the pact we've made here with nature, abandoned and hoped for the best, back on life."
P097_a-light_1,image,cut/out/thumbs/P097_a-light_1.webp,,06 RESURRECTING ATLANTIS,a light,archive · cut-outs,P097_a-light_1,"""a light"" — cut from P097. Here we are all one — the pact we've made here with nature, abandoned and hoped for the best, back on life."
P097_a-building_0,image,cut/out/thumbs/P097_a-building_0.webp,,06 RESURRECTING ATLANTIS,a building,archive · cut-outs,P097_a-building_0,"""a building"" — cut from P097. Here we are all one — the pact we've made here with nature, abandoned and hoped for the best, back on life."
P097_a-building_1,image,cut/out/thumbs/P097_a-building_1.webp,,06 RESURRECTING ATLANTIS,a building,archive · cut-outs,P097_a-building_1,"""a building"" — cut from P097. Here we are all one — the pact we've made here with nature, abandoned and hoped for the best, back on life."
P097_a-building_3,image,cut/out/thumbs/P097_a-building_3.webp,,06 RESURRECTING ATLANTIS,a building,archive · cut-outs,P097_a-building_3,"""a building"" — cut from P097. Here we are all one — the pact we've made here with nature, abandoned and hoped for the best, back on life."
P097_a-building_4,image,cut/out/thumbs/P097_a-building_4.webp,,06 RESURRECTING ATLANTIS,a building,archive · cut-outs,P097_a-building_4,"""a building"" — cut from P097. Here we are all one — the pact we've made here with nature, abandoned and hoped for the best, back on life."
P097_a-building_5,image,cut/out/thumbs/P097_a-building_5.webp,,06 RESURRECTING ATLANTIS,a building,archive · cut-outs,P097_a-building_5,"""a building"" — cut from P097. Here we are all one — the pact we've made here with nature, abandoned and hoped for the best, back on life."
P097_a-building_6,image,cut/out/thumbs/P097_a-building_6.webp,,06 RESURRECTING ATLANTIS,a building,archive · cut-outs,P097_a-building_6,"""a building"" — cut from P097. Here we are all one — the pact we've made here with nature, abandoned and hoped for the best, back on life."
P097_a-building_7,image,cut/out/thumbs/P097_a-building_7.webp,,06 RESURRECTING ATLANTIS,a building,archive · cut-outs,P097_a-building_7,"""a building"" — cut from P097. Here we are all one — the pact we've made here with nature, abandoned and hoped for the best, back on life."
P097_a-building_8,image,cut/out/thumbs/P097_a-building_8.webp,,06 RESURRECTING ATLANTIS,a building,archive · cut-outs,P097_a-building_8,"""a building"" — cut from P097. Here we are all one — the pact we've made here with nature, abandoned and hoped for the best, back on life."
P097_a-building_9,image,cut/out/thumbs/P097_a-building_9.webp,,06 RESURRECTING ATLANTIS,a building,archive · cut-outs,P097_a-building_9,"""a building"" — cut from P097. Here we are all one — the pact we've made here with nature, abandoned and hoped for the best, back on life."
P097_the-sky_0,image,cut/out/thumbs/P097_the-sky_0.webp,,06 RESURRECTING ATLANTIS,the sky,archive · cut-outs,P097_the-sky_0,"""the sky"" — cut from P097. Here we are all one — the pact we've made here with nature, abandoned and hoped for the best, back on life."
P097_water_0,image,cut/out/thumbs/P097_water_0.webp,,06 RESURRECTING ATLANTIS,water,archive · cut-outs,P097_water_0,"""water"" — cut from P097. Here we are all one — the pact we've made here with nature, abandoned and hoped for the best, back on life."
P098_a-building_0,image,cut/out/thumbs/P098_a-building_0.webp,,06 RESURRECTING ATLANTIS,a building,archive · cut-outs,P098_a-building_0,"""a building"" — cut from P098. Here we are all one — the pact we've made here with nature, abandoned and hoped for the best, back on life."
P098_a-building_1,image,cut/out/thumbs/P098_a-building_1.webp,,06 RESURRECTING ATLANTIS,a building,archive · cut-outs,P098_a-building_1,"""a building"" — cut from P098. Here we are all one — the pact we've made here with nature, abandoned and hoped for the best, back on life."
P098_a-building_3,image,cut/out/thumbs/P098_a-building_3.webp,,06 RESURRECTING ATLANTIS,a building,archive · cut-outs,P098_a-building_3,"""a building"" — cut from P098. Here we are all one — the pact we've made here with nature, abandoned and hoped for the best, back on life."
P098_a-building_4,image,cut/out/thumbs/P098_a-building_4.webp,,06 RESURRECTING ATLANTIS,a building,archive · cut-outs,P098_a-building_4,"""a building"" — cut from P098. Here we are all one — the pact we've made here with nature, abandoned and hoped for the best, back on life."
P098_a-building_5,image,cut/out/thumbs/P098_a-building_5.webp,,06 RESURRECTING ATLANTIS,a building,archive · cut-outs,P098_a-building_5,"""a building"" — cut from P098. Here we are all one — the pact we've made here with nature, abandoned and hoped for the best, back on life."
P098_a-building_6,image,cut/out/thumbs/P098_a-building_6.webp,,06 RESURRECTING ATLANTIS,a building,archive · cut-outs,P098_a-building_6,"""a building"" — cut from P098. Here we are all one — the pact we've made here with nature, abandoned and hoped for the best, back on life."
P098_a-building_7,image,cut/out/thumbs/P098_a-building_7.webp,,06 RESURRECTING ATLANTIS,a building,archive · cut-outs,P098_a-building_7,"""a building"" — cut from P098. Here we are all one — the pact we've made here with nature, abandoned and hoped for the best, back on life."
P098_a-building_8,image,cut/out/thumbs/P098_a-building_8.webp,,06 RESURRECTING ATLANTIS,a building,archive · cut-outs,P098_a-building_8,"""a building"" — cut from P098. Here we are all one — the pact we've made here with nature, abandoned and hoped for the best, back on life."
P098_a-building_9,image,cut/out/thumbs/P098_a-building_9.webp,,06 RESURRECTING ATLANTIS,a building,archive · cut-outs,P098_a-building_9,"""a building"" — cut from P098. Here we are all one — the pact we've made here with nature, abandoned and hoped for the best, back on life."
P098_a-building_10,image,cut/out/thumbs/P098_a-building_10.webp,,06 RESURRECTING ATLANTIS,a building,archive · cut-outs,P098_a-building_10,"""a building"" — cut from P098. Here we are all one — the pact we've made here with nature, abandoned and hoped for the best, back on life."
P098_a-building_11,image,cut/out/thumbs/P098_a-building_11.webp,,06 RESURRECTING ATLANTIS,a building,archive · cut-outs,P098_a-building_11,"""a building"" — cut from P098. Here we are all one — the pact we've made here with nature, abandoned and hoped for the best, back on life."
P098_a-building_12,image,cut/out/thumbs/P098_a-building_12.webp,,06 RESURRECTING ATLANTIS,a building,archive · cut-outs,P098_a-building_12,"""a building"" — cut from P098. Here we are all one — the pact we've made here with nature, abandoned and hoped for the best, back on life."
P098_a-building_13,image,cut/out/thumbs/P098_a-building_13.webp,,06 RESURRECTING ATLANTIS,a building,archive · cut-outs,P098_a-building_13,"""a building"" — cut from P098. Here we are all one — the pact we've made here with nature, abandoned and hoped for the best, back on life."
P098_a-building_14,image,cut/out/thumbs/P098_a-building_14.webp,,06 RESURRECTING ATLANTIS,a building,archive · cut-outs,P098_a-building_14,"""a building"" — cut from P098. Here we are all one — the pact we've made here with nature, abandoned and hoped for the best, back on life."
P098_a-building_15,image,cut/out/thumbs/P098_a-building_15.webp,,06 RESURRECTING ATLANTIS,a building,archive · cut-outs,P098_a-building_15,"""a building"" — cut from P098. Here we are all one — the pact we've made here with nature, abandoned and hoped for the best, back on life."
P098_a-building_16,image,cut/out/thumbs/P098_a-building_16.webp,,06 RESURRECTING ATLANTIS,a building,archive · cut-outs,P098_a-building_16,"""a building"" — cut from P098. Here we are all one — the pact we've made here with nature, abandoned and hoped for the best, back on life."
P098_a-building_17,image,cut/out/thumbs/P098_a-building_17.webp,,06 RESURRECTING ATLANTIS,a building,archive · cut-outs,P098_a-building_17,"""a building"" — cut from P098. Here we are all one — the pact we've made here with nature, abandoned and hoped for the best, back on life."
P098_a-building_18,image,cut/out/thumbs/P098_a-building_18.webp,,06 RESURRECTING ATLANTIS,a building,archive · cut-outs,P098_a-building_18,"""a building"" — cut from P098. Here we are all one — the pact we've made here with nature, abandoned and hoped for the best, back on life."
P098_a-building_20,image,cut/out/thumbs/P098_a-building_20.webp,,06 RESURRECTING ATLANTIS,a building,archive · cut-outs,P098_a-building_20,"""a building"" — cut from P098. Here we are all one — the pact we've made here with nature, abandoned and hoped for the best, back on life."
P098_a-building_21,image,cut/out/thumbs/P098_a-building_21.webp,,06 RESURRECTING ATLANTIS,a building,archive · cut-outs,P098_a-building_21,"""a building"" — cut from P098. Here we are all one — the pact we've made here with nature, abandoned and hoped for the best, back on life."
P098_a-building_22,image,cut/out/thumbs/P098_a-building_22.webp,,06 RESURRECTING ATLANTIS,a building,archive · cut-outs,P098_a-building_22,"""a building"" — cut from P098. Here we are all one — the pact we've made here with nature, abandoned and hoped for the best, back on life."
P098_a-building_24,image,cut/out/thumbs/P098_a-building_24.webp,,06 RESURRECTING ATLANTIS,a building,archive · cut-outs,P098_a-building_24,"""a building"" — cut from P098. Here we are all one — the pact we've made here with nature, abandoned and hoped for the best, back on life."
P098_the-sky_0,image,cut/out/thumbs/P098_the-sky_0.webp,,06 RESURRECTING ATLANTIS,the sky,archive · cut-outs,P098_the-sky_0,"""the sky"" — cut from P098. Here we are all one — the pact we've made here with nature, abandoned and hoped for the best, back on life."
P098_water_0,image,cut/out/thumbs/P098_water_0.webp,,06 RESURRECTING ATLANTIS,water,archive · cut-outs,P098_water_0,"""water"" — cut from P098. Here we are all one — the pact we've made here with nature, abandoned and hoped for the best, back on life."
P099_a-person_0,image,cut/out/thumbs/P099_a-person_0.webp,,06 RESURRECTING ATLANTIS,a person,archive · cut-outs,P099_a-person_0,"""a person"" — cut from P099. Here we are all one — the pact we've made here with nature, abandoned and hoped for the best, back on life."
P099_a-person_1,image,cut/out/thumbs/P099_a-person_1.webp,,06 RESURRECTING ATLANTIS,a person,archive · cut-outs,P099_a-person_1,"""a person"" — cut from P099. Here we are all one — the pact we've made here with nature, abandoned and hoped for the best, back on life."
P099_a-person_2,image,cut/out/thumbs/P099_a-person_2.webp,,06 RESURRECTING ATLANTIS,a person,archive · cut-outs,P099_a-person_2,"""a person"" — cut from P099. Here we are all one — the pact we've made here with nature, abandoned and hoped for the best, back on life."
P099_a-person_3,image,cut/out/thumbs/P099_a-person_3.webp,,06 RESURRECTING ATLANTIS,a person,archive · cut-outs,P099_a-person_3,"""a person"" — cut from P099. Here we are all one — the pact we've made here with nature, abandoned and hoped for the best, back on life."
P099_a-person_4,image,cut/out/thumbs/P099_a-person_4.webp,,06 RESURRECTING ATLANTIS,a person,archive · cut-outs,P099_a-person_4,"""a person"" — cut from P099. Here we are all one — the pact we've made here with nature, abandoned and hoped for the best, back on life."
P099_a-person_5,image,cut/out/thumbs/P099_a-person_5.webp,,06 RESURRECTING ATLANTIS,a person,archive · cut-outs,P099_a-person_5,"""a person"" — cut from P099. Here we are all one — the pact we've made here with nature, abandoned and hoped for the best, back on life."
P099_a-person_6,image,cut/out/thumbs/P099_a-person_6.webp,,06 RESURRECTING ATLANTIS,a person,archive · cut-outs,P099_a-person_6,"""a person"" — cut from P099. Here we are all one — the pact we've made here with nature, abandoned and hoped for the best, back on life."
P099_a-person_7,image,cut/out/thumbs/P099_a-person_7.webp,,06 RESURRECTING ATLANTIS,a person,archive · cut-outs,P099_a-person_7,"""a person"" — cut from P099. Here we are all one — the pact we've made here with nature, abandoned and hoped for the best, back on life."
P099_a-person_8,image,cut/out/thumbs/P099_a-person_8.webp,,06 RESURRECTING ATLANTIS,a person,archive · cut-outs,P099_a-person_8,"""a person"" — cut from P099. Here we are all one — the pact we've made here with nature, abandoned and hoped for the best, back on life."
P099_a-person_9,image,cut/out/thumbs/P099_a-person_9.webp,,06 RESURRECTING ATLANTIS,a person,archive · cut-outs,P099_a-person_9,"""a person"" — cut from P099. Here we are all one — the pact we've made here with nature, abandoned and hoped for the best, back on life."
P099_a-person_10,image,cut/out/thumbs/P099_a-person_10.webp,,06 RESURRECTING ATLANTIS,a person,archive · cut-outs,P099_a-person_10,"""a person"" — cut from P099. Here we are all one — the pact we've made here with nature, abandoned and hoped for the best, back on life."
P099_a-person_11,image,cut/out/thumbs/P099_a-person_11.webp,,06 RESURRECTING ATLANTIS,a person,archive · cut-outs,P099_a-person_11,"""a person"" — cut from P099. Here we are all one — the pact we've made here with nature, abandoned and hoped for the best, back on life."
P099_a-person_12,image,cut/out/thumbs/P099_a-person_12.webp,,06 RESURRECTING ATLANTIS,a person,archive · cut-outs,P099_a-person_12,"""a person"" — cut from P099. Here we are all one — the pact we've made here with nature, abandoned and hoped for the best, back on life."
P099_a-person_13,image,cut/out/thumbs/P099_a-person_13.webp,,06 RESURRECTING ATLANTIS,a person,archive · cut-outs,P099_a-person_13,"""a person"" — cut from P099. Here we are all one — the pact we've made here with nature, abandoned and hoped for the best, back on life."
P099_a-person_14,image,cut/out/thumbs/P099_a-person_14.webp,,06 RESURRECTING ATLANTIS,a person,archive · cut-outs,P099_a-person_14,"""a person"" — cut from P099. Here we are all one — the pact we've made here with nature, abandoned and hoped for the best, back on life."
P099_a-person_15,image,cut/out/thumbs/P099_a-person_15.webp,,06 RESURRECTING ATLANTIS,a person,archive · cut-outs,P099_a-person_15,"""a person"" — cut from P099. Here we are all one — the pact we've made here with nature, abandoned and hoped for the best, back on life."
P099_a-person_16,image,cut/out/thumbs/P099_a-person_16.webp,,06 RESURRECTING ATLANTIS,a person,archive · cut-outs,P099_a-person_16,"""a person"" — cut from P099. Here we are all one — the pact we've made here with nature, abandoned and hoped for the best, back on life."
P099_a-person_17,image,cut/out/thumbs/P099_a-person_17.webp,,06 RESURRECTING ATLANTIS,a person,archive · cut-outs,P099_a-person_17,"""a person"" — cut from P099. Here we are all one — the pact we've made here with nature, abandoned and hoped for the best, back on life."
P099_a-person_18,image,cut/out/thumbs/P099_a-person_18.webp,,06 RESURRECTING ATLANTIS,a person,archive · cut-outs,P099_a-person_18,"""a person"" — cut from P099. Here we are all one — the pact we've made here with nature, abandoned and hoped for the best, back on life."
P099_a-human-face_0,image,cut/out/thumbs/P099_a-human-face_0.webp,,06 RESURRECTING ATLANTIS,a human face,archive · cut-outs,P099_a-human-face_0,"""a human face"" — cut from P099. Here we are all one — the pact we've made here with nature, abandoned and hoped for the best, back on life."
P099_a-human-face_1,image,cut/out/thumbs/P099_a-human-face_1.webp,,06 RESURRECTING ATLANTIS,a human face,archive · cut-outs,P099_a-human-face_1,"""a human face"" — cut from P099. Here we are all one — the pact we've made here with nature, abandoned and hoped for the best, back on life."
P099_a-human-face_2,image,cut/out/thumbs/P099_a-human-face_2.webp,,06 RESURRECTING ATLANTIS,a human face,archive · cut-outs,P099_a-human-face_2,"""a human face"" — cut from P099. Here we are all one — the pact we've made here with nature, abandoned and hoped for the best, back on life."
P099_a-human-face_3,image,cut/out/thumbs/P099_a-human-face_3.webp,,06 RESURRECTING ATLANTIS,a human face,archive · cut-outs,P099_a-human-face_3,"""a human face"" — cut from P099. Here we are all one — the pact we've made here with nature, abandoned and hoped for the best, back on life."
P099_a-human-face_4,image,cut/out/thumbs/P099_a-human-face_4.webp,,06 RESURRECTING ATLANTIS,a human face,archive · cut-outs,P099_a-human-face_4,"""a human face"" — cut from P099. Here we are all one — the pact we've made here with nature, abandoned and hoped for the best, back on life."
P099_a-human-face_5,image,cut/out/thumbs/P099_a-human-face_5.webp,,06 RESURRECTING ATLANTIS,a human face,archive · cut-outs,P099_a-human-face_5,"""a human face"" — cut from P099. Here we are all one — the pact we've made here with nature, abandoned and hoped for the best, back on life."
P099_a-human-face_6,image,cut/out/thumbs/P099_a-human-face_6.webp,,06 RESURRECTING ATLANTIS,a human face,archive · cut-outs,P099_a-human-face_6,"""a human face"" — cut from P099. Here we are all one — the pact we've made here with nature, abandoned and hoped for the best, back on life."
P099_a-human-face_7,image,cut/out/thumbs/P099_a-human-face_7.webp,,06 RESURRECTING ATLANTIS,a human face,archive · cut-outs,P099_a-human-face_7,"""a human face"" — cut from P099. Here we are all one — the pact we've made here with nature, abandoned and hoped for the best, back on life."
P099_a-human-face_8,image,cut/out/thumbs/P099_a-human-face_8.webp,,06 RESURRECTING ATLANTIS,a human face,archive · cut-outs,P099_a-human-face_8,"""a human face"" — cut from P099. Here we are all one — the pact we've made here with nature, abandoned and hoped for the best, back on life."
P099_a-human-face_9,image,cut/out/thumbs/P099_a-human-face_9.webp,,06 RESURRECTING ATLANTIS,a human face,archive · cut-outs,P099_a-human-face_9,"""a human face"" — cut from P099. Here we are all one — the pact we've made here with nature, abandoned and hoped for the best, back on life."
P099_a-human-face_10,image,cut/out/thumbs/P099_a-human-face_10.webp,,06 RESURRECTING ATLANTIS,a human face,archive · cut-outs,P099_a-human-face_10,"""a human face"" — cut from P099. Here we are all one — the pact we've made here with nature, abandoned and hoped for the best, back on life."
P100_a-person_0,image,cut/out/thumbs/P100_a-person_0.webp,,12 REUNION,a person,archive · cut-outs,P100_a-person_0,"""a person"" — cut from P100. Decades later, there is less time for words, and more space for laughter — hugs with no reason, and loud voices, so our hearts can be overheard."
P100_a-person_1,image,cut/out/thumbs/P100_a-person_1.webp,,12 REUNION,a person,archive · cut-outs,P100_a-person_1,"""a person"" — cut from P100. Decades later, there is less time for words, and more space for laughter — hugs with no reason, and loud voices, so our hearts can be overheard."
P100_a-human-face_0,image,cut/out/thumbs/P100_a-human-face_0.webp,,12 REUNION,a human face,archive · cut-outs,P100_a-human-face_0,"""a human face"" — cut from P100. Decades later, there is less time for words, and more space for laughter — hugs with no reason, and loud voices, so our hearts can be overheard."
P100_a-human-face_1,image,cut/out/thumbs/P100_a-human-face_1.webp,,12 REUNION,a human face,archive · cut-outs,P100_a-human-face_1,"""a human face"" — cut from P100. Decades later, there is less time for words, and more space for laughter — hugs with no reason, and loud voices, so our hearts can be overheard."
P100_a-hand_0,image,cut/out/thumbs/P100_a-hand_0.webp,,12 REUNION,a hand,archive · cut-outs,P100_a-hand_0,"""a hand"" — cut from P100. Decades later, there is less time for words, and more space for laughter — hugs with no reason, and loud voices, so our hearts can be overheard."
P100_a-hand_1,image,cut/out/thumbs/P100_a-hand_1.webp,,12 REUNION,a hand,archive · cut-outs,P100_a-hand_1,"""a hand"" — cut from P100. Decades later, there is less time for words, and more space for laughter — hugs with no reason, and loud voices, so our hearts can be overheard."
P100_a-hand_2,image,cut/out/thumbs/P100_a-hand_2.webp,,12 REUNION,a hand,archive · cut-outs,P100_a-hand_2,"""a hand"" — cut from P100. Decades later, there is less time for words, and more space for laughter — hugs with no reason, and loud voices, so our hearts can be overheard."
P100_a-hand_3,image,cut/out/thumbs/P100_a-hand_3.webp,,12 REUNION,a hand,archive · cut-outs,P100_a-hand_3,"""a hand"" — cut from P100. Decades later, there is less time for words, and more space for laughter — hugs with no reason, and loud voices, so our hearts can be overheard."
P100_a-light_0,image,cut/out/thumbs/P100_a-light_0.webp,,12 REUNION,a light,archive · cut-outs,P100_a-light_0,"""a light"" — cut from P100. Decades later, there is less time for words, and more space for laughter — hugs with no reason, and loud voices, so our hearts can be overheard."
P100_a-light_1,image,cut/out/thumbs/P100_a-light_1.webp,,12 REUNION,a light,archive · cut-outs,P100_a-light_1,"""a light"" — cut from P100. Decades later, there is less time for words, and more space for laughter — hugs with no reason, and loud voices, so our hearts can be overheard."
P100_a-light_2,image,cut/out/thumbs/P100_a-light_2.webp,,12 REUNION,a light,archive · cut-outs,P100_a-light_2,"""a light"" — cut from P100. Decades later, there is less time for words, and more space for laughter — hugs with no reason, and loud voices, so our hearts can be overheard."
P100_a-light_3,image,cut/out/thumbs/P100_a-light_3.webp,,12 REUNION,a light,archive · cut-outs,P100_a-light_3,"""a light"" — cut from P100. Decades later, there is less time for words, and more space for laughter — hugs with no reason, and loud voices, so our hearts can be overheard."
P100_a-light_5,image,cut/out/thumbs/P100_a-light_5.webp,,12 REUNION,a light,archive · cut-outs,P100_a-light_5,"""a light"" — cut from P100. Decades later, there is less time for words, and more space for laughter — hugs with no reason, and loud voices, so our hearts can be overheard."
P100_a-light_6,image,cut/out/thumbs/P100_a-light_6.webp,,12 REUNION,a light,archive · cut-outs,P100_a-light_6,"""a light"" — cut from P100. Decades later, there is less time for words, and more space for laughter — hugs with no reason, and loud voices, so our hearts can be overheard."
P100_a-light_7,image,cut/out/thumbs/P100_a-light_7.webp,,12 REUNION,a light,archive · cut-outs,P100_a-light_7,"""a light"" — cut from P100. Decades later, there is less time for words, and more space for laughter — hugs with no reason, and loud voices, so our hearts can be overheard."
P100_a-light_8,image,cut/out/thumbs/P100_a-light_8.webp,,12 REUNION,a light,archive · cut-outs,P100_a-light_8,"""a light"" — cut from P100. Decades later, there is less time for words, and more space for laughter — hugs with no reason, and loud voices, so our hearts can be overheard."
P100_a-light_9,image,cut/out/thumbs/P100_a-light_9.webp,,12 REUNION,a light,archive · cut-outs,P100_a-light_9,"""a light"" — cut from P100. Decades later, there is less time for words, and more space for laughter — hugs with no reason, and loud voices, so our hearts can be overheard."
P100_a-light_11,image,cut/out/thumbs/P100_a-light_11.webp,,12 REUNION,a light,archive · cut-outs,P100_a-light_11,"""a light"" — cut from P100. Decades later, there is less time for words, and more space for laughter — hugs with no reason, and loud voices, so our hearts can be overheard."
P100_a-light_12,image,cut/out/thumbs/P100_a-light_12.webp,,12 REUNION,a light,archive · cut-outs,P100_a-light_12,"""a light"" — cut from P100. Decades later, there is less time for words, and more space for laughter — hugs with no reason, and loud voices, so our hearts can be overheard."
P100_a-light_13,image,cut/out/thumbs/P100_a-light_13.webp,,12 REUNION,a light,archive · cut-outs,P100_a-light_13,"""a light"" — cut from P100. Decades later, there is less time for words, and more space for laughter — hugs with no reason, and loud voices, so our hearts can be overheard."
P100_a-light_14,image,cut/out/thumbs/P100_a-light_14.webp,,12 REUNION,a light,archive · cut-outs,P100_a-light_14,"""a light"" — cut from P100. Decades later, there is less time for words, and more space for laughter — hugs with no reason, and loud voices, so our hearts can be overheard."
P100_a-light_15,image,cut/out/thumbs/P100_a-light_15.webp,,12 REUNION,a light,archive · cut-outs,P100_a-light_15,"""a light"" — cut from P100. Decades later, there is less time for words, and more space for laughter — hugs with no reason, and loud voices, so our hearts can be overheard."
P100_a-light_17,image,cut/out/thumbs/P100_a-light_17.webp,,12 REUNION,a light,archive · cut-outs,P100_a-light_17,"""a light"" — cut from P100. Decades later, there is less time for words, and more space for laughter — hugs with no reason, and loud voices, so our hearts can be overheard."
P100_a-light_18,image,cut/out/thumbs/P100_a-light_18.webp,,12 REUNION,a light,archive · cut-outs,P100_a-light_18,"""a light"" — cut from P100. Decades later, there is less time for words, and more space for laughter — hugs with no reason, and loud voices, so our hearts can be overheard."
P100_a-light_19,image,cut/out/thumbs/P100_a-light_19.webp,,12 REUNION,a light,archive · cut-outs,P100_a-light_19,"""a light"" — cut from P100. Decades later, there is less time for words, and more space for laughter — hugs with no reason, and loud voices, so our hearts can be overheard."
P101_the-sky_0,image,cut/out/thumbs/P101_the-sky_0.webp,,12 REUNION,the sky,archive · cut-outs,P101_the-sky_0,"""the sky"" — cut from P101. Decades later, there is less time for words, and more space for laughter — hugs with no reason, and loud voices, so our hearts can be overheard."
P101_water_0,image,cut/out/thumbs/P101_water_0.webp,,12 REUNION,water,archive · cut-outs,P101_water_0,"""water"" — cut from P101. Decades later, there is less time for words, and more space for laughter — hugs with no reason, and loud voices, so our hearts can be overheard."
P102_the-sky_0,image,cut/out/thumbs/P102_the-sky_0.webp,,12 REUNION,the sky,archive · cut-outs,P102_the-sky_0,"""the sky"" — cut from P102. Decades later, there is less time for words, and more space for laughter — hugs with no reason, and loud voices, so our hearts can be overheard."
P103_a-wall_0,image,cut/out/thumbs/P103_a-wall_0.webp,,14 HOT MINUTE,a wall,archive · cut-outs,P103_a-wall_0,"""a wall"" — cut from P103. A hot minute. The haze gathers on the water — and everything I built here learns to be weather: the city, the temple, the harbor."
P103_a-building_0,image,cut/out/thumbs/P103_a-building_0.webp,,14 HOT MINUTE,a building,archive · cut-outs,P103_a-building_0,"""a building"" — cut from P103. A hot minute. The haze gathers on the water — and everything I built here learns to be weather: the city, the temple, the harbor."
P103_a-building_1,image,cut/out/thumbs/P103_a-building_1.webp,,14 HOT MINUTE,a building,archive · cut-outs,P103_a-building_1,"""a building"" — cut from P103. A hot minute. The haze gathers on the water — and everything I built here learns to be weather: the city, the temple, the harbor."
P103_a-building_3,image,cut/out/thumbs/P103_a-building_3.webp,,14 HOT MINUTE,a building,archive · cut-outs,P103_a-building_3,"""a building"" — cut from P103. A hot minute. The haze gathers on the water — and everything I built here learns to be weather: the city, the temple, the harbor."
P103_a-building_5,image,cut/out/thumbs/P103_a-building_5.webp,,14 HOT MINUTE,a building,archive · cut-outs,P103_a-building_5,"""a building"" — cut from P103. A hot minute. The haze gathers on the water — and everything I built here learns to be weather: the city, the temple, the harbor."
P103_a-building_7,image,cut/out/thumbs/P103_a-building_7.webp,,14 HOT MINUTE,a building,archive · cut-outs,P103_a-building_7,"""a building"" — cut from P103. A hot minute. The haze gathers on the water — and everything I built here learns to be weather: the city, the temple, the harbor."
P103_a-building_8,image,cut/out/thumbs/P103_a-building_8.webp,,14 HOT MINUTE,a building,archive · cut-outs,P103_a-building_8,"""a building"" — cut from P103. A hot minute. The haze gathers on the water — and everything I built here learns to be weather: the city, the temple, the harbor."
P103_a-building_9,image,cut/out/thumbs/P103_a-building_9.webp,,14 HOT MINUTE,a building,archive · cut-outs,P103_a-building_9,"""a building"" — cut from P103. A hot minute. The haze gathers on the water — and everything I built here learns to be weather: the city, the temple, the harbor."
P103_a-building_10,image,cut/out/thumbs/P103_a-building_10.webp,,14 HOT MINUTE,a building,archive · cut-outs,P103_a-building_10,"""a building"" — cut from P103. A hot minute. The haze gathers on the water — and everything I built here learns to be weather: the city, the temple, the harbor."
P103_a-building_11,image,cut/out/thumbs/P103_a-building_11.webp,,14 HOT MINUTE,a building,archive · cut-outs,P103_a-building_11,"""a building"" — cut from P103. A hot minute. The haze gathers on the water — and everything I built here learns to be weather: the city, the temple, the harbor."
P103_a-building_12,image,cut/out/thumbs/P103_a-building_12.webp,,14 HOT MINUTE,a building,archive · cut-outs,P103_a-building_12,"""a building"" — cut from P103. A hot minute. The haze gathers on the water — and everything I built here learns to be weather: the city, the temple, the harbor."
P103_a-building_14,image,cut/out/thumbs/P103_a-building_14.webp,,14 HOT MINUTE,a building,archive · cut-outs,P103_a-building_14,"""a building"" — cut from P103. A hot minute. The haze gathers on the water — and everything I built here learns to be weather: the city, the temple, the harbor."
P103_a-building_15,image,cut/out/thumbs/P103_a-building_15.webp,,14 HOT MINUTE,a building,archive · cut-outs,P103_a-building_15,"""a building"" — cut from P103. A hot minute. The haze gathers on the water — and everything I built here learns to be weather: the city, the temple, the harbor."
P103_a-building_16,image,cut/out/thumbs/P103_a-building_16.webp,,14 HOT MINUTE,a building,archive · cut-outs,P103_a-building_16,"""a building"" — cut from P103. A hot minute. The haze gathers on the water — and everything I built here learns to be weather: the city, the temple, the harbor."
P103_a-building_17,image,cut/out/thumbs/P103_a-building_17.webp,,14 HOT MINUTE,a building,archive · cut-outs,P103_a-building_17,"""a building"" — cut from P103. A hot minute. The haze gathers on the water — and everything I built here learns to be weather: the city, the temple, the harbor."
P103_a-building_18,image,cut/out/thumbs/P103_a-building_18.webp,,14 HOT MINUTE,a building,archive · cut-outs,P103_a-building_18,"""a building"" — cut from P103. A hot minute. The haze gathers on the water — and everything I built here learns to be weather: the city, the temple, the harbor."
P103_a-building_19,image,cut/out/thumbs/P103_a-building_19.webp,,14 HOT MINUTE,a building,archive · cut-outs,P103_a-building_19,"""a building"" — cut from P103. A hot minute. The haze gathers on the water — and everything I built here learns to be weather: the city, the temple, the harbor."
P103_a-building_20,image,cut/out/thumbs/P103_a-building_20.webp,,14 HOT MINUTE,a building,archive · cut-outs,P103_a-building_20,"""a building"" — cut from P103. A hot minute. The haze gathers on the water — and everything I built here learns to be weather: the city, the temple, the harbor."
P103_a-building_21,image,cut/out/thumbs/P103_a-building_21.webp,,14 HOT MINUTE,a building,archive · cut-outs,P103_a-building_21,"""a building"" — cut from P103. A hot minute. The haze gathers on the water — and everything I built here learns to be weather: the city, the temple, the harbor."
P103_the-sky_0,image,cut/out/thumbs/P103_the-sky_0.webp,,14 HOT MINUTE,the sky,archive · cut-outs,P103_the-sky_0,"""the sky"" — cut from P103. A hot minute. The haze gathers on the water — and everything I built here learns to be weather: the city, the temple, the harbor."
P104_the-sky_0,image,cut/out/thumbs/P104_the-sky_0.webp,,01 OUT OF LIFE,the sky,archive · cut-outs,P104_the-sky_0,"""the sky"" — cut from P104. The vape gathers, inside and out. My vision blurs. I move toward the window — and you only get further away."
P105_a-person_0,image,cut/out/thumbs/P105_a-person_0.webp,,11 NEW DAY,a person,archive · cut-outs,P105_a-person_0,"""a person"" — cut from P105. In the awakening of dawn, in fresh muted colors: we can rebuild this temple. It's a new day — a catharsis for me to say."
P105_a-human-face_0,image,cut/out/thumbs/P105_a-human-face_0.webp,,11 NEW DAY,a human face,archive · cut-outs,P105_a-human-face_0,"""a human face"" — cut from P105. In the awakening of dawn, in fresh muted colors: we can rebuild this temple. It's a new day — a catharsis for me to say."
P105_a-hand_0,image,cut/out/thumbs/P105_a-hand_0.webp,,11 NEW DAY,a hand,archive · cut-outs,P105_a-hand_0,"""a hand"" — cut from P105. In the awakening of dawn, in fresh muted colors: we can rebuild this temple. It's a new day — a catharsis for me to say."
P105_a-window_1,image,cut/out/thumbs/P105_a-window_1.webp,,11 NEW DAY,a window,archive · cut-outs,P105_a-window_1,"""a window"" — cut from P105. In the awakening of dawn, in fresh muted colors: we can rebuild this temple. It's a new day — a catharsis for me to say."
P105_a-window_2,image,cut/out/thumbs/P105_a-window_2.webp,,11 NEW DAY,a window,archive · cut-outs,P105_a-window_2,"""a window"" — cut from P105. In the awakening of dawn, in fresh muted colors: we can rebuild this temple. It's a new day — a catharsis for me to say."
P105_a-light_0,image,cut/out/thumbs/P105_a-light_0.webp,,11 NEW DAY,a light,archive · cut-outs,P105_a-light_0,"""a light"" — cut from P105. In the awakening of dawn, in fresh muted colors: we can rebuild this temple. It's a new day — a catharsis for me to say."
P105_a-lamp_2,image,cut/out/thumbs/P105_a-lamp_2.webp,,11 NEW DAY,a lamp,archive · cut-outs,P105_a-lamp_2,"""a lamp"" — cut from P105. In the awakening of dawn, in fresh muted colors: we can rebuild this temple. It's a new day — a catharsis for me to say."
P105_a-wall_0,image,cut/out/thumbs/P105_a-wall_0.webp,,11 NEW DAY,a wall,archive · cut-outs,P105_a-wall_0,"""a wall"" — cut from P105. In the awakening of dawn, in fresh muted colors: we can rebuild this temple. It's a new day — a catharsis for me to say."
P105_a-wall_1,image,cut/out/thumbs/P105_a-wall_1.webp,,11 NEW DAY,a wall,archive · cut-outs,P105_a-wall_1,"""a wall"" — cut from P105. In the awakening of dawn, in fresh muted colors: we can rebuild this temple. It's a new day — a catharsis for me to say."
P105_a-wall_2,image,cut/out/thumbs/P105_a-wall_2.webp,,11 NEW DAY,a wall,archive · cut-outs,P105_a-wall_2,"""a wall"" — cut from P105. In the awakening of dawn, in fresh muted colors: we can rebuild this temple. It's a new day — a catharsis for me to say."
P105_a-wall_3,image,cut/out/thumbs/P105_a-wall_3.webp,,11 NEW DAY,a wall,archive · cut-outs,P105_a-wall_3,"""a wall"" — cut from P105. In the awakening of dawn, in fresh muted colors: we can rebuild this temple. It's a new day — a catharsis for me to say."
P105_a-wall_4,image,cut/out/thumbs/P105_a-wall_4.webp,,11 NEW DAY,a wall,archive · cut-outs,P105_a-wall_4,"""a wall"" — cut from P105. In the awakening of dawn, in fresh muted colors: we can rebuild this temple. It's a new day — a catharsis for me to say."
P105_the-sky_0,image,cut/out/thumbs/P105_the-sky_0.webp,,11 NEW DAY,the sky,archive · cut-outs,P105_the-sky_0,"""the sky"" — cut from P105. In the awakening of dawn, in fresh muted colors: we can rebuild this temple. It's a new day — a catharsis for me to say."
P106_a-road_0,image,cut/out/thumbs/P106_a-road_0.webp,,10 MAGIC RIDE,a road,archive · cut-outs,P106_a-road_0,"""a road"" — cut from P106. Loneliness is having everything with no one to tell — being everywhere, with no one to love. I let the noise block the noise."
P106_the-sky_0,image,cut/out/thumbs/P106_the-sky_0.webp,,10 MAGIC RIDE,the sky,archive · cut-outs,P106_the-sky_0,"""the sky"" — cut from P106. Loneliness is having everything with no one to tell — being everywhere, with no one to love. I let the noise block the noise."
P107_a-road_0,image,cut/out/thumbs/P107_a-road_0.webp,,10 MAGIC RIDE,a road,archive · cut-outs,P107_a-road_0,"""a road"" — cut from P107. Loneliness is having everything with no one to tell — being everywhere, with no one to love. I let the noise block the noise."
P107_the-sky_0,image,cut/out/thumbs/P107_the-sky_0.webp,,10 MAGIC RIDE,the sky,archive · cut-outs,P107_the-sky_0,"""the sky"" — cut from P107. Loneliness is having everything with no one to tell — being everywhere, with no one to love. I let the noise block the noise."
P108_a-person_0,image,cut/out/thumbs/P108_a-person_0.webp,,11 NEW DAY,a person,archive · cut-outs,P108_a-person_0,"""a person"" — cut from P108. In the awakening of dawn, in fresh muted colors: we can rebuild this temple. It's a new day — a catharsis for me to say."
P108_a-person_1,image,cut/out/thumbs/P108_a-person_1.webp,,11 NEW DAY,a person,archive · cut-outs,P108_a-person_1,"""a person"" — cut from P108. In the awakening of dawn, in fresh muted colors: we can rebuild this temple. It's a new day — a catharsis for me to say."
P108_a-human-face_0,image,cut/out/thumbs/P108_a-human-face_0.webp,,11 NEW DAY,a human face,archive · cut-outs,P108_a-human-face_0,"""a human face"" — cut from P108. In the awakening of dawn, in fresh muted colors: we can rebuild this temple. It's a new day — a catharsis for me to say."
P108_a-hand_0,image,cut/out/thumbs/P108_a-hand_0.webp,,11 NEW DAY,a hand,archive · cut-outs,P108_a-hand_0,"""a hand"" — cut from P108. In the awakening of dawn, in fresh muted colors: we can rebuild this temple. It's a new day — a catharsis for me to say."
P108_a-person-in-mid-air_0,image,cut/out/thumbs/P108_a-person-in-mid-air_0.webp,,11 NEW DAY,a person in mid-air,archive · cut-outs,P108_a-person-in-mid-air_0,"""a person in mid-air"" — cut from P108. In the awakening of dawn, in fresh muted colors: we can rebuild this temple. It's a new day — a catharsis for me to say."
P108_a-window_0,image,cut/out/thumbs/P108_a-window_0.webp,,11 NEW DAY,a window,archive · cut-outs,P108_a-window_0,"""a window"" — cut from P108. In the awakening of dawn, in fresh muted colors: we can rebuild this temple. It's a new day — a catharsis for me to say."
P108_a-window_1,image,cut/out/thumbs/P108_a-window_1.webp,,11 NEW DAY,a window,archive · cut-outs,P108_a-window_1,"""a window"" — cut from P108. In the awakening of dawn, in fresh muted colors: we can rebuild this temple. It's a new day — a catharsis for me to say."
P108_a-window_2,image,cut/out/thumbs/P108_a-window_2.webp,,11 NEW DAY,a window,archive · cut-outs,P108_a-window_2,"""a window"" — cut from P108. In the awakening of dawn, in fresh muted colors: we can rebuild this temple. It's a new day — a catharsis for me to say."
P108_a-window_4,image,cut/out/thumbs/P108_a-window_4.webp,,11 NEW DAY,a window,archive · cut-outs,P108_a-window_4,"""a window"" — cut from P108. In the awakening of dawn, in fresh muted colors: we can rebuild this temple. It's a new day — a catharsis for me to say."
P108_a-window_5,image,cut/out/thumbs/P108_a-window_5.webp,,11 NEW DAY,a window,archive · cut-outs,P108_a-window_5,"""a window"" — cut from P108. In the awakening of dawn, in fresh muted colors: we can rebuild this temple. It's a new day — a catharsis for me to say."
P108_a-window_7,image,cut/out/thumbs/P108_a-window_7.webp,,11 NEW DAY,a window,archive · cut-outs,P108_a-window_7,"""a window"" — cut from P108. In the awakening of dawn, in fresh muted colors: we can rebuild this temple. It's a new day — a catharsis for me to say."
P108_a-light_0,image,cut/out/thumbs/P108_a-light_0.webp,,11 NEW DAY,a light,archive · cut-outs,P108_a-light_0,"""a light"" — cut from P108. In the awakening of dawn, in fresh muted colors: we can rebuild this temple. It's a new day — a catharsis for me to say."
P108_a-light_1,image,cut/out/thumbs/P108_a-light_1.webp,,11 NEW DAY,a light,archive · cut-outs,P108_a-light_1,"""a light"" — cut from P108. In the awakening of dawn, in fresh muted colors: we can rebuild this temple. It's a new day — a catharsis for me to say."
P108_a-light_2,image,cut/out/thumbs/P108_a-light_2.webp,,11 NEW DAY,a light,archive · cut-outs,P108_a-light_2,"""a light"" — cut from P108. In the awakening of dawn, in fresh muted colors: we can rebuild this temple. It's a new day — a catharsis for me to say."
P108_a-light_3,image,cut/out/thumbs/P108_a-light_3.webp,,11 NEW DAY,a light,archive · cut-outs,P108_a-light_3,"""a light"" — cut from P108. In the awakening of dawn, in fresh muted colors: we can rebuild this temple. It's a new day — a catharsis for me to say."
P108_a-wall_0,image,cut/out/thumbs/P108_a-wall_0.webp,,11 NEW DAY,a wall,archive · cut-outs,P108_a-wall_0,"""a wall"" — cut from P108. In the awakening of dawn, in fresh muted colors: we can rebuild this temple. It's a new day — a catharsis for me to say."
P108_a-wall_1,image,cut/out/thumbs/P108_a-wall_1.webp,,11 NEW DAY,a wall,archive · cut-outs,P108_a-wall_1,"""a wall"" — cut from P108. In the awakening of dawn, in fresh muted colors: we can rebuild this temple. It's a new day — a catharsis for me to say."
P108_a-building_0,image,cut/out/thumbs/P108_a-building_0.webp,,11 NEW DAY,a building,archive · cut-outs,P108_a-building_0,"""a building"" — cut from P108. In the awakening of dawn, in fresh muted colors: we can rebuild this temple. It's a new day — a catharsis for me to say."
P108_the-sky_0,image,cut/out/thumbs/P108_the-sky_0.webp,,11 NEW DAY,the sky,archive · cut-outs,P108_the-sky_0,"""the sky"" — cut from P108. In the awakening of dawn, in fresh muted colors: we can rebuild this temple. It's a new day — a catharsis for me to say."
P108_the-sky_1,image,cut/out/thumbs/P108_the-sky_1.webp,,11 NEW DAY,the sky,archive · cut-outs,P108_the-sky_1,"""the sky"" — cut from P108. In the awakening of dawn, in fresh muted colors: we can rebuild this temple. It's a new day — a catharsis for me to say."
P109_a-hand_0,image,cut/out/thumbs/P109_a-hand_0.webp,,10 MAGIC RIDE,a hand,archive · cut-outs,P109_a-hand_0,"""a hand"" — cut from P109. Loneliness is having everything with no one to tell — being everywhere, with no one to love. I let the noise block the noise."
P109_a-hand_1,image,cut/out/thumbs/P109_a-hand_1.webp,,10 MAGIC RIDE,a hand,archive · cut-outs,P109_a-hand_1,"""a hand"" — cut from P109. Loneliness is having everything with no one to tell — being everywhere, with no one to love. I let the noise block the noise."
P109_a-hand_2,image,cut/out/thumbs/P109_a-hand_2.webp,,10 MAGIC RIDE,a hand,archive · cut-outs,P109_a-hand_2,"""a hand"" — cut from P109. Loneliness is having everything with no one to tell — being everywhere, with no one to love. I let the noise block the noise."
P109_a-hand_3,image,cut/out/thumbs/P109_a-hand_3.webp,,10 MAGIC RIDE,a hand,archive · cut-outs,P109_a-hand_3,"""a hand"" — cut from P109. Loneliness is having everything with no one to tell — being everywhere, with no one to love. I let the noise block the noise."
P109_a-hand_4,image,cut/out/thumbs/P109_a-hand_4.webp,,10 MAGIC RIDE,a hand,archive · cut-outs,P109_a-hand_4,"""a hand"" — cut from P109. Loneliness is having everything with no one to tell — being everywhere, with no one to love. I let the noise block the noise."
P109_a-hand_5,image,cut/out/thumbs/P109_a-hand_5.webp,,10 MAGIC RIDE,a hand,archive · cut-outs,P109_a-hand_5,"""a hand"" — cut from P109. Loneliness is having everything with no one to tell — being everywhere, with no one to love. I let the noise block the noise."
P109_a-hand_6,image,cut/out/thumbs/P109_a-hand_6.webp,,10 MAGIC RIDE,a hand,archive · cut-outs,P109_a-hand_6,"""a hand"" — cut from P109. Loneliness is having everything with no one to tell — being everywhere, with no one to love. I let the noise block the noise."
P109_a-hand_7,image,cut/out/thumbs/P109_a-hand_7.webp,,10 MAGIC RIDE,a hand,archive · cut-outs,P109_a-hand_7,"""a hand"" — cut from P109. Loneliness is having everything with no one to tell — being everywhere, with no one to love. I let the noise block the noise."
P109_a-hand_8,image,cut/out/thumbs/P109_a-hand_8.webp,,10 MAGIC RIDE,a hand,archive · cut-outs,P109_a-hand_8,"""a hand"" — cut from P109. Loneliness is having everything with no one to tell — being everywhere, with no one to love. I let the noise block the noise."
P109_a-hand_9,image,cut/out/thumbs/P109_a-hand_9.webp,,10 MAGIC RIDE,a hand,archive · cut-outs,P109_a-hand_9,"""a hand"" — cut from P109. Loneliness is having everything with no one to tell — being everywhere, with no one to love. I let the noise block the noise."
P109_a-hand_10,image,cut/out/thumbs/P109_a-hand_10.webp,,10 MAGIC RIDE,a hand,archive · cut-outs,P109_a-hand_10,"""a hand"" — cut from P109. Loneliness is having everything with no one to tell — being everywhere, with no one to love. I let the noise block the noise."
P110_a-person_0,image,cut/out/thumbs/P110_a-person_0.webp,,10 MAGIC RIDE,a person,archive · cut-outs,P110_a-person_0,"""a person"" — cut from P110. Loneliness is having everything with no one to tell — being everywhere, with no one to love. I let the noise block the noise."
P110_a-person_1,image,cut/out/thumbs/P110_a-person_1.webp,,10 MAGIC RIDE,a person,archive · cut-outs,P110_a-person_1,"""a person"" — cut from P110. Loneliness is having everything with no one to tell — being everywhere, with no one to love. I let the noise block the noise."
P110_a-person_2,image,cut/out/thumbs/P110_a-person_2.webp,,10 MAGIC RIDE,a person,archive · cut-outs,P110_a-person_2,"""a person"" — cut from P110. Loneliness is having everything with no one to tell — being everywhere, with no one to love. I let the noise block the noise."
P110_a-human-face_0,image,cut/out/thumbs/P110_a-human-face_0.webp,,10 MAGIC RIDE,a human face,archive · cut-outs,P110_a-human-face_0,"""a human face"" — cut from P110. Loneliness is having everything with no one to tell — being everywhere, with no one to love. I let the noise block the noise."
P110_a-human-face_1,image,cut/out/thumbs/P110_a-human-face_1.webp,,10 MAGIC RIDE,a human face,archive · cut-outs,P110_a-human-face_1,"""a human face"" — cut from P110. Loneliness is having everything with no one to tell — being everywhere, with no one to love. I let the noise block the noise."
P110_a-human-face_2,image,cut/out/thumbs/P110_a-human-face_2.webp,,10 MAGIC RIDE,a human face,archive · cut-outs,P110_a-human-face_2,"""a human face"" — cut from P110. Loneliness is having everything with no one to tell — being everywhere, with no one to love. I let the noise block the noise."
P110_a-human-face_3,image,cut/out/thumbs/P110_a-human-face_3.webp,,10 MAGIC RIDE,a human face,archive · cut-outs,P110_a-human-face_3,"""a human face"" — cut from P110. Loneliness is having everything with no one to tell — being everywhere, with no one to love. I let the noise block the noise."
P110_a-light_6,image,cut/out/thumbs/P110_a-light_6.webp,,10 MAGIC RIDE,a light,archive · cut-outs,P110_a-light_6,"""a light"" — cut from P110. Loneliness is having everything with no one to tell — being everywhere, with no one to love. I let the noise block the noise."
P110_a-building_0,image,cut/out/thumbs/P110_a-building_0.webp,,10 MAGIC RIDE,a building,archive · cut-outs,P110_a-building_0,"""a building"" — cut from P110. Loneliness is having everything with no one to tell — being everywhere, with no one to love. I let the noise block the noise."
P110_a-building_1,image,cut/out/thumbs/P110_a-building_1.webp,,10 MAGIC RIDE,a building,archive · cut-outs,P110_a-building_1,"""a building"" — cut from P110. Loneliness is having everything with no one to tell — being everywhere, with no one to love. I let the noise block the noise."
P110_a-building_2,image,cut/out/thumbs/P110_a-building_2.webp,,10 MAGIC RIDE,a building,archive · cut-outs,P110_a-building_2,"""a building"" — cut from P110. Loneliness is having everything with no one to tell — being everywhere, with no one to love. I let the noise block the noise."
P110_a-building_3,image,cut/out/thumbs/P110_a-building_3.webp,,10 MAGIC RIDE,a building,archive · cut-outs,P110_a-building_3,"""a building"" — cut from P110. Loneliness is having everything with no one to tell — being everywhere, with no one to love. I let the noise block the noise."
P110_a-building_4,image,cut/out/thumbs/P110_a-building_4.webp,,10 MAGIC RIDE,a building,archive · cut-outs,P110_a-building_4,"""a building"" — cut from P110. Loneliness is having everything with no one to tell — being everywhere, with no one to love. I let the noise block the noise."
P110_a-building_5,image,cut/out/thumbs/P110_a-building_5.webp,,10 MAGIC RIDE,a building,archive · cut-outs,P110_a-building_5,"""a building"" — cut from P110. Loneliness is having everything with no one to tell — being everywhere, with no one to love. I let the noise block the noise."
P110_a-building_6,image,cut/out/thumbs/P110_a-building_6.webp,,10 MAGIC RIDE,a building,archive · cut-outs,P110_a-building_6,"""a building"" — cut from P110. Loneliness is having everything with no one to tell — being everywhere, with no one to love. I let the noise block the noise."
P110_a-building_7,image,cut/out/thumbs/P110_a-building_7.webp,,10 MAGIC RIDE,a building,archive · cut-outs,P110_a-building_7,"""a building"" — cut from P110. Loneliness is having everything with no one to tell — being everywhere, with no one to love. I let the noise block the noise."
P110_the-sky_0,image,cut/out/thumbs/P110_the-sky_0.webp,,10 MAGIC RIDE,the sky,archive · cut-outs,P110_the-sky_0,"""the sky"" — cut from P110. Loneliness is having everything with no one to tell — being everywhere, with no one to love. I let the noise block the noise."
P110_water_0,image,cut/out/thumbs/P110_water_0.webp,,10 MAGIC RIDE,water,archive · cut-outs,P110_water_0,"""water"" — cut from P110. Loneliness is having everything with no one to tell — being everywhere, with no one to love. I let the noise block the noise."
P111_a-person_0,image,cut/out/thumbs/P111_a-person_0.webp,,04 NEVERMORE,a person,archive · cut-outs,P111_a-person_0,"""a person"" — cut from P111. The waves calm to folded whispers; the winds mute the trees. The right level of silence, to find a throbbing heart."
P111_a-human-face_0,image,cut/out/thumbs/P111_a-human-face_0.webp,,04 NEVERMORE,a human face,archive · cut-outs,P111_a-human-face_0,"""a human face"" — cut from P111. The waves calm to folded whispers; the winds mute the trees. The right level of silence, to find a throbbing heart."
P111_a-person-in-mid-air_0,image,cut/out/thumbs/P111_a-person-in-mid-air_0.webp,,04 NEVERMORE,a person in mid-air,archive · cut-outs,P111_a-person-in-mid-air_0,"""a person in mid-air"" — cut from P111. The waves calm to folded whispers; the winds mute the trees. The right level of silence, to find a throbbing heart."
P111_a-road_0,image,cut/out/thumbs/P111_a-road_0.webp,,04 NEVERMORE,a road,archive · cut-outs,P111_a-road_0,"""a road"" — cut from P111. The waves calm to folded whispers; the winds mute the trees. The right level of silence, to find a throbbing heart."
P111_a-building_0,image,cut/out/thumbs/P111_a-building_0.webp,,04 NEVERMORE,a building,archive · cut-outs,P111_a-building_0,"""a building"" — cut from P111. The waves calm to folded whispers; the winds mute the trees. The right level of silence, to find a throbbing heart."
P111_the-sky_0,image,cut/out/thumbs/P111_the-sky_0.webp,,04 NEVERMORE,the sky,archive · cut-outs,P111_the-sky_0,"""the sky"" — cut from P111. The waves calm to folded whispers; the winds mute the trees. The right level of silence, to find a throbbing heart."
P112_a-person_0,image,cut/out/thumbs/P112_a-person_0.webp,,08 NEWLY SINGLE,a person,archive · cut-outs,P112_a-person_0,"""a person"" — cut from P112. The soul escapes my body, and leaves him on the dance floor — just flesh and bones. Rejection and heartache hit different, with no feelings afloat."
P112_a-human-face_0,image,cut/out/thumbs/P112_a-human-face_0.webp,,08 NEWLY SINGLE,a human face,archive · cut-outs,P112_a-human-face_0,"""a human face"" — cut from P112. The soul escapes my body, and leaves him on the dance floor — just flesh and bones. Rejection and heartache hit different, with no feelings afloat."
P112_a-window_0,image,cut/out/thumbs/P112_a-window_0.webp,,08 NEWLY SINGLE,a window,archive · cut-outs,P112_a-window_0,"""a window"" — cut from P112. The soul escapes my body, and leaves him on the dance floor — just flesh and bones. Rejection and heartache hit different, with no feelings afloat."
P112_a-window_1,image,cut/out/thumbs/P112_a-window_1.webp,,08 NEWLY SINGLE,a window,archive · cut-outs,P112_a-window_1,"""a window"" — cut from P112. The soul escapes my body, and leaves him on the dance floor — just flesh and bones. Rejection and heartache hit different, with no feelings afloat."
P112_a-light_4,image,cut/out/thumbs/P112_a-light_4.webp,,08 NEWLY SINGLE,a light,archive · cut-outs,P112_a-light_4,"""a light"" — cut from P112. The soul escapes my body, and leaves him on the dance floor — just flesh and bones. Rejection and heartache hit different, with no feelings afloat."
P112_a-light_5,image,cut/out/thumbs/P112_a-light_5.webp,,08 NEWLY SINGLE,a light,archive · cut-outs,P112_a-light_5,"""a light"" — cut from P112. The soul escapes my body, and leaves him on the dance floor — just flesh and bones. Rejection and heartache hit different, with no feelings afloat."
P112_a-light_8,image,cut/out/thumbs/P112_a-light_8.webp,,08 NEWLY SINGLE,a light,archive · cut-outs,P112_a-light_8,"""a light"" — cut from P112. The soul escapes my body, and leaves him on the dance floor — just flesh and bones. Rejection and heartache hit different, with no feelings afloat."
P112_a-light_12,image,cut/out/thumbs/P112_a-light_12.webp,,08 NEWLY SINGLE,a light,archive · cut-outs,P112_a-light_12,"""a light"" — cut from P112. The soul escapes my body, and leaves him on the dance floor — just flesh and bones. Rejection and heartache hit different, with no feelings afloat."
P112_a-light_13,image,cut/out/thumbs/P112_a-light_13.webp,,08 NEWLY SINGLE,a light,archive · cut-outs,P112_a-light_13,"""a light"" — cut from P112. The soul escapes my body, and leaves him on the dance floor — just flesh and bones. Rejection and heartache hit different, with no feelings afloat."
P112_a-light_15,image,cut/out/thumbs/P112_a-light_15.webp,,08 NEWLY SINGLE,a light,archive · cut-outs,P112_a-light_15,"""a light"" — cut from P112. The soul escapes my body, and leaves him on the dance floor — just flesh and bones. Rejection and heartache hit different, with no feelings afloat."
P112_a-light_20,image,cut/out/thumbs/P112_a-light_20.webp,,08 NEWLY SINGLE,a light,archive · cut-outs,P112_a-light_20,"""a light"" — cut from P112. The soul escapes my body, and leaves him on the dance floor — just flesh and bones. Rejection and heartache hit different, with no feelings afloat."
P112_a-light_26,image,cut/out/thumbs/P112_a-light_26.webp,,08 NEWLY SINGLE,a light,archive · cut-outs,P112_a-light_26,"""a light"" — cut from P112. The soul escapes my body, and leaves him on the dance floor — just flesh and bones. Rejection and heartache hit different, with no feelings afloat."
P112_a-light_27,image,cut/out/thumbs/P112_a-light_27.webp,,08 NEWLY SINGLE,a light,archive · cut-outs,P112_a-light_27,"""a light"" — cut from P112. The soul escapes my body, and leaves him on the dance floor — just flesh and bones. Rejection and heartache hit different, with no feelings afloat."
P112_a-light_29,image,cut/out/thumbs/P112_a-light_29.webp,,08 NEWLY SINGLE,a light,archive · cut-outs,P112_a-light_29,"""a light"" — cut from P112. The soul escapes my body, and leaves him on the dance floor — just flesh and bones. Rejection and heartache hit different, with no feelings afloat."
P112_a-light_32,image,cut/out/thumbs/P112_a-light_32.webp,,08 NEWLY SINGLE,a light,archive · cut-outs,P112_a-light_32,"""a light"" — cut from P112. The soul escapes my body, and leaves him on the dance floor — just flesh and bones. Rejection and heartache hit different, with no feelings afloat."
P112_a-wall_0,image,cut/out/thumbs/P112_a-wall_0.webp,,08 NEWLY SINGLE,a wall,archive · cut-outs,P112_a-wall_0,"""a wall"" — cut from P112. The soul escapes my body, and leaves him on the dance floor — just flesh and bones. Rejection and heartache hit different, with no feelings afloat."
P112_a-wall_1,image,cut/out/thumbs/P112_a-wall_1.webp,,08 NEWLY SINGLE,a wall,archive · cut-outs,P112_a-wall_1,"""a wall"" — cut from P112. The soul escapes my body, and leaves him on the dance floor — just flesh and bones. Rejection and heartache hit different, with no feelings afloat."
P112_a-wall_2,image,cut/out/thumbs/P112_a-wall_2.webp,,08 NEWLY SINGLE,a wall,archive · cut-outs,P112_a-wall_2,"""a wall"" — cut from P112. The soul escapes my body, and leaves him on the dance floor — just flesh and bones. Rejection and heartache hit different, with no feelings afloat."
P112_water_0,image,cut/out/thumbs/P112_water_0.webp,,08 NEWLY SINGLE,water,archive · cut-outs,P112_water_0,"""water"" — cut from P112. The soul escapes my body, and leaves him on the dance floor — just flesh and bones. Rejection and heartache hit different, with no feelings afloat."
P113_a-road_0,image,cut/out/thumbs/P113_a-road_0.webp,,08 NEWLY SINGLE,a road,archive · cut-outs,P113_a-road_0,"""a road"" — cut from P113. The soul escapes my body, and leaves him on the dance floor — just flesh and bones. Rejection and heartache hit different, with no feelings afloat."
P113_a-road_1,image,cut/out/thumbs/P113_a-road_1.webp,,08 NEWLY SINGLE,a road,archive · cut-outs,P113_a-road_1,"""a road"" — cut from P113. The soul escapes my body, and leaves him on the dance floor — just flesh and bones. Rejection and heartache hit different, with no feelings afloat."
P113_a-road_2,image,cut/out/thumbs/P113_a-road_2.webp,,08 NEWLY SINGLE,a road,archive · cut-outs,P113_a-road_2,"""a road"" — cut from P113. The soul escapes my body, and leaves him on the dance floor — just flesh and bones. Rejection and heartache hit different, with no feelings afloat."
P113_a-road_3,image,cut/out/thumbs/P113_a-road_3.webp,,08 NEWLY SINGLE,a road,archive · cut-outs,P113_a-road_3,"""a road"" — cut from P113. The soul escapes my body, and leaves him on the dance floor — just flesh and bones. Rejection and heartache hit different, with no feelings afloat."
P113_a-road_4,image,cut/out/thumbs/P113_a-road_4.webp,,08 NEWLY SINGLE,a road,archive · cut-outs,P113_a-road_4,"""a road"" — cut from P113. The soul escapes my body, and leaves him on the dance floor — just flesh and bones. Rejection and heartache hit different, with no feelings afloat."
P113_a-road_5,image,cut/out/thumbs/P113_a-road_5.webp,,08 NEWLY SINGLE,a road,archive · cut-outs,P113_a-road_5,"""a road"" — cut from P113. The soul escapes my body, and leaves him on the dance floor — just flesh and bones. Rejection and heartache hit different, with no feelings afloat."
P113_a-road_6,image,cut/out/thumbs/P113_a-road_6.webp,,08 NEWLY SINGLE,a road,archive · cut-outs,P113_a-road_6,"""a road"" — cut from P113. The soul escapes my body, and leaves him on the dance floor — just flesh and bones. Rejection and heartache hit different, with no feelings afloat."
P113_a-road_7,image,cut/out/thumbs/P113_a-road_7.webp,,08 NEWLY SINGLE,a road,archive · cut-outs,P113_a-road_7,"""a road"" — cut from P113. The soul escapes my body, and leaves him on the dance floor — just flesh and bones. Rejection and heartache hit different, with no feelings afloat."
P113_a-building_0,image,cut/out/thumbs/P113_a-building_0.webp,,08 NEWLY SINGLE,a building,archive · cut-outs,P113_a-building_0,"""a building"" — cut from P113. The soul escapes my body, and leaves him on the dance floor — just flesh and bones. Rejection and heartache hit different, with no feelings afloat."
P113_a-building_1,image,cut/out/thumbs/P113_a-building_1.webp,,08 NEWLY SINGLE,a building,archive · cut-outs,P113_a-building_1,"""a building"" — cut from P113. The soul escapes my body, and leaves him on the dance floor — just flesh and bones. Rejection and heartache hit different, with no feelings afloat."
P113_the-sky_0,image,cut/out/thumbs/P113_the-sky_0.webp,,08 NEWLY SINGLE,the sky,archive · cut-outs,P113_the-sky_0,"""the sky"" — cut from P113. The soul escapes my body, and leaves him on the dance floor — just flesh and bones. Rejection and heartache hit different, with no feelings afloat."
P113_the-sky_1,image,cut/out/thumbs/P113_the-sky_1.webp,,08 NEWLY SINGLE,the sky,archive · cut-outs,P113_the-sky_1,"""the sky"" — cut from P113. The soul escapes my body, and leaves him on the dance floor — just flesh and bones. Rejection and heartache hit different, with no feelings afloat."
P113_water_0,image,cut/out/thumbs/P113_water_0.webp,,08 NEWLY SINGLE,water,archive · cut-outs,P113_water_0,"""water"" — cut from P113. The soul escapes my body, and leaves him on the dance floor — just flesh and bones. Rejection and heartache hit different, with no feelings afloat."
P113_water_1,image,cut/out/thumbs/P113_water_1.webp,,08 NEWLY SINGLE,water,archive · cut-outs,P113_water_1,"""water"" — cut from P113. The soul escapes my body, and leaves him on the dance floor — just flesh and bones. Rejection and heartache hit different, with no feelings afloat."
P113_water_4,image,cut/out/thumbs/P113_water_4.webp,,08 NEWLY SINGLE,water,archive · cut-outs,P113_water_4,"""water"" — cut from P113. The soul escapes my body, and leaves him on the dance floor — just flesh and bones. Rejection and heartache hit different, with no feelings afloat."
P113_water_5,image,cut/out/thumbs/P113_water_5.webp,,08 NEWLY SINGLE,water,archive · cut-outs,P113_water_5,"""water"" — cut from P113. The soul escapes my body, and leaves him on the dance floor — just flesh and bones. Rejection and heartache hit different, with no feelings afloat."
P113_water_6,image,cut/out/thumbs/P113_water_6.webp,,08 NEWLY SINGLE,water,archive · cut-outs,P113_water_6,"""water"" — cut from P113. The soul escapes my body, and leaves him on the dance floor — just flesh and bones. Rejection and heartache hit different, with no feelings afloat."
P113_water_7,image,cut/out/thumbs/P113_water_7.webp,,08 NEWLY SINGLE,water,archive · cut-outs,P113_water_7,"""water"" — cut from P113. The soul escapes my body, and leaves him on the dance floor — just flesh and bones. Rejection and heartache hit different, with no feelings afloat."
P113_water_8,image,cut/out/thumbs/P113_water_8.webp,,08 NEWLY SINGLE,water,archive · cut-outs,P113_water_8,"""water"" — cut from P113. The soul escapes my body, and leaves him on the dance floor — just flesh and bones. Rejection and heartache hit different, with no feelings afloat."
P113_water_9,image,cut/out/thumbs/P113_water_9.webp,,08 NEWLY SINGLE,water,archive · cut-outs,P113_water_9,"""water"" — cut from P113. The soul escapes my body, and leaves him on the dance floor — just flesh and bones. Rejection and heartache hit different, with no feelings afloat."
P113_water_12,image,cut/out/thumbs/P113_water_12.webp,,08 NEWLY SINGLE,water,archive · cut-outs,P113_water_12,"""water"" — cut from P113. The soul escapes my body, and leaves him on the dance floor — just flesh and bones. Rejection and heartache hit different, with no feelings afloat."
P114_a-light_0,image,cut/out/thumbs/P114_a-light_0.webp,,08 NEWLY SINGLE,a light,archive · cut-outs,P114_a-light_0,"""a light"" — cut from P114. The soul escapes my body, and leaves him on the dance floor — just flesh and bones. Rejection and heartache hit different, with no feelings afloat."
P114_a-light_1,image,cut/out/thumbs/P114_a-light_1.webp,,08 NEWLY SINGLE,a light,archive · cut-outs,P114_a-light_1,"""a light"" — cut from P114. The soul escapes my body, and leaves him on the dance floor — just flesh and bones. Rejection and heartache hit different, with no feelings afloat."
P114_a-light_2,image,cut/out/thumbs/P114_a-light_2.webp,,08 NEWLY SINGLE,a light,archive · cut-outs,P114_a-light_2,"""a light"" — cut from P114. The soul escapes my body, and leaves him on the dance floor — just flesh and bones. Rejection and heartache hit different, with no feelings afloat."
P114_a-light_3,image,cut/out/thumbs/P114_a-light_3.webp,,08 NEWLY SINGLE,a light,archive · cut-outs,P114_a-light_3,"""a light"" — cut from P114. The soul escapes my body, and leaves him on the dance floor — just flesh and bones. Rejection and heartache hit different, with no feelings afloat."
P114_a-light_4,image,cut/out/thumbs/P114_a-light_4.webp,,08 NEWLY SINGLE,a light,archive · cut-outs,P114_a-light_4,"""a light"" — cut from P114. The soul escapes my body, and leaves him on the dance floor — just flesh and bones. Rejection and heartache hit different, with no feelings afloat."
P114_a-light_5,image,cut/out/thumbs/P114_a-light_5.webp,,08 NEWLY SINGLE,a light,archive · cut-outs,P114_a-light_5,"""a light"" — cut from P114. The soul escapes my body, and leaves him on the dance floor — just flesh and bones. Rejection and heartache hit different, with no feelings afloat."
P114_a-light_6,image,cut/out/thumbs/P114_a-light_6.webp,,08 NEWLY SINGLE,a light,archive · cut-outs,P114_a-light_6,"""a light"" — cut from P114. The soul escapes my body, and leaves him on the dance floor — just flesh and bones. Rejection and heartache hit different, with no feelings afloat."
P114_a-light_7,image,cut/out/thumbs/P114_a-light_7.webp,,08 NEWLY SINGLE,a light,archive · cut-outs,P114_a-light_7,"""a light"" — cut from P114. The soul escapes my body, and leaves him on the dance floor — just flesh and bones. Rejection and heartache hit different, with no feelings afloat."
P114_a-light_8,image,cut/out/thumbs/P114_a-light_8.webp,,08 NEWLY SINGLE,a light,archive · cut-outs,P114_a-light_8,"""a light"" — cut from P114. The soul escapes my body, and leaves him on the dance floor — just flesh and bones. Rejection and heartache hit different, with no feelings afloat."
P114_a-light_9,image,cut/out/thumbs/P114_a-light_9.webp,,08 NEWLY SINGLE,a light,archive · cut-outs,P114_a-light_9,"""a light"" — cut from P114. The soul escapes my body, and leaves him on the dance floor — just flesh and bones. Rejection and heartache hit different, with no feelings afloat."
P114_a-light_10,image,cut/out/thumbs/P114_a-light_10.webp,,08 NEWLY SINGLE,a light,archive · cut-outs,P114_a-light_10,"""a light"" — cut from P114. The soul escapes my body, and leaves him on the dance floor — just flesh and bones. Rejection and heartache hit different, with no feelings afloat."
P114_a-light_11,image,cut/out/thumbs/P114_a-light_11.webp,,08 NEWLY SINGLE,a light,archive · cut-outs,P114_a-light_11,"""a light"" — cut from P114. The soul escapes my body, and leaves him on the dance floor — just flesh and bones. Rejection and heartache hit different, with no feelings afloat."
P114_a-light_12,image,cut/out/thumbs/P114_a-light_12.webp,,08 NEWLY SINGLE,a light,archive · cut-outs,P114_a-light_12,"""a light"" — cut from P114. The soul escapes my body, and leaves him on the dance floor — just flesh and bones. Rejection and heartache hit different, with no feelings afloat."
P114_a-light_13,image,cut/out/thumbs/P114_a-light_13.webp,,08 NEWLY SINGLE,a light,archive · cut-outs,P114_a-light_13,"""a light"" — cut from P114. The soul escapes my body, and leaves him on the dance floor — just flesh and bones. Rejection and heartache hit different, with no feelings afloat."
P114_a-light_14,image,cut/out/thumbs/P114_a-light_14.webp,,08 NEWLY SINGLE,a light,archive · cut-outs,P114_a-light_14,"""a light"" — cut from P114. The soul escapes my body, and leaves him on the dance floor — just flesh and bones. Rejection and heartache hit different, with no feelings afloat."
P114_a-light_15,image,cut/out/thumbs/P114_a-light_15.webp,,08 NEWLY SINGLE,a light,archive · cut-outs,P114_a-light_15,"""a light"" — cut from P114. The soul escapes my body, and leaves him on the dance floor — just flesh and bones. Rejection and heartache hit different, with no feelings afloat."
P114_a-light_16,image,cut/out/thumbs/P114_a-light_16.webp,,08 NEWLY SINGLE,a light,archive · cut-outs,P114_a-light_16,"""a light"" — cut from P114. The soul escapes my body, and leaves him on the dance floor — just flesh and bones. Rejection and heartache hit different, with no feelings afloat."
P114_a-light_17,image,cut/out/thumbs/P114_a-light_17.webp,,08 NEWLY SINGLE,a light,archive · cut-outs,P114_a-light_17,"""a light"" — cut from P114. The soul escapes my body, and leaves him on the dance floor — just flesh and bones. Rejection and heartache hit different, with no feelings afloat."
P114_a-light_18,image,cut/out/thumbs/P114_a-light_18.webp,,08 NEWLY SINGLE,a light,archive · cut-outs,P114_a-light_18,"""a light"" — cut from P114. The soul escapes my body, and leaves him on the dance floor — just flesh and bones. Rejection and heartache hit different, with no feelings afloat."
P114_a-light_19,image,cut/out/thumbs/P114_a-light_19.webp,,08 NEWLY SINGLE,a light,archive · cut-outs,P114_a-light_19,"""a light"" — cut from P114. The soul escapes my body, and leaves him on the dance floor — just flesh and bones. Rejection and heartache hit different, with no feelings afloat."
P114_a-light_20,image,cut/out/thumbs/P114_a-light_20.webp,,08 NEWLY SINGLE,a light,archive · cut-outs,P114_a-light_20,"""a light"" — cut from P114. The soul escapes my body, and leaves him on the dance floor — just flesh and bones. Rejection and heartache hit different, with no feelings afloat."
P114_a-light_21,image,cut/out/thumbs/P114_a-light_21.webp,,08 NEWLY SINGLE,a light,archive · cut-outs,P114_a-light_21,"""a light"" — cut from P114. The soul escapes my body, and leaves him on the dance floor — just flesh and bones. Rejection and heartache hit different, with no feelings afloat."
P114_a-light_22,image,cut/out/thumbs/P114_a-light_22.webp,,08 NEWLY SINGLE,a light,archive · cut-outs,P114_a-light_22,"""a light"" — cut from P114. The soul escapes my body, and leaves him on the dance floor — just flesh and bones. Rejection and heartache hit different, with no feelings afloat."
P114_a-light_23,image,cut/out/thumbs/P114_a-light_23.webp,,08 NEWLY SINGLE,a light,archive · cut-outs,P114_a-light_23,"""a light"" — cut from P114. The soul escapes my body, and leaves him on the dance floor — just flesh and bones. Rejection and heartache hit different, with no feelings afloat."
P114_a-light_24,image,cut/out/thumbs/P114_a-light_24.webp,,08 NEWLY SINGLE,a light,archive · cut-outs,P114_a-light_24,"""a light"" — cut from P114. The soul escapes my body, and leaves him on the dance floor — just flesh and bones. Rejection and heartache hit different, with no feelings afloat."
P114_a-light_25,image,cut/out/thumbs/P114_a-light_25.webp,,08 NEWLY SINGLE,a light,archive · cut-outs,P114_a-light_25,"""a light"" — cut from P114. The soul escapes my body, and leaves him on the dance floor — just flesh and bones. Rejection and heartache hit different, with no feelings afloat."
P114_a-light_26,image,cut/out/thumbs/P114_a-light_26.webp,,08 NEWLY SINGLE,a light,archive · cut-outs,P114_a-light_26,"""a light"" — cut from P114. The soul escapes my body, and leaves him on the dance floor — just flesh and bones. Rejection and heartache hit different, with no feelings afloat."
P114_a-light_27,image,cut/out/thumbs/P114_a-light_27.webp,,08 NEWLY SINGLE,a light,archive · cut-outs,P114_a-light_27,"""a light"" — cut from P114. The soul escapes my body, and leaves him on the dance floor — just flesh and bones. Rejection and heartache hit different, with no feelings afloat."
P114_a-light_28,image,cut/out/thumbs/P114_a-light_28.webp,,08 NEWLY SINGLE,a light,archive · cut-outs,P114_a-light_28,"""a light"" — cut from P114. The soul escapes my body, and leaves him on the dance floor — just flesh and bones. Rejection and heartache hit different, with no feelings afloat."
P114_a-light_29,image,cut/out/thumbs/P114_a-light_29.webp,,08 NEWLY SINGLE,a light,archive · cut-outs,P114_a-light_29,"""a light"" — cut from P114. The soul escapes my body, and leaves him on the dance floor — just flesh and bones. Rejection and heartache hit different, with no feelings afloat."
P114_a-light_30,image,cut/out/thumbs/P114_a-light_30.webp,,08 NEWLY SINGLE,a light,archive · cut-outs,P114_a-light_30,"""a light"" — cut from P114. The soul escapes my body, and leaves him on the dance floor — just flesh and bones. Rejection and heartache hit different, with no feelings afloat."
P114_a-lamp_0,image,cut/out/thumbs/P114_a-lamp_0.webp,,08 NEWLY SINGLE,a lamp,archive · cut-outs,P114_a-lamp_0,"""a lamp"" — cut from P114. The soul escapes my body, and leaves him on the dance floor — just flesh and bones. Rejection and heartache hit different, with no feelings afloat."
P114_a-lamp_1,image,cut/out/thumbs/P114_a-lamp_1.webp,,08 NEWLY SINGLE,a lamp,archive · cut-outs,P114_a-lamp_1,"""a lamp"" — cut from P114. The soul escapes my body, and leaves him on the dance floor — just flesh and bones. Rejection and heartache hit different, with no feelings afloat."
P114_a-lamp_2,image,cut/out/thumbs/P114_a-lamp_2.webp,,08 NEWLY SINGLE,a lamp,archive · cut-outs,P114_a-lamp_2,"""a lamp"" — cut from P114. The soul escapes my body, and leaves him on the dance floor — just flesh and bones. Rejection and heartache hit different, with no feelings afloat."
P114_a-lamp_3,image,cut/out/thumbs/P114_a-lamp_3.webp,,08 NEWLY SINGLE,a lamp,archive · cut-outs,P114_a-lamp_3,"""a lamp"" — cut from P114. The soul escapes my body, and leaves him on the dance floor — just flesh and bones. Rejection and heartache hit different, with no feelings afloat."
P114_a-lamp_4,image,cut/out/thumbs/P114_a-lamp_4.webp,,08 NEWLY SINGLE,a lamp,archive · cut-outs,P114_a-lamp_4,"""a lamp"" — cut from P114. The soul escapes my body, and leaves him on the dance floor — just flesh and bones. Rejection and heartache hit different, with no feelings afloat."
P114_a-lamp_5,image,cut/out/thumbs/P114_a-lamp_5.webp,,08 NEWLY SINGLE,a lamp,archive · cut-outs,P114_a-lamp_5,"""a lamp"" — cut from P114. The soul escapes my body, and leaves him on the dance floor — just flesh and bones. Rejection and heartache hit different, with no feelings afloat."
P114_a-lamp_6,image,cut/out/thumbs/P114_a-lamp_6.webp,,08 NEWLY SINGLE,a lamp,archive · cut-outs,P114_a-lamp_6,"""a lamp"" — cut from P114. The soul escapes my body, and leaves him on the dance floor — just flesh and bones. Rejection and heartache hit different, with no feelings afloat."
P114_a-lamp_7,image,cut/out/thumbs/P114_a-lamp_7.webp,,08 NEWLY SINGLE,a lamp,archive · cut-outs,P114_a-lamp_7,"""a lamp"" — cut from P114. The soul escapes my body, and leaves him on the dance floor — just flesh and bones. Rejection and heartache hit different, with no feelings afloat."
P114_a-lamp_8,image,cut/out/thumbs/P114_a-lamp_8.webp,,08 NEWLY SINGLE,a lamp,archive · cut-outs,P114_a-lamp_8,"""a lamp"" — cut from P114. The soul escapes my body, and leaves him on the dance floor — just flesh and bones. Rejection and heartache hit different, with no feelings afloat."
P114_a-lamp_9,image,cut/out/thumbs/P114_a-lamp_9.webp,,08 NEWLY SINGLE,a lamp,archive · cut-outs,P114_a-lamp_9,"""a lamp"" — cut from P114. The soul escapes my body, and leaves him on the dance floor — just flesh and bones. Rejection and heartache hit different, with no feelings afloat."
P114_a-lamp_10,image,cut/out/thumbs/P114_a-lamp_10.webp,,08 NEWLY SINGLE,a lamp,archive · cut-outs,P114_a-lamp_10,"""a lamp"" — cut from P114. The soul escapes my body, and leaves him on the dance floor — just flesh and bones. Rejection and heartache hit different, with no feelings afloat."
P114_a-lamp_11,image,cut/out/thumbs/P114_a-lamp_11.webp,,08 NEWLY SINGLE,a lamp,archive · cut-outs,P114_a-lamp_11,"""a lamp"" — cut from P114. The soul escapes my body, and leaves him on the dance floor — just flesh and bones. Rejection and heartache hit different, with no feelings afloat."
P114_a-lamp_12,image,cut/out/thumbs/P114_a-lamp_12.webp,,08 NEWLY SINGLE,a lamp,archive · cut-outs,P114_a-lamp_12,"""a lamp"" — cut from P114. The soul escapes my body, and leaves him on the dance floor — just flesh and bones. Rejection and heartache hit different, with no feelings afloat."
P114_a-lamp_13,image,cut/out/thumbs/P114_a-lamp_13.webp,,08 NEWLY SINGLE,a lamp,archive · cut-outs,P114_a-lamp_13,"""a lamp"" — cut from P114. The soul escapes my body, and leaves him on the dance floor — just flesh and bones. Rejection and heartache hit different, with no feelings afloat."
P114_water_0,image,cut/out/thumbs/P114_water_0.webp,,08 NEWLY SINGLE,water,archive · cut-outs,P114_water_0,"""water"" — cut from P114. The soul escapes my body, and leaves him on the dance floor — just flesh and bones. Rejection and heartache hit different, with no feelings afloat."
P115_a-window_0,image,cut/out/thumbs/P115_a-window_0.webp,,12 REUNION,a window,archive · cut-outs,P115_a-window_0,"""a window"" — cut from P115. Decades later, there is less time for words, and more space for laughter — hugs with no reason, and loud voices, so our hearts can be overheard."
P115_a-window_1,image,cut/out/thumbs/P115_a-window_1.webp,,12 REUNION,a window,archive · cut-outs,P115_a-window_1,"""a window"" — cut from P115. Decades later, there is less time for words, and more space for laughter — hugs with no reason, and loud voices, so our hearts can be overheard."
P115_a-window_2,image,cut/out/thumbs/P115_a-window_2.webp,,12 REUNION,a window,archive · cut-outs,P115_a-window_2,"""a window"" — cut from P115. Decades later, there is less time for words, and more space for laughter — hugs with no reason, and loud voices, so our hearts can be overheard."
P115_a-window_3,image,cut/out/thumbs/P115_a-window_3.webp,,12 REUNION,a window,archive · cut-outs,P115_a-window_3,"""a window"" — cut from P115. Decades later, there is less time for words, and more space for laughter — hugs with no reason, and loud voices, so our hearts can be overheard."
P115_a-window_6,image,cut/out/thumbs/P115_a-window_6.webp,,12 REUNION,a window,archive · cut-outs,P115_a-window_6,"""a window"" — cut from P115. Decades later, there is less time for words, and more space for laughter — hugs with no reason, and loud voices, so our hearts can be overheard."
P115_a-window_7,image,cut/out/thumbs/P115_a-window_7.webp,,12 REUNION,a window,archive · cut-outs,P115_a-window_7,"""a window"" — cut from P115. Decades later, there is less time for words, and more space for laughter — hugs with no reason, and loud voices, so our hearts can be overheard."
P115_a-window_9,image,cut/out/thumbs/P115_a-window_9.webp,,12 REUNION,a window,archive · cut-outs,P115_a-window_9,"""a window"" — cut from P115. Decades later, there is less time for words, and more space for laughter — hugs with no reason, and loud voices, so our hearts can be overheard."
P115_a-window_10,image,cut/out/thumbs/P115_a-window_10.webp,,12 REUNION,a window,archive · cut-outs,P115_a-window_10,"""a window"" — cut from P115. Decades later, there is less time for words, and more space for laughter — hugs with no reason, and loud voices, so our hearts can be overheard."
P115_a-window_12,image,cut/out/thumbs/P115_a-window_12.webp,,12 REUNION,a window,archive · cut-outs,P115_a-window_12,"""a window"" — cut from P115. Decades later, there is less time for words, and more space for laughter — hugs with no reason, and loud voices, so our hearts can be overheard."
P115_a-light_9,image,cut/out/thumbs/P115_a-light_9.webp,,12 REUNION,a light,archive · cut-outs,P115_a-light_9,"""a light"" — cut from P115. Decades later, there is less time for words, and more space for laughter — hugs with no reason, and loud voices, so our hearts can be overheard."
P115_a-lamp_0,image,cut/out/thumbs/P115_a-lamp_0.webp,,12 REUNION,a lamp,archive · cut-outs,P115_a-lamp_0,"""a lamp"" — cut from P115. Decades later, there is less time for words, and more space for laughter — hugs with no reason, and loud voices, so our hearts can be overheard."
P115_a-lamp_1,image,cut/out/thumbs/P115_a-lamp_1.webp,,12 REUNION,a lamp,archive · cut-outs,P115_a-lamp_1,"""a lamp"" — cut from P115. Decades later, there is less time for words, and more space for laughter — hugs with no reason, and loud voices, so our hearts can be overheard."
P115_a-lamp_2,image,cut/out/thumbs/P115_a-lamp_2.webp,,12 REUNION,a lamp,archive · cut-outs,P115_a-lamp_2,"""a lamp"" — cut from P115. Decades later, there is less time for words, and more space for laughter — hugs with no reason, and loud voices, so our hearts can be overheard."
P115_a-lamp_3,image,cut/out/thumbs/P115_a-lamp_3.webp,,12 REUNION,a lamp,archive · cut-outs,P115_a-lamp_3,"""a lamp"" — cut from P115. Decades later, there is less time for words, and more space for laughter — hugs with no reason, and loud voices, so our hearts can be overheard."
P115_a-building_0,image,cut/out/thumbs/P115_a-building_0.webp,,12 REUNION,a building,archive · cut-outs,P115_a-building_0,"""a building"" — cut from P115. Decades later, there is less time for words, and more space for laughter — hugs with no reason, and loud voices, so our hearts can be overheard."
P116_a-window_1,image,cut/out/thumbs/P116_a-window_1.webp,,08 NEWLY SINGLE,a window,archive · cut-outs,P116_a-window_1,"""a window"" — cut from P116. The soul escapes my body, and leaves him on the dance floor — just flesh and bones. Rejection and heartache hit different, with no feelings afloat."
P116_a-window_2,image,cut/out/thumbs/P116_a-window_2.webp,,08 NEWLY SINGLE,a window,archive · cut-outs,P116_a-window_2,"""a window"" — cut from P116. The soul escapes my body, and leaves him on the dance floor — just flesh and bones. Rejection and heartache hit different, with no feelings afloat."
P116_a-window_3,image,cut/out/thumbs/P116_a-window_3.webp,,08 NEWLY SINGLE,a window,archive · cut-outs,P116_a-window_3,"""a window"" — cut from P116. The soul escapes my body, and leaves him on the dance floor — just flesh and bones. Rejection and heartache hit different, with no feelings afloat."
P116_a-window_4,image,cut/out/thumbs/P116_a-window_4.webp,,08 NEWLY SINGLE,a window,archive · cut-outs,P116_a-window_4,"""a window"" — cut from P116. The soul escapes my body, and leaves him on the dance floor — just flesh and bones. Rejection and heartache hit different, with no feelings afloat."
P116_a-window_5,image,cut/out/thumbs/P116_a-window_5.webp,,08 NEWLY SINGLE,a window,archive · cut-outs,P116_a-window_5,"""a window"" — cut from P116. The soul escapes my body, and leaves him on the dance floor — just flesh and bones. Rejection and heartache hit different, with no feelings afloat."
P116_a-window_8,image,cut/out/thumbs/P116_a-window_8.webp,,08 NEWLY SINGLE,a window,archive · cut-outs,P116_a-window_8,"""a window"" — cut from P116. The soul escapes my body, and leaves him on the dance floor — just flesh and bones. Rejection and heartache hit different, with no feelings afloat."
P116_a-window_9,image,cut/out/thumbs/P116_a-window_9.webp,,08 NEWLY SINGLE,a window,archive · cut-outs,P116_a-window_9,"""a window"" — cut from P116. The soul escapes my body, and leaves him on the dance floor — just flesh and bones. Rejection and heartache hit different, with no feelings afloat."
P116_a-window_12,image,cut/out/thumbs/P116_a-window_12.webp,,08 NEWLY SINGLE,a window,archive · cut-outs,P116_a-window_12,"""a window"" — cut from P116. The soul escapes my body, and leaves him on the dance floor — just flesh and bones. Rejection and heartache hit different, with no feelings afloat."
P116_a-window_14,image,cut/out/thumbs/P116_a-window_14.webp,,08 NEWLY SINGLE,a window,archive · cut-outs,P116_a-window_14,"""a window"" — cut from P116. The soul escapes my body, and leaves him on the dance floor — just flesh and bones. Rejection and heartache hit different, with no feelings afloat."
P116_a-window_15,image,cut/out/thumbs/P116_a-window_15.webp,,08 NEWLY SINGLE,a window,archive · cut-outs,P116_a-window_15,"""a window"" — cut from P116. The soul escapes my body, and leaves him on the dance floor — just flesh and bones. Rejection and heartache hit different, with no feelings afloat."
P116_a-window_16,image,cut/out/thumbs/P116_a-window_16.webp,,08 NEWLY SINGLE,a window,archive · cut-outs,P116_a-window_16,"""a window"" — cut from P116. The soul escapes my body, and leaves him on the dance floor — just flesh and bones. Rejection and heartache hit different, with no feelings afloat."
P116_a-window_17,image,cut/out/thumbs/P116_a-window_17.webp,,08 NEWLY SINGLE,a window,archive · cut-outs,P116_a-window_17,"""a window"" — cut from P116. The soul escapes my body, and leaves him on the dance floor — just flesh and bones. Rejection and heartache hit different, with no feelings afloat."
P116_a-window_19,image,cut/out/thumbs/P116_a-window_19.webp,,08 NEWLY SINGLE,a window,archive · cut-outs,P116_a-window_19,"""a window"" — cut from P116. The soul escapes my body, and leaves him on the dance floor — just flesh and bones. Rejection and heartache hit different, with no feelings afloat."
P116_a-window_21,image,cut/out/thumbs/P116_a-window_21.webp,,08 NEWLY SINGLE,a window,archive · cut-outs,P116_a-window_21,"""a window"" — cut from P116. The soul escapes my body, and leaves him on the dance floor — just flesh and bones. Rejection and heartache hit different, with no feelings afloat."
P116_a-window_22,image,cut/out/thumbs/P116_a-window_22.webp,,08 NEWLY SINGLE,a window,archive · cut-outs,P116_a-window_22,"""a window"" — cut from P116. The soul escapes my body, and leaves him on the dance floor — just flesh and bones. Rejection and heartache hit different, with no feelings afloat."
P116_a-window_27,image,cut/out/thumbs/P116_a-window_27.webp,,08 NEWLY SINGLE,a window,archive · cut-outs,P116_a-window_27,"""a window"" — cut from P116. The soul escapes my body, and leaves him on the dance floor — just flesh and bones. Rejection and heartache hit different, with no feelings afloat."
P116_a-window_28,image,cut/out/thumbs/P116_a-window_28.webp,,08 NEWLY SINGLE,a window,archive · cut-outs,P116_a-window_28,"""a window"" — cut from P116. The soul escapes my body, and leaves him on the dance floor — just flesh and bones. Rejection and heartache hit different, with no feelings afloat."
P116_a-window_31,image,cut/out/thumbs/P116_a-window_31.webp,,08 NEWLY SINGLE,a window,archive · cut-outs,P116_a-window_31,"""a window"" — cut from P116. The soul escapes my body, and leaves him on the dance floor — just flesh and bones. Rejection and heartache hit different, with no feelings afloat."
P116_a-window_32,image,cut/out/thumbs/P116_a-window_32.webp,,08 NEWLY SINGLE,a window,archive · cut-outs,P116_a-window_32,"""a window"" — cut from P116. The soul escapes my body, and leaves him on the dance floor — just flesh and bones. Rejection and heartache hit different, with no feelings afloat."
P116_a-window_34,image,cut/out/thumbs/P116_a-window_34.webp,,08 NEWLY SINGLE,a window,archive · cut-outs,P116_a-window_34,"""a window"" — cut from P116. The soul escapes my body, and leaves him on the dance floor — just flesh and bones. Rejection and heartache hit different, with no feelings afloat."
P116_a-window_41,image,cut/out/thumbs/P116_a-window_41.webp,,08 NEWLY SINGLE,a window,archive · cut-outs,P116_a-window_41,"""a window"" — cut from P116. The soul escapes my body, and leaves him on the dance floor — just flesh and bones. Rejection and heartache hit different, with no feelings afloat."
P116_a-window_42,image,cut/out/thumbs/P116_a-window_42.webp,,08 NEWLY SINGLE,a window,archive · cut-outs,P116_a-window_42,"""a window"" — cut from P116. The soul escapes my body, and leaves him on the dance floor — just flesh and bones. Rejection and heartache hit different, with no feelings afloat."
P116_a-window_45,image,cut/out/thumbs/P116_a-window_45.webp,,08 NEWLY SINGLE,a window,archive · cut-outs,P116_a-window_45,"""a window"" — cut from P116. The soul escapes my body, and leaves him on the dance floor — just flesh and bones. Rejection and heartache hit different, with no feelings afloat."
P116_a-door_0,image,cut/out/thumbs/P116_a-door_0.webp,,08 NEWLY SINGLE,a door,archive · cut-outs,P116_a-door_0,"""a door"" — cut from P116. The soul escapes my body, and leaves him on the dance floor — just flesh and bones. Rejection and heartache hit different, with no feelings afloat."
P116_a-door_1,image,cut/out/thumbs/P116_a-door_1.webp,,08 NEWLY SINGLE,a door,archive · cut-outs,P116_a-door_1,"""a door"" — cut from P116. The soul escapes my body, and leaves him on the dance floor — just flesh and bones. Rejection and heartache hit different, with no feelings afloat."
P116_a-door_2,image,cut/out/thumbs/P116_a-door_2.webp,,08 NEWLY SINGLE,a door,archive · cut-outs,P116_a-door_2,"""a door"" — cut from P116. The soul escapes my body, and leaves him on the dance floor — just flesh and bones. Rejection and heartache hit different, with no feelings afloat."
P116_a-door_3,image,cut/out/thumbs/P116_a-door_3.webp,,08 NEWLY SINGLE,a door,archive · cut-outs,P116_a-door_3,"""a door"" — cut from P116. The soul escapes my body, and leaves him on the dance floor — just flesh and bones. Rejection and heartache hit different, with no feelings afloat."
P116_a-staircase_0,image,cut/out/thumbs/P116_a-staircase_0.webp,,08 NEWLY SINGLE,a staircase,archive · cut-outs,P116_a-staircase_0,"""a staircase"" — cut from P116. The soul escapes my body, and leaves him on the dance floor — just flesh and bones. Rejection and heartache hit different, with no feelings afloat."
P116_a-staircase_1,image,cut/out/thumbs/P116_a-staircase_1.webp,,08 NEWLY SINGLE,a staircase,archive · cut-outs,P116_a-staircase_1,"""a staircase"" — cut from P116. The soul escapes my body, and leaves him on the dance floor — just flesh and bones. Rejection and heartache hit different, with no feelings afloat."
P116_a-wall_0,image,cut/out/thumbs/P116_a-wall_0.webp,,08 NEWLY SINGLE,a wall,archive · cut-outs,P116_a-wall_0,"""a wall"" — cut from P116. The soul escapes my body, and leaves him on the dance floor — just flesh and bones. Rejection and heartache hit different, with no feelings afloat."
P116_a-wall_1,image,cut/out/thumbs/P116_a-wall_1.webp,,08 NEWLY SINGLE,a wall,archive · cut-outs,P116_a-wall_1,"""a wall"" — cut from P116. The soul escapes my body, and leaves him on the dance floor — just flesh and bones. Rejection and heartache hit different, with no feelings afloat."
P116_a-wall_2,image,cut/out/thumbs/P116_a-wall_2.webp,,08 NEWLY SINGLE,a wall,archive · cut-outs,P116_a-wall_2,"""a wall"" — cut from P116. The soul escapes my body, and leaves him on the dance floor — just flesh and bones. Rejection and heartache hit different, with no feelings afloat."
P116_a-wall_3,image,cut/out/thumbs/P116_a-wall_3.webp,,08 NEWLY SINGLE,a wall,archive · cut-outs,P116_a-wall_3,"""a wall"" — cut from P116. The soul escapes my body, and leaves him on the dance floor — just flesh and bones. Rejection and heartache hit different, with no feelings afloat."
P116_a-wall_4,image,cut/out/thumbs/P116_a-wall_4.webp,,08 NEWLY SINGLE,a wall,archive · cut-outs,P116_a-wall_4,"""a wall"" — cut from P116. The soul escapes my body, and leaves him on the dance floor — just flesh and bones. Rejection and heartache hit different, with no feelings afloat."
P116_a-road_0,image,cut/out/thumbs/P116_a-road_0.webp,,08 NEWLY SINGLE,a road,archive · cut-outs,P116_a-road_0,"""a road"" — cut from P116. The soul escapes my body, and leaves him on the dance floor — just flesh and bones. Rejection and heartache hit different, with no feelings afloat."
P116_a-building_0,image,cut/out/thumbs/P116_a-building_0.webp,,08 NEWLY SINGLE,a building,archive · cut-outs,P116_a-building_0,"""a building"" — cut from P116. The soul escapes my body, and leaves him on the dance floor — just flesh and bones. Rejection and heartache hit different, with no feelings afloat."
P116_a-building_1,image,cut/out/thumbs/P116_a-building_1.webp,,08 NEWLY SINGLE,a building,archive · cut-outs,P116_a-building_1,"""a building"" — cut from P116. The soul escapes my body, and leaves him on the dance floor — just flesh and bones. Rejection and heartache hit different, with no feelings afloat."
P116_a-building_2,image,cut/out/thumbs/P116_a-building_2.webp,,08 NEWLY SINGLE,a building,archive · cut-outs,P116_a-building_2,"""a building"" — cut from P116. The soul escapes my body, and leaves him on the dance floor — just flesh and bones. Rejection and heartache hit different, with no feelings afloat."
P116_a-building_3,image,cut/out/thumbs/P116_a-building_3.webp,,08 NEWLY SINGLE,a building,archive · cut-outs,P116_a-building_3,"""a building"" — cut from P116. The soul escapes my body, and leaves him on the dance floor — just flesh and bones. Rejection and heartache hit different, with no feelings afloat."
P116_a-building_4,image,cut/out/thumbs/P116_a-building_4.webp,,08 NEWLY SINGLE,a building,archive · cut-outs,P116_a-building_4,"""a building"" — cut from P116. The soul escapes my body, and leaves him on the dance floor — just flesh and bones. Rejection and heartache hit different, with no feelings afloat."
P116_a-building_5,image,cut/out/thumbs/P116_a-building_5.webp,,08 NEWLY SINGLE,a building,archive · cut-outs,P116_a-building_5,"""a building"" — cut from P116. The soul escapes my body, and leaves him on the dance floor — just flesh and bones. Rejection and heartache hit different, with no feelings afloat."
P116_a-building_6,image,cut/out/thumbs/P116_a-building_6.webp,,08 NEWLY SINGLE,a building,archive · cut-outs,P116_a-building_6,"""a building"" — cut from P116. The soul escapes my body, and leaves him on the dance floor — just flesh and bones. Rejection and heartache hit different, with no feelings afloat."
P116_a-building_7,image,cut/out/thumbs/P116_a-building_7.webp,,08 NEWLY SINGLE,a building,archive · cut-outs,P116_a-building_7,"""a building"" — cut from P116. The soul escapes my body, and leaves him on the dance floor — just flesh and bones. Rejection and heartache hit different, with no feelings afloat."
P116_the-sky_0,image,cut/out/thumbs/P116_the-sky_0.webp,,08 NEWLY SINGLE,the sky,archive · cut-outs,P116_the-sky_0,"""the sky"" — cut from P116. The soul escapes my body, and leaves him on the dance floor — just flesh and bones. Rejection and heartache hit different, with no feelings afloat."
P117_a-person_0,image,cut/out/thumbs/P117_a-person_0.webp,,14 HOT MINUTE,a person,archive · cut-outs,P117_a-person_0,"""a person"" — cut from P117. A hot minute. The haze gathers on the water — and everything I built here learns to be weather: the city, the temple, the harbor."
P117_a-person-in-mid-air_0,image,cut/out/thumbs/P117_a-person-in-mid-air_0.webp,,14 HOT MINUTE,a person in mid-air,archive · cut-outs,P117_a-person-in-mid-air_0,"""a person in mid-air"" — cut from P117. A hot minute. The haze gathers on the water — and everything I built here learns to be weather: the city, the temple, the harbor."
P117_a-staircase_0,image,cut/out/thumbs/P117_a-staircase_0.webp,,14 HOT MINUTE,a staircase,archive · cut-outs,P117_a-staircase_0,"""a staircase"" — cut from P117. A hot minute. The haze gathers on the water — and everything I built here learns to be weather: the city, the temple, the harbor."
P117_the-sky_0,image,cut/out/thumbs/P117_the-sky_0.webp,,14 HOT MINUTE,the sky,archive · cut-outs,P117_the-sky_0,"""the sky"" — cut from P117. A hot minute. The haze gathers on the water — and everything I built here learns to be weather: the city, the temple, the harbor."
P118_a-building_0,image,cut/out/thumbs/P118_a-building_0.webp,,08 NEWLY SINGLE,a building,archive · cut-outs,P118_a-building_0,"""a building"" — cut from P118. The soul escapes my body, and leaves him on the dance floor — just flesh and bones. Rejection and heartache hit different, with no feelings afloat."
P118_a-building_1,image,cut/out/thumbs/P118_a-building_1.webp,,08 NEWLY SINGLE,a building,archive · cut-outs,P118_a-building_1,"""a building"" — cut from P118. The soul escapes my body, and leaves him on the dance floor — just flesh and bones. Rejection and heartache hit different, with no feelings afloat."
P118_a-building_2,image,cut/out/thumbs/P118_a-building_2.webp,,08 NEWLY SINGLE,a building,archive · cut-outs,P118_a-building_2,"""a building"" — cut from P118. The soul escapes my body, and leaves him on the dance floor — just flesh and bones. Rejection and heartache hit different, with no feelings afloat."
P118_a-building_3,image,cut/out/thumbs/P118_a-building_3.webp,,08 NEWLY SINGLE,a building,archive · cut-outs,P118_a-building_3,"""a building"" — cut from P118. The soul escapes my body, and leaves him on the dance floor — just flesh and bones. Rejection and heartache hit different, with no feelings afloat."
P118_the-sky_0,image,cut/out/thumbs/P118_the-sky_0.webp,,08 NEWLY SINGLE,the sky,archive · cut-outs,P118_the-sky_0,"""the sky"" — cut from P118. The soul escapes my body, and leaves him on the dance floor — just flesh and bones. Rejection and heartache hit different, with no feelings afloat."
P119_a-person_0,image,cut/out/thumbs/P119_a-person_0.webp,,02 FLASHING LIGHTS,a person,archive · cut-outs,P119_a-person_0,"""a person"" — cut from P119. A truth he could neither alter nor change. What isn't mine, I still can not give."
P119_a-person-in-mid-air_0,image,cut/out/thumbs/P119_a-person-in-mid-air_0.webp,,02 FLASHING LIGHTS,a person in mid-air,archive · cut-outs,P119_a-person-in-mid-air_0,"""a person in mid-air"" — cut from P119. A truth he could neither alter nor change. What isn't mine, I still can not give."
P119_a-staircase_0,image,cut/out/thumbs/P119_a-staircase_0.webp,,02 FLASHING LIGHTS,a staircase,archive · cut-outs,P119_a-staircase_0,"""a staircase"" — cut from P119. A truth he could neither alter nor change. What isn't mine, I still can not give."
P119_a-light_0,image,cut/out/thumbs/P119_a-light_0.webp,,02 FLASHING LIGHTS,a light,archive · cut-outs,P119_a-light_0,"""a light"" — cut from P119. A truth he could neither alter nor change. What isn't mine, I still can not give."
P119_a-light_1,image,cut/out/thumbs/P119_a-light_1.webp,,02 FLASHING LIGHTS,a light,archive · cut-outs,P119_a-light_1,"""a light"" — cut from P119. A truth he could neither alter nor change. What isn't mine, I still can not give."
P119_a-light_2,image,cut/out/thumbs/P119_a-light_2.webp,,02 FLASHING LIGHTS,a light,archive · cut-outs,P119_a-light_2,"""a light"" — cut from P119. A truth he could neither alter nor change. What isn't mine, I still can not give."
P119_a-light_5,image,cut/out/thumbs/P119_a-light_5.webp,,02 FLASHING LIGHTS,a light,archive · cut-outs,P119_a-light_5,"""a light"" — cut from P119. A truth he could neither alter nor change. What isn't mine, I still can not give."
P119_a-light_6,image,cut/out/thumbs/P119_a-light_6.webp,,02 FLASHING LIGHTS,a light,archive · cut-outs,P119_a-light_6,"""a light"" — cut from P119. A truth he could neither alter nor change. What isn't mine, I still can not give."
P119_a-light_7,image,cut/out/thumbs/P119_a-light_7.webp,,02 FLASHING LIGHTS,a light,archive · cut-outs,P119_a-light_7,"""a light"" — cut from P119. A truth he could neither alter nor change. What isn't mine, I still can not give."
P119_a-light_9,image,cut/out/thumbs/P119_a-light_9.webp,,02 FLASHING LIGHTS,a light,archive · cut-outs,P119_a-light_9,"""a light"" — cut from P119. A truth he could neither alter nor change. What isn't mine, I still can not give."
P119_a-lamp_1,image,cut/out/thumbs/P119_a-lamp_1.webp,,02 FLASHING LIGHTS,a lamp,archive · cut-outs,P119_a-lamp_1,"""a lamp"" — cut from P119. A truth he could neither alter nor change. What isn't mine, I still can not give."
P119_a-wall_0,image,cut/out/thumbs/P119_a-wall_0.webp,,02 FLASHING LIGHTS,a wall,archive · cut-outs,P119_a-wall_0,"""a wall"" — cut from P119. A truth he could neither alter nor change. What isn't mine, I still can not give."
P119_a-wall_1,image,cut/out/thumbs/P119_a-wall_1.webp,,02 FLASHING LIGHTS,a wall,archive · cut-outs,P119_a-wall_1,"""a wall"" — cut from P119. A truth he could neither alter nor change. What isn't mine, I still can not give."
P119_a-wall_2,image,cut/out/thumbs/P119_a-wall_2.webp,,02 FLASHING LIGHTS,a wall,archive · cut-outs,P119_a-wall_2,"""a wall"" — cut from P119. A truth he could neither alter nor change. What isn't mine, I still can not give."
P120_a-person_0,image,cut/out/thumbs/P120_a-person_0.webp,,01 OUT OF LIFE,a person,archive · cut-outs,P120_a-person_0,"""a person"" — cut from P120. The vape gathers, inside and out. My vision blurs. I move toward the window — and you only get further away."
P120_a-person_2,image,cut/out/thumbs/P120_a-person_2.webp,,01 OUT OF LIFE,a person,archive · cut-outs,P120_a-person_2,"""a person"" — cut from P120. The vape gathers, inside and out. My vision blurs. I move toward the window — and you only get further away."
P120_a-person_3,image,cut/out/thumbs/P120_a-person_3.webp,,01 OUT OF LIFE,a person,archive · cut-outs,P120_a-person_3,"""a person"" — cut from P120. The vape gathers, inside and out. My vision blurs. I move toward the window — and you only get further away."
P120_a-window_3,image,cut/out/thumbs/P120_a-window_3.webp,,01 OUT OF LIFE,a window,archive · cut-outs,P120_a-window_3,"""a window"" — cut from P120. The vape gathers, inside and out. My vision blurs. I move toward the window — and you only get further away."
P120_a-window_4,image,cut/out/thumbs/P120_a-window_4.webp,,01 OUT OF LIFE,a window,archive · cut-outs,P120_a-window_4,"""a window"" — cut from P120. The vape gathers, inside and out. My vision blurs. I move toward the window — and you only get further away."
P120_a-window_5,image,cut/out/thumbs/P120_a-window_5.webp,,01 OUT OF LIFE,a window,archive · cut-outs,P120_a-window_5,"""a window"" — cut from P120. The vape gathers, inside and out. My vision blurs. I move toward the window — and you only get further away."
P120_a-window_8,image,cut/out/thumbs/P120_a-window_8.webp,,01 OUT OF LIFE,a window,archive · cut-outs,P120_a-window_8,"""a window"" — cut from P120. The vape gathers, inside and out. My vision blurs. I move toward the window — and you only get further away."
P120_a-light_2,image,cut/out/thumbs/P120_a-light_2.webp,,01 OUT OF LIFE,a light,archive · cut-outs,P120_a-light_2,"""a light"" — cut from P120. The vape gathers, inside and out. My vision blurs. I move toward the window — and you only get further away."
P120_a-light_4,image,cut/out/thumbs/P120_a-light_4.webp,,01 OUT OF LIFE,a light,archive · cut-outs,P120_a-light_4,"""a light"" — cut from P120. The vape gathers, inside and out. My vision blurs. I move toward the window — and you only get further away."
P120_the-sky_0,image,cut/out/thumbs/P120_the-sky_0.webp,,01 OUT OF LIFE,the sky,archive · cut-outs,P120_the-sky_0,"""the sky"" — cut from P120. The vape gathers, inside and out. My vision blurs. I move toward the window — and you only get further away."
P121_a-building_1,image,cut/out/thumbs/P121_a-building_1.webp,,01 OUT OF LIFE,a building,archive · cut-outs,P121_a-building_1,"""a building"" — cut from P121. The vape gathers, inside and out. My vision blurs. I move toward the window — and you only get further away."
P121_a-building_3,image,cut/out/thumbs/P121_a-building_3.webp,,01 OUT OF LIFE,a building,archive · cut-outs,P121_a-building_3,"""a building"" — cut from P121. The vape gathers, inside and out. My vision blurs. I move toward the window — and you only get further away."
P121_a-building_6,image,cut/out/thumbs/P121_a-building_6.webp,,01 OUT OF LIFE,a building,archive · cut-outs,P121_a-building_6,"""a building"" — cut from P121. The vape gathers, inside and out. My vision blurs. I move toward the window — and you only get further away."
P121_a-building_7,image,cut/out/thumbs/P121_a-building_7.webp,,01 OUT OF LIFE,a building,archive · cut-outs,P121_a-building_7,"""a building"" — cut from P121. The vape gathers, inside and out. My vision blurs. I move toward the window — and you only get further away."
P121_a-building_9,image,cut/out/thumbs/P121_a-building_9.webp,,01 OUT OF LIFE,a building,archive · cut-outs,P121_a-building_9,"""a building"" — cut from P121. The vape gathers, inside and out. My vision blurs. I move toward the window — and you only get further away."
P121_a-building_12,image,cut/out/thumbs/P121_a-building_12.webp,,01 OUT OF LIFE,a building,archive · cut-outs,P121_a-building_12,"""a building"" — cut from P121. The vape gathers, inside and out. My vision blurs. I move toward the window — and you only get further away."
P121_a-building_13,image,cut/out/thumbs/P121_a-building_13.webp,,01 OUT OF LIFE,a building,archive · cut-outs,P121_a-building_13,"""a building"" — cut from P121. The vape gathers, inside and out. My vision blurs. I move toward the window — and you only get further away."
P121_a-building_14,image,cut/out/thumbs/P121_a-building_14.webp,,01 OUT OF LIFE,a building,archive · cut-outs,P121_a-building_14,"""a building"" — cut from P121. The vape gathers, inside and out. My vision blurs. I move toward the window — and you only get further away."
P121_a-building_15,image,cut/out/thumbs/P121_a-building_15.webp,,01 OUT OF LIFE,a building,archive · cut-outs,P121_a-building_15,"""a building"" — cut from P121. The vape gathers, inside and out. My vision blurs. I move toward the window — and you only get further away."
P121_a-building_17,image,cut/out/thumbs/P121_a-building_17.webp,,01 OUT OF LIFE,a building,archive · cut-outs,P121_a-building_17,"""a building"" — cut from P121. The vape gathers, inside and out. My vision blurs. I move toward the window — and you only get further away."
P121_a-building_18,image,cut/out/thumbs/P121_a-building_18.webp,,01 OUT OF LIFE,a building,archive · cut-outs,P121_a-building_18,"""a building"" — cut from P121. The vape gathers, inside and out. My vision blurs. I move toward the window — and you only get further away."
P121_a-building_19,image,cut/out/thumbs/P121_a-building_19.webp,,01 OUT OF LIFE,a building,archive · cut-outs,P121_a-building_19,"""a building"" — cut from P121. The vape gathers, inside and out. My vision blurs. I move toward the window — and you only get further away."
P121_a-building_20,image,cut/out/thumbs/P121_a-building_20.webp,,01 OUT OF LIFE,a building,archive · cut-outs,P121_a-building_20,"""a building"" — cut from P121. The vape gathers, inside and out. My vision blurs. I move toward the window — and you only get further away."
P121_the-sky_0,image,cut/out/thumbs/P121_the-sky_0.webp,,01 OUT OF LIFE,the sky,archive · cut-outs,P121_the-sky_0,"""the sky"" — cut from P121. The vape gathers, inside and out. My vision blurs. I move toward the window — and you only get further away."
P122_a-person_0,image,cut/out/thumbs/P122_a-person_0.webp,,01 OUT OF LIFE,a person,archive · cut-outs,P122_a-person_0,"""a person"" — cut from P122. The vape gathers, inside and out. My vision blurs. I move toward the window — and you only get further away."
P122_a-person-in-mid-air_0,image,cut/out/thumbs/P122_a-person-in-mid-air_0.webp,,01 OUT OF LIFE,a person in mid-air,archive · cut-outs,P122_a-person-in-mid-air_0,"""a person in mid-air"" — cut from P122. The vape gathers, inside and out. My vision blurs. I move toward the window — and you only get further away."
P122_a-window_0,image,cut/out/thumbs/P122_a-window_0.webp,,01 OUT OF LIFE,a window,archive · cut-outs,P122_a-window_0,"""a window"" — cut from P122. The vape gathers, inside and out. My vision blurs. I move toward the window — and you only get further away."
P122_a-window_4,image,cut/out/thumbs/P122_a-window_4.webp,,01 OUT OF LIFE,a window,archive · cut-outs,P122_a-window_4,"""a window"" — cut from P122. The vape gathers, inside and out. My vision blurs. I move toward the window — and you only get further away."
P122_a-window_6,image,cut/out/thumbs/P122_a-window_6.webp,,01 OUT OF LIFE,a window,archive · cut-outs,P122_a-window_6,"""a window"" — cut from P122. The vape gathers, inside and out. My vision blurs. I move toward the window — and you only get further away."
P122_a-window_9,image,cut/out/thumbs/P122_a-window_9.webp,,01 OUT OF LIFE,a window,archive · cut-outs,P122_a-window_9,"""a window"" — cut from P122. The vape gathers, inside and out. My vision blurs. I move toward the window — and you only get further away."
P122_a-window_12,image,cut/out/thumbs/P122_a-window_12.webp,,01 OUT OF LIFE,a window,archive · cut-outs,P122_a-window_12,"""a window"" — cut from P122. The vape gathers, inside and out. My vision blurs. I move toward the window — and you only get further away."
P122_a-window_15,image,cut/out/thumbs/P122_a-window_15.webp,,01 OUT OF LIFE,a window,archive · cut-outs,P122_a-window_15,"""a window"" — cut from P122. The vape gathers, inside and out. My vision blurs. I move toward the window — and you only get further away."
P122_a-window_16,image,cut/out/thumbs/P122_a-window_16.webp,,01 OUT OF LIFE,a window,archive · cut-outs,P122_a-window_16,"""a window"" — cut from P122. The vape gathers, inside and out. My vision blurs. I move toward the window — and you only get further away."
P122_a-window_18,image,cut/out/thumbs/P122_a-window_18.webp,,01 OUT OF LIFE,a window,archive · cut-outs,P122_a-window_18,"""a window"" — cut from P122. The vape gathers, inside and out. My vision blurs. I move toward the window — and you only get further away."
P122_a-door_0,image,cut/out/thumbs/P122_a-door_0.webp,,01 OUT OF LIFE,a door,archive · cut-outs,P122_a-door_0,"""a door"" — cut from P122. The vape gathers, inside and out. My vision blurs. I move toward the window — and you only get further away."
P122_a-light_1,image,cut/out/thumbs/P122_a-light_1.webp,,01 OUT OF LIFE,a light,archive · cut-outs,P122_a-light_1,"""a light"" — cut from P122. The vape gathers, inside and out. My vision blurs. I move toward the window — and you only get further away."
P122_a-light_2,image,cut/out/thumbs/P122_a-light_2.webp,,01 OUT OF LIFE,a light,archive · cut-outs,P122_a-light_2,"""a light"" — cut from P122. The vape gathers, inside and out. My vision blurs. I move toward the window — and you only get further away."
P122_a-light_3,image,cut/out/thumbs/P122_a-light_3.webp,,01 OUT OF LIFE,a light,archive · cut-outs,P122_a-light_3,"""a light"" — cut from P122. The vape gathers, inside and out. My vision blurs. I move toward the window — and you only get further away."
P122_a-light_5,image,cut/out/thumbs/P122_a-light_5.webp,,01 OUT OF LIFE,a light,archive · cut-outs,P122_a-light_5,"""a light"" — cut from P122. The vape gathers, inside and out. My vision blurs. I move toward the window — and you only get further away."
P122_a-light_6,image,cut/out/thumbs/P122_a-light_6.webp,,01 OUT OF LIFE,a light,archive · cut-outs,P122_a-light_6,"""a light"" — cut from P122. The vape gathers, inside and out. My vision blurs. I move toward the window — and you only get further away."
P122_a-light_9,image,cut/out/thumbs/P122_a-light_9.webp,,01 OUT OF LIFE,a light,archive · cut-outs,P122_a-light_9,"""a light"" — cut from P122. The vape gathers, inside and out. My vision blurs. I move toward the window — and you only get further away."
P122_a-light_10,image,cut/out/thumbs/P122_a-light_10.webp,,01 OUT OF LIFE,a light,archive · cut-outs,P122_a-light_10,"""a light"" — cut from P122. The vape gathers, inside and out. My vision blurs. I move toward the window — and you only get further away."
P122_a-light_11,image,cut/out/thumbs/P122_a-light_11.webp,,01 OUT OF LIFE,a light,archive · cut-outs,P122_a-light_11,"""a light"" — cut from P122. The vape gathers, inside and out. My vision blurs. I move toward the window — and you only get further away."
P122_a-light_13,image,cut/out/thumbs/P122_a-light_13.webp,,01 OUT OF LIFE,a light,archive · cut-outs,P122_a-light_13,"""a light"" — cut from P122. The vape gathers, inside and out. My vision blurs. I move toward the window — and you only get further away."
P122_a-light_15,image,cut/out/thumbs/P122_a-light_15.webp,,01 OUT OF LIFE,a light,archive · cut-outs,P122_a-light_15,"""a light"" — cut from P122. The vape gathers, inside and out. My vision blurs. I move toward the window — and you only get further away."
P122_a-light_16,image,cut/out/thumbs/P122_a-light_16.webp,,01 OUT OF LIFE,a light,archive · cut-outs,P122_a-light_16,"""a light"" — cut from P122. The vape gathers, inside and out. My vision blurs. I move toward the window — and you only get further away."
P122_a-light_20,image,cut/out/thumbs/P122_a-light_20.webp,,01 OUT OF LIFE,a light,archive · cut-outs,P122_a-light_20,"""a light"" — cut from P122. The vape gathers, inside and out. My vision blurs. I move toward the window — and you only get further away."
P122_a-light_21,image,cut/out/thumbs/P122_a-light_21.webp,,01 OUT OF LIFE,a light,archive · cut-outs,P122_a-light_21,"""a light"" — cut from P122. The vape gathers, inside and out. My vision blurs. I move toward the window — and you only get further away."
P122_a-neon-sign_0,image,cut/out/thumbs/P122_a-neon-sign_0.webp,,01 OUT OF LIFE,a neon sign,archive · cut-outs,P122_a-neon-sign_0,"""a neon sign"" — cut from P122. The vape gathers, inside and out. My vision blurs. I move toward the window — and you only get further away."
P122_a-neon-sign_1,image,cut/out/thumbs/P122_a-neon-sign_1.webp,,01 OUT OF LIFE,a neon sign,archive · cut-outs,P122_a-neon-sign_1,"""a neon sign"" — cut from P122. The vape gathers, inside and out. My vision blurs. I move toward the window — and you only get further away."
P122_a-neon-sign_3,image,cut/out/thumbs/P122_a-neon-sign_3.webp,,01 OUT OF LIFE,a neon sign,archive · cut-outs,P122_a-neon-sign_3,"""a neon sign"" — cut from P122. The vape gathers, inside and out. My vision blurs. I move toward the window — and you only get further away."
P122_a-neon-sign_4,image,cut/out/thumbs/P122_a-neon-sign_4.webp,,01 OUT OF LIFE,a neon sign,archive · cut-outs,P122_a-neon-sign_4,"""a neon sign"" — cut from P122. The vape gathers, inside and out. My vision blurs. I move toward the window — and you only get further away."
P122_a-neon-sign_6,image,cut/out/thumbs/P122_a-neon-sign_6.webp,,01 OUT OF LIFE,a neon sign,archive · cut-outs,P122_a-neon-sign_6,"""a neon sign"" — cut from P122. The vape gathers, inside and out. My vision blurs. I move toward the window — and you only get further away."
P122_a-neon-sign_7,image,cut/out/thumbs/P122_a-neon-sign_7.webp,,01 OUT OF LIFE,a neon sign,archive · cut-outs,P122_a-neon-sign_7,"""a neon sign"" — cut from P122. The vape gathers, inside and out. My vision blurs. I move toward the window — and you only get further away."
P122_a-neon-sign_8,image,cut/out/thumbs/P122_a-neon-sign_8.webp,,01 OUT OF LIFE,a neon sign,archive · cut-outs,P122_a-neon-sign_8,"""a neon sign"" — cut from P122. The vape gathers, inside and out. My vision blurs. I move toward the window — and you only get further away."
P122_a-neon-sign_10,image,cut/out/thumbs/P122_a-neon-sign_10.webp,,01 OUT OF LIFE,a neon sign,archive · cut-outs,P122_a-neon-sign_10,"""a neon sign"" — cut from P122. The vape gathers, inside and out. My vision blurs. I move toward the window — and you only get further away."
P122_a-neon-sign_11,image,cut/out/thumbs/P122_a-neon-sign_11.webp,,01 OUT OF LIFE,a neon sign,archive · cut-outs,P122_a-neon-sign_11,"""a neon sign"" — cut from P122. The vape gathers, inside and out. My vision blurs. I move toward the window — and you only get further away."
P122_a-wall_0,image,cut/out/thumbs/P122_a-wall_0.webp,,01 OUT OF LIFE,a wall,archive · cut-outs,P122_a-wall_0,"""a wall"" — cut from P122. The vape gathers, inside and out. My vision blurs. I move toward the window — and you only get further away."
P122_a-wall_1,image,cut/out/thumbs/P122_a-wall_1.webp,,01 OUT OF LIFE,a wall,archive · cut-outs,P122_a-wall_1,"""a wall"" — cut from P122. The vape gathers, inside and out. My vision blurs. I move toward the window — and you only get further away."
P122_a-wall_2,image,cut/out/thumbs/P122_a-wall_2.webp,,01 OUT OF LIFE,a wall,archive · cut-outs,P122_a-wall_2,"""a wall"" — cut from P122. The vape gathers, inside and out. My vision blurs. I move toward the window — and you only get further away."
P122_a-wall_3,image,cut/out/thumbs/P122_a-wall_3.webp,,01 OUT OF LIFE,a wall,archive · cut-outs,P122_a-wall_3,"""a wall"" — cut from P122. The vape gathers, inside and out. My vision blurs. I move toward the window — and you only get further away."
P122_a-wall_4,image,cut/out/thumbs/P122_a-wall_4.webp,,01 OUT OF LIFE,a wall,archive · cut-outs,P122_a-wall_4,"""a wall"" — cut from P122. The vape gathers, inside and out. My vision blurs. I move toward the window — and you only get further away."
P122_a-wall_5,image,cut/out/thumbs/P122_a-wall_5.webp,,01 OUT OF LIFE,a wall,archive · cut-outs,P122_a-wall_5,"""a wall"" — cut from P122. The vape gathers, inside and out. My vision blurs. I move toward the window — and you only get further away."
P122_a-wall_6,image,cut/out/thumbs/P122_a-wall_6.webp,,01 OUT OF LIFE,a wall,archive · cut-outs,P122_a-wall_6,"""a wall"" — cut from P122. The vape gathers, inside and out. My vision blurs. I move toward the window — and you only get further away."
P122_a-wall_7,image,cut/out/thumbs/P122_a-wall_7.webp,,01 OUT OF LIFE,a wall,archive · cut-outs,P122_a-wall_7,"""a wall"" — cut from P122. The vape gathers, inside and out. My vision blurs. I move toward the window — and you only get further away."
P122_a-wall_8,image,cut/out/thumbs/P122_a-wall_8.webp,,01 OUT OF LIFE,a wall,archive · cut-outs,P122_a-wall_8,"""a wall"" — cut from P122. The vape gathers, inside and out. My vision blurs. I move toward the window — and you only get further away."
P122_a-wall_9,image,cut/out/thumbs/P122_a-wall_9.webp,,01 OUT OF LIFE,a wall,archive · cut-outs,P122_a-wall_9,"""a wall"" — cut from P122. The vape gathers, inside and out. My vision blurs. I move toward the window — and you only get further away."
P122_a-road_0,image,cut/out/thumbs/P122_a-road_0.webp,,01 OUT OF LIFE,a road,archive · cut-outs,P122_a-road_0,"""a road"" — cut from P122. The vape gathers, inside and out. My vision blurs. I move toward the window — and you only get further away."
P122_a-building_0,image,cut/out/thumbs/P122_a-building_0.webp,,01 OUT OF LIFE,a building,archive · cut-outs,P122_a-building_0,"""a building"" — cut from P122. The vape gathers, inside and out. My vision blurs. I move toward the window — and you only get further away."
P122_a-building_1,image,cut/out/thumbs/P122_a-building_1.webp,,01 OUT OF LIFE,a building,archive · cut-outs,P122_a-building_1,"""a building"" — cut from P122. The vape gathers, inside and out. My vision blurs. I move toward the window — and you only get further away."
P122_a-building_2,image,cut/out/thumbs/P122_a-building_2.webp,,01 OUT OF LIFE,a building,archive · cut-outs,P122_a-building_2,"""a building"" — cut from P122. The vape gathers, inside and out. My vision blurs. I move toward the window — and you only get further away."
P122_a-building_3,image,cut/out/thumbs/P122_a-building_3.webp,,01 OUT OF LIFE,a building,archive · cut-outs,P122_a-building_3,"""a building"" — cut from P122. The vape gathers, inside and out. My vision blurs. I move toward the window — and you only get further away."
P122_a-building_4,image,cut/out/thumbs/P122_a-building_4.webp,,01 OUT OF LIFE,a building,archive · cut-outs,P122_a-building_4,"""a building"" — cut from P122. The vape gathers, inside and out. My vision blurs. I move toward the window — and you only get further away."
P122_a-building_5,image,cut/out/thumbs/P122_a-building_5.webp,,01 OUT OF LIFE,a building,archive · cut-outs,P122_a-building_5,"""a building"" — cut from P122. The vape gathers, inside and out. My vision blurs. I move toward the window — and you only get further away."
P122_a-building_6,image,cut/out/thumbs/P122_a-building_6.webp,,01 OUT OF LIFE,a building,archive · cut-outs,P122_a-building_6,"""a building"" — cut from P122. The vape gathers, inside and out. My vision blurs. I move toward the window — and you only get further away."
P122_a-building_7,image,cut/out/thumbs/P122_a-building_7.webp,,01 OUT OF LIFE,a building,archive · cut-outs,P122_a-building_7,"""a building"" — cut from P122. The vape gathers, inside and out. My vision blurs. I move toward the window — and you only get further away."
P122_a-building_8,image,cut/out/thumbs/P122_a-building_8.webp,,01 OUT OF LIFE,a building,archive · cut-outs,P122_a-building_8,"""a building"" — cut from P122. The vape gathers, inside and out. My vision blurs. I move toward the window — and you only get further away."
P122_a-building_9,image,cut/out/thumbs/P122_a-building_9.webp,,01 OUT OF LIFE,a building,archive · cut-outs,P122_a-building_9,"""a building"" — cut from P122. The vape gathers, inside and out. My vision blurs. I move toward the window — and you only get further away."
P122_a-building_10,image,cut/out/thumbs/P122_a-building_10.webp,,01 OUT OF LIFE,a building,archive · cut-outs,P122_a-building_10,"""a building"" — cut from P122. The vape gathers, inside and out. My vision blurs. I move toward the window — and you only get further away."
P122_a-building_11,image,cut/out/thumbs/P122_a-building_11.webp,,01 OUT OF LIFE,a building,archive · cut-outs,P122_a-building_11,"""a building"" — cut from P122. The vape gathers, inside and out. My vision blurs. I move toward the window — and you only get further away."
P122_a-building_12,image,cut/out/thumbs/P122_a-building_12.webp,,01 OUT OF LIFE,a building,archive · cut-outs,P122_a-building_12,"""a building"" — cut from P122. The vape gathers, inside and out. My vision blurs. I move toward the window — and you only get further away."
P122_the-sky_0,image,cut/out/thumbs/P122_the-sky_0.webp,,01 OUT OF LIFE,the sky,archive · cut-outs,P122_the-sky_0,"""the sky"" — cut from P122. The vape gathers, inside and out. My vision blurs. I move toward the window — and you only get further away."
P123_a-person_0,image,cut/out/thumbs/P123_a-person_0.webp,,01 OUT OF LIFE,a person,archive · cut-outs,P123_a-person_0,"""a person"" — cut from P123. The vape gathers, inside and out. My vision blurs. I move toward the window — and you only get further away."
P123_a-person_1,image,cut/out/thumbs/P123_a-person_1.webp,,01 OUT OF LIFE,a person,archive · cut-outs,P123_a-person_1,"""a person"" — cut from P123. The vape gathers, inside and out. My vision blurs. I move toward the window — and you only get further away."
P123_a-window_3,image,cut/out/thumbs/P123_a-window_3.webp,,01 OUT OF LIFE,a window,archive · cut-outs,P123_a-window_3,"""a window"" — cut from P123. The vape gathers, inside and out. My vision blurs. I move toward the window — and you only get further away."
P123_a-window_8,image,cut/out/thumbs/P123_a-window_8.webp,,01 OUT OF LIFE,a window,archive · cut-outs,P123_a-window_8,"""a window"" — cut from P123. The vape gathers, inside and out. My vision blurs. I move toward the window — and you only get further away."
P123_a-window_10,image,cut/out/thumbs/P123_a-window_10.webp,,01 OUT OF LIFE,a window,archive · cut-outs,P123_a-window_10,"""a window"" — cut from P123. The vape gathers, inside and out. My vision blurs. I move toward the window — and you only get further away."
P123_a-window_12,image,cut/out/thumbs/P123_a-window_12.webp,,01 OUT OF LIFE,a window,archive · cut-outs,P123_a-window_12,"""a window"" — cut from P123. The vape gathers, inside and out. My vision blurs. I move toward the window — and you only get further away."
P123_a-window_13,image,cut/out/thumbs/P123_a-window_13.webp,,01 OUT OF LIFE,a window,archive · cut-outs,P123_a-window_13,"""a window"" — cut from P123. The vape gathers, inside and out. My vision blurs. I move toward the window — and you only get further away."
P123_a-window_14,image,cut/out/thumbs/P123_a-window_14.webp,,01 OUT OF LIFE,a window,archive · cut-outs,P123_a-window_14,"""a window"" — cut from P123. The vape gathers, inside and out. My vision blurs. I move toward the window — and you only get further away."
P123_a-window_16,image,cut/out/thumbs/P123_a-window_16.webp,,01 OUT OF LIFE,a window,archive · cut-outs,P123_a-window_16,"""a window"" — cut from P123. The vape gathers, inside and out. My vision blurs. I move toward the window — and you only get further away."
P123_a-window_17,image,cut/out/thumbs/P123_a-window_17.webp,,01 OUT OF LIFE,a window,archive · cut-outs,P123_a-window_17,"""a window"" — cut from P123. The vape gathers, inside and out. My vision blurs. I move toward the window — and you only get further away."
P123_a-window_18,image,cut/out/thumbs/P123_a-window_18.webp,,01 OUT OF LIFE,a window,archive · cut-outs,P123_a-window_18,"""a window"" — cut from P123. The vape gathers, inside and out. My vision blurs. I move toward the window — and you only get further away."
P123_a-window_21,image,cut/out/thumbs/P123_a-window_21.webp,,01 OUT OF LIFE,a window,archive · cut-outs,P123_a-window_21,"""a window"" — cut from P123. The vape gathers, inside and out. My vision blurs. I move toward the window — and you only get further away."
P123_a-window_27,image,cut/out/thumbs/P123_a-window_27.webp,,01 OUT OF LIFE,a window,archive · cut-outs,P123_a-window_27,"""a window"" — cut from P123. The vape gathers, inside and out. My vision blurs. I move toward the window — and you only get further away."
P123_a-window_28,image,cut/out/thumbs/P123_a-window_28.webp,,01 OUT OF LIFE,a window,archive · cut-outs,P123_a-window_28,"""a window"" — cut from P123. The vape gathers, inside and out. My vision blurs. I move toward the window — and you only get further away."
P123_a-window_30,image,cut/out/thumbs/P123_a-window_30.webp,,01 OUT OF LIFE,a window,archive · cut-outs,P123_a-window_30,"""a window"" — cut from P123. The vape gathers, inside and out. My vision blurs. I move toward the window — and you only get further away."
P123_a-window_40,image,cut/out/thumbs/P123_a-window_40.webp,,01 OUT OF LIFE,a window,archive · cut-outs,P123_a-window_40,"""a window"" — cut from P123. The vape gathers, inside and out. My vision blurs. I move toward the window — and you only get further away."
P123_a-window_42,image,cut/out/thumbs/P123_a-window_42.webp,,01 OUT OF LIFE,a window,archive · cut-outs,P123_a-window_42,"""a window"" — cut from P123. The vape gathers, inside and out. My vision blurs. I move toward the window — and you only get further away."
P123_a-light_1,image,cut/out/thumbs/P123_a-light_1.webp,,01 OUT OF LIFE,a light,archive · cut-outs,P123_a-light_1,"""a light"" — cut from P123. The vape gathers, inside and out. My vision blurs. I move toward the window — and you only get further away."
P123_a-light_9,image,cut/out/thumbs/P123_a-light_9.webp,,01 OUT OF LIFE,a light,archive · cut-outs,P123_a-light_9,"""a light"" — cut from P123. The vape gathers, inside and out. My vision blurs. I move toward the window — and you only get further away."
P123_a-light_12,image,cut/out/thumbs/P123_a-light_12.webp,,01 OUT OF LIFE,a light,archive · cut-outs,P123_a-light_12,"""a light"" — cut from P123. The vape gathers, inside and out. My vision blurs. I move toward the window — and you only get further away."
P123_a-neon-sign_0,image,cut/out/thumbs/P123_a-neon-sign_0.webp,,01 OUT OF LIFE,a neon sign,archive · cut-outs,P123_a-neon-sign_0,"""a neon sign"" — cut from P123. The vape gathers, inside and out. My vision blurs. I move toward the window — and you only get further away."
P123_a-neon-sign_1,image,cut/out/thumbs/P123_a-neon-sign_1.webp,,01 OUT OF LIFE,a neon sign,archive · cut-outs,P123_a-neon-sign_1,"""a neon sign"" — cut from P123. The vape gathers, inside and out. My vision blurs. I move toward the window — and you only get further away."
P123_a-neon-sign_2,image,cut/out/thumbs/P123_a-neon-sign_2.webp,,01 OUT OF LIFE,a neon sign,archive · cut-outs,P123_a-neon-sign_2,"""a neon sign"" — cut from P123. The vape gathers, inside and out. My vision blurs. I move toward the window — and you only get further away."
P123_a-neon-sign_3,image,cut/out/thumbs/P123_a-neon-sign_3.webp,,01 OUT OF LIFE,a neon sign,archive · cut-outs,P123_a-neon-sign_3,"""a neon sign"" — cut from P123. The vape gathers, inside and out. My vision blurs. I move toward the window — and you only get further away."
P123_a-road_0,image,cut/out/thumbs/P123_a-road_0.webp,,01 OUT OF LIFE,a road,archive · cut-outs,P123_a-road_0,"""a road"" — cut from P123. The vape gathers, inside and out. My vision blurs. I move toward the window — and you only get further away."
P123_a-building_0,image,cut/out/thumbs/P123_a-building_0.webp,,01 OUT OF LIFE,a building,archive · cut-outs,P123_a-building_0,"""a building"" — cut from P123. The vape gathers, inside and out. My vision blurs. I move toward the window — and you only get further away."
P124_a-person_0,image,cut/out/thumbs/P124_a-person_0.webp,,01 OUT OF LIFE,a person,archive · cut-outs,P124_a-person_0,"""a person"" — cut from P124. The vape gathers, inside and out. My vision blurs. I move toward the window — and you only get further away."
P124_a-window_2,image,cut/out/thumbs/P124_a-window_2.webp,,01 OUT OF LIFE,a window,archive · cut-outs,P124_a-window_2,"""a window"" — cut from P124. The vape gathers, inside and out. My vision blurs. I move toward the window — and you only get further away."
P124_a-window_6,image,cut/out/thumbs/P124_a-window_6.webp,,01 OUT OF LIFE,a window,archive · cut-outs,P124_a-window_6,"""a window"" — cut from P124. The vape gathers, inside and out. My vision blurs. I move toward the window — and you only get further away."
P124_a-window_10,image,cut/out/thumbs/P124_a-window_10.webp,,01 OUT OF LIFE,a window,archive · cut-outs,P124_a-window_10,"""a window"" — cut from P124. The vape gathers, inside and out. My vision blurs. I move toward the window — and you only get further away."
P124_a-window_13,image,cut/out/thumbs/P124_a-window_13.webp,,01 OUT OF LIFE,a window,archive · cut-outs,P124_a-window_13,"""a window"" — cut from P124. The vape gathers, inside and out. My vision blurs. I move toward the window — and you only get further away."
P124_a-window_23,image,cut/out/thumbs/P124_a-window_23.webp,,01 OUT OF LIFE,a window,archive · cut-outs,P124_a-window_23,"""a window"" — cut from P124. The vape gathers, inside and out. My vision blurs. I move toward the window — and you only get further away."
P124_a-window_30,image,cut/out/thumbs/P124_a-window_30.webp,,01 OUT OF LIFE,a window,archive · cut-outs,P124_a-window_30,"""a window"" — cut from P124. The vape gathers, inside and out. My vision blurs. I move toward the window — and you only get further away."
P124_a-door_0,image,cut/out/thumbs/P124_a-door_0.webp,,01 OUT OF LIFE,a door,archive · cut-outs,P124_a-door_0,"""a door"" — cut from P124. The vape gathers, inside and out. My vision blurs. I move toward the window — and you only get further away."
P124_a-door_1,image,cut/out/thumbs/P124_a-door_1.webp,,01 OUT OF LIFE,a door,archive · cut-outs,P124_a-door_1,"""a door"" — cut from P124. The vape gathers, inside and out. My vision blurs. I move toward the window — and you only get further away."
P124_a-door_2,image,cut/out/thumbs/P124_a-door_2.webp,,01 OUT OF LIFE,a door,archive · cut-outs,P124_a-door_2,"""a door"" — cut from P124. The vape gathers, inside and out. My vision blurs. I move toward the window — and you only get further away."
P124_a-road_0,image,cut/out/thumbs/P124_a-road_0.webp,,01 OUT OF LIFE,a road,archive · cut-outs,P124_a-road_0,"""a road"" — cut from P124. The vape gathers, inside and out. My vision blurs. I move toward the window — and you only get further away."
P124_a-building_0,image,cut/out/thumbs/P124_a-building_0.webp,,01 OUT OF LIFE,a building,archive · cut-outs,P124_a-building_0,"""a building"" — cut from P124. The vape gathers, inside and out. My vision blurs. I move toward the window — and you only get further away."
P124_a-building_1,image,cut/out/thumbs/P124_a-building_1.webp,,01 OUT OF LIFE,a building,archive · cut-outs,P124_a-building_1,"""a building"" — cut from P124. The vape gathers, inside and out. My vision blurs. I move toward the window — and you only get further away."
P124_a-building_2,image,cut/out/thumbs/P124_a-building_2.webp,,01 OUT OF LIFE,a building,archive · cut-outs,P124_a-building_2,"""a building"" — cut from P124. The vape gathers, inside and out. My vision blurs. I move toward the window — and you only get further away."
P125_a-person_1,image,cut/out/thumbs/P125_a-person_1.webp,,06 RESURRECTING ATLANTIS,a person,archive · cut-outs,P125_a-person_1,"""a person"" — cut from P125. To follow comets to the capital city of our collective consciousness. Resurrecting Atlantis."
P125_a-person_3,image,cut/out/thumbs/P125_a-person_3.webp,,06 RESURRECTING ATLANTIS,a person,archive · cut-outs,P125_a-person_3,"""a person"" — cut from P125. To follow comets to the capital city of our collective consciousness. Resurrecting Atlantis."
P125_a-person_5,image,cut/out/thumbs/P125_a-person_5.webp,,06 RESURRECTING ATLANTIS,a person,archive · cut-outs,P125_a-person_5,"""a person"" — cut from P125. To follow comets to the capital city of our collective consciousness. Resurrecting Atlantis."
P125_a-person_6,image,cut/out/thumbs/P125_a-person_6.webp,,06 RESURRECTING ATLANTIS,a person,archive · cut-outs,P125_a-person_6,"""a person"" — cut from P125. To follow comets to the capital city of our collective consciousness. Resurrecting Atlantis."
P125_a-person_8,image,cut/out/thumbs/P125_a-person_8.webp,,06 RESURRECTING ATLANTIS,a person,archive · cut-outs,P125_a-person_8,"""a person"" — cut from P125. To follow comets to the capital city of our collective consciousness. Resurrecting Atlantis."
P125_a-person_9,image,cut/out/thumbs/P125_a-person_9.webp,,06 RESURRECTING ATLANTIS,a person,archive · cut-outs,P125_a-person_9,"""a person"" — cut from P125. To follow comets to the capital city of our collective consciousness. Resurrecting Atlantis."
P125_a-person_10,image,cut/out/thumbs/P125_a-person_10.webp,,06 RESURRECTING ATLANTIS,a person,archive · cut-outs,P125_a-person_10,"""a person"" — cut from P125. To follow comets to the capital city of our collective consciousness. Resurrecting Atlantis."
P125_a-person_11,image,cut/out/thumbs/P125_a-person_11.webp,,06 RESURRECTING ATLANTIS,a person,archive · cut-outs,P125_a-person_11,"""a person"" — cut from P125. To follow comets to the capital city of our collective consciousness. Resurrecting Atlantis."
P125_a-person_12,image,cut/out/thumbs/P125_a-person_12.webp,,06 RESURRECTING ATLANTIS,a person,archive · cut-outs,P125_a-person_12,"""a person"" — cut from P125. To follow comets to the capital city of our collective consciousness. Resurrecting Atlantis."
P125_a-person_13,image,cut/out/thumbs/P125_a-person_13.webp,,06 RESURRECTING ATLANTIS,a person,archive · cut-outs,P125_a-person_13,"""a person"" — cut from P125. To follow comets to the capital city of our collective consciousness. Resurrecting Atlantis."
P125_a-person_14,image,cut/out/thumbs/P125_a-person_14.webp,,06 RESURRECTING ATLANTIS,a person,archive · cut-outs,P125_a-person_14,"""a person"" — cut from P125. To follow comets to the capital city of our collective consciousness. Resurrecting Atlantis."
P125_a-person_16,image,cut/out/thumbs/P125_a-person_16.webp,,06 RESURRECTING ATLANTIS,a person,archive · cut-outs,P125_a-person_16,"""a person"" — cut from P125. To follow comets to the capital city of our collective consciousness. Resurrecting Atlantis."
P125_a-person_17,image,cut/out/thumbs/P125_a-person_17.webp,,06 RESURRECTING ATLANTIS,a person,archive · cut-outs,P125_a-person_17,"""a person"" — cut from P125. To follow comets to the capital city of our collective consciousness. Resurrecting Atlantis."
P125_a-person_18,image,cut/out/thumbs/P125_a-person_18.webp,,06 RESURRECTING ATLANTIS,a person,archive · cut-outs,P125_a-person_18,"""a person"" — cut from P125. To follow comets to the capital city of our collective consciousness. Resurrecting Atlantis."
P125_a-wall_0,image,cut/out/thumbs/P125_a-wall_0.webp,,06 RESURRECTING ATLANTIS,a wall,archive · cut-outs,P125_a-wall_0,"""a wall"" — cut from P125. To follow comets to the capital city of our collective consciousness. Resurrecting Atlantis."
P125_the-sky_0,image,cut/out/thumbs/P125_the-sky_0.webp,,06 RESURRECTING ATLANTIS,the sky,archive · cut-outs,P125_the-sky_0,"""the sky"" — cut from P125. To follow comets to the capital city of our collective consciousness. Resurrecting Atlantis."
P126_a-person_0,image,cut/out/thumbs/P126_a-person_0.webp,,06 RESURRECTING ATLANTIS,a person,archive · cut-outs,P126_a-person_0,"""a person"" — cut from P126. To follow comets to the capital city of our collective consciousness. Resurrecting Atlantis."
P126_a-person_1,image,cut/out/thumbs/P126_a-person_1.webp,,06 RESURRECTING ATLANTIS,a person,archive · cut-outs,P126_a-person_1,"""a person"" — cut from P126. To follow comets to the capital city of our collective consciousness. Resurrecting Atlantis."
P126_a-person-in-mid-air_0,image,cut/out/thumbs/P126_a-person-in-mid-air_0.webp,,06 RESURRECTING ATLANTIS,a person in mid-air,archive · cut-outs,P126_a-person-in-mid-air_0,"""a person in mid-air"" — cut from P126. To follow comets to the capital city of our collective consciousness. Resurrecting Atlantis."
P126_a-window_0,image,cut/out/thumbs/P126_a-window_0.webp,,06 RESURRECTING ATLANTIS,a window,archive · cut-outs,P126_a-window_0,"""a window"" — cut from P126. To follow comets to the capital city of our collective consciousness. Resurrecting Atlantis."
P126_a-window_2,image,cut/out/thumbs/P126_a-window_2.webp,,06 RESURRECTING ATLANTIS,a window,archive · cut-outs,P126_a-window_2,"""a window"" — cut from P126. To follow comets to the capital city of our collective consciousness. Resurrecting Atlantis."
P126_a-window_3,image,cut/out/thumbs/P126_a-window_3.webp,,06 RESURRECTING ATLANTIS,a window,archive · cut-outs,P126_a-window_3,"""a window"" — cut from P126. To follow comets to the capital city of our collective consciousness. Resurrecting Atlantis."
P126_a-door_0,image,cut/out/thumbs/P126_a-door_0.webp,,06 RESURRECTING ATLANTIS,a door,archive · cut-outs,P126_a-door_0,"""a door"" — cut from P126. To follow comets to the capital city of our collective consciousness. Resurrecting Atlantis."
P126_a-door_1,image,cut/out/thumbs/P126_a-door_1.webp,,06 RESURRECTING ATLANTIS,a door,archive · cut-outs,P126_a-door_1,"""a door"" — cut from P126. To follow comets to the capital city of our collective consciousness. Resurrecting Atlantis."
P126_a-light_1,image,cut/out/thumbs/P126_a-light_1.webp,,06 RESURRECTING ATLANTIS,a light,archive · cut-outs,P126_a-light_1,"""a light"" — cut from P126. To follow comets to the capital city of our collective consciousness. Resurrecting Atlantis."
P126_a-light_2,image,cut/out/thumbs/P126_a-light_2.webp,,06 RESURRECTING ATLANTIS,a light,archive · cut-outs,P126_a-light_2,"""a light"" — cut from P126. To follow comets to the capital city of our collective consciousness. Resurrecting Atlantis."
P126_a-lamp_0,image,cut/out/thumbs/P126_a-lamp_0.webp,,06 RESURRECTING ATLANTIS,a lamp,archive · cut-outs,P126_a-lamp_0,"""a lamp"" — cut from P126. To follow comets to the capital city of our collective consciousness. Resurrecting Atlantis."
P126_a-wall_0,image,cut/out/thumbs/P126_a-wall_0.webp,,06 RESURRECTING ATLANTIS,a wall,archive · cut-outs,P126_a-wall_0,"""a wall"" — cut from P126. To follow comets to the capital city of our collective consciousness. Resurrecting Atlantis."
P126_a-wall_1,image,cut/out/thumbs/P126_a-wall_1.webp,,06 RESURRECTING ATLANTIS,a wall,archive · cut-outs,P126_a-wall_1,"""a wall"" — cut from P126. To follow comets to the capital city of our collective consciousness. Resurrecting Atlantis."
P126_a-wall_2,image,cut/out/thumbs/P126_a-wall_2.webp,,06 RESURRECTING ATLANTIS,a wall,archive · cut-outs,P126_a-wall_2,"""a wall"" — cut from P126. To follow comets to the capital city of our collective consciousness. Resurrecting Atlantis."
P126_the-sky_0,image,cut/out/thumbs/P126_the-sky_0.webp,,06 RESURRECTING ATLANTIS,the sky,archive · cut-outs,P126_the-sky_0,"""the sky"" — cut from P126. To follow comets to the capital city of our collective consciousness. Resurrecting Atlantis."
P126_water_0,image,cut/out/thumbs/P126_water_0.webp,,06 RESURRECTING ATLANTIS,water,archive · cut-outs,P126_water_0,"""water"" — cut from P126. To follow comets to the capital city of our collective consciousness. Resurrecting Atlantis."
P127_a-person_0,image,cut/out/thumbs/P127_a-person_0.webp,,06 RESURRECTING ATLANTIS,a person,archive · cut-outs,P127_a-person_0,"""a person"" — cut from P127. To follow comets to the capital city of our collective consciousness. Resurrecting Atlantis."
P127_a-person_1,image,cut/out/thumbs/P127_a-person_1.webp,,06 RESURRECTING ATLANTIS,a person,archive · cut-outs,P127_a-person_1,"""a person"" — cut from P127. To follow comets to the capital city of our collective consciousness. Resurrecting Atlantis."
P127_a-person-in-mid-air_0,image,cut/out/thumbs/P127_a-person-in-mid-air_0.webp,,06 RESURRECTING ATLANTIS,a person in mid-air,archive · cut-outs,P127_a-person-in-mid-air_0,"""a person in mid-air"" — cut from P127. To follow comets to the capital city of our collective consciousness. Resurrecting Atlantis."
P127_a-window_1,image,cut/out/thumbs/P127_a-window_1.webp,,06 RESURRECTING ATLANTIS,a window,archive · cut-outs,P127_a-window_1,"""a window"" — cut from P127. To follow comets to the capital city of our collective consciousness. Resurrecting Atlantis."
P127_a-window_3,image,cut/out/thumbs/P127_a-window_3.webp,,06 RESURRECTING ATLANTIS,a window,archive · cut-outs,P127_a-window_3,"""a window"" — cut from P127. To follow comets to the capital city of our collective consciousness. Resurrecting Atlantis."
P127_a-window_4,image,cut/out/thumbs/P127_a-window_4.webp,,06 RESURRECTING ATLANTIS,a window,archive · cut-outs,P127_a-window_4,"""a window"" — cut from P127. To follow comets to the capital city of our collective consciousness. Resurrecting Atlantis."
P127_a-window_6,image,cut/out/thumbs/P127_a-window_6.webp,,06 RESURRECTING ATLANTIS,a window,archive · cut-outs,P127_a-window_6,"""a window"" — cut from P127. To follow comets to the capital city of our collective consciousness. Resurrecting Atlantis."
P127_a-window_7,image,cut/out/thumbs/P127_a-window_7.webp,,06 RESURRECTING ATLANTIS,a window,archive · cut-outs,P127_a-window_7,"""a window"" — cut from P127. To follow comets to the capital city of our collective consciousness. Resurrecting Atlantis."
P127_a-window_9,image,cut/out/thumbs/P127_a-window_9.webp,,06 RESURRECTING ATLANTIS,a window,archive · cut-outs,P127_a-window_9,"""a window"" — cut from P127. To follow comets to the capital city of our collective consciousness. Resurrecting Atlantis."
P127_a-window_11,image,cut/out/thumbs/P127_a-window_11.webp,,06 RESURRECTING ATLANTIS,a window,archive · cut-outs,P127_a-window_11,"""a window"" — cut from P127. To follow comets to the capital city of our collective consciousness. Resurrecting Atlantis."
P127_a-window_13,image,cut/out/thumbs/P127_a-window_13.webp,,06 RESURRECTING ATLANTIS,a window,archive · cut-outs,P127_a-window_13,"""a window"" — cut from P127. To follow comets to the capital city of our collective consciousness. Resurrecting Atlantis."
P127_a-window_14,image,cut/out/thumbs/P127_a-window_14.webp,,06 RESURRECTING ATLANTIS,a window,archive · cut-outs,P127_a-window_14,"""a window"" — cut from P127. To follow comets to the capital city of our collective consciousness. Resurrecting Atlantis."
P127_a-door_0,image,cut/out/thumbs/P127_a-door_0.webp,,06 RESURRECTING ATLANTIS,a door,archive · cut-outs,P127_a-door_0,"""a door"" — cut from P127. To follow comets to the capital city of our collective consciousness. Resurrecting Atlantis."
P127_a-light_2,image,cut/out/thumbs/P127_a-light_2.webp,,06 RESURRECTING ATLANTIS,a light,archive · cut-outs,P127_a-light_2,"""a light"" — cut from P127. To follow comets to the capital city of our collective consciousness. Resurrecting Atlantis."
P127_a-light_5,image,cut/out/thumbs/P127_a-light_5.webp,,06 RESURRECTING ATLANTIS,a light,archive · cut-outs,P127_a-light_5,"""a light"" — cut from P127. To follow comets to the capital city of our collective consciousness. Resurrecting Atlantis."
P127_a-light_8,image,cut/out/thumbs/P127_a-light_8.webp,,06 RESURRECTING ATLANTIS,a light,archive · cut-outs,P127_a-light_8,"""a light"" — cut from P127. To follow comets to the capital city of our collective consciousness. Resurrecting Atlantis."
P127_a-light_9,image,cut/out/thumbs/P127_a-light_9.webp,,06 RESURRECTING ATLANTIS,a light,archive · cut-outs,P127_a-light_9,"""a light"" — cut from P127. To follow comets to the capital city of our collective consciousness. Resurrecting Atlantis."
P127_a-neon-sign_0,image,cut/out/thumbs/P127_a-neon-sign_0.webp,,06 RESURRECTING ATLANTIS,a neon sign,archive · cut-outs,P127_a-neon-sign_0,"""a neon sign"" — cut from P127. To follow comets to the capital city of our collective consciousness. Resurrecting Atlantis."
P127_a-neon-sign_1,image,cut/out/thumbs/P127_a-neon-sign_1.webp,,06 RESURRECTING ATLANTIS,a neon sign,archive · cut-outs,P127_a-neon-sign_1,"""a neon sign"" — cut from P127. To follow comets to the capital city of our collective consciousness. Resurrecting Atlantis."
P127_a-wall_0,image,cut/out/thumbs/P127_a-wall_0.webp,,06 RESURRECTING ATLANTIS,a wall,archive · cut-outs,P127_a-wall_0,"""a wall"" — cut from P127. To follow comets to the capital city of our collective consciousness. Resurrecting Atlantis."
P128_a-person_0,image,cut/out/thumbs/P128_a-person_0.webp,,06 RESURRECTING ATLANTIS,a person,archive · cut-outs,P128_a-person_0,"""a person"" — cut from P128. To follow comets to the capital city of our collective consciousness. Resurrecting Atlantis."
P128_a-person_1,image,cut/out/thumbs/P128_a-person_1.webp,,06 RESURRECTING ATLANTIS,a person,archive · cut-outs,P128_a-person_1,"""a person"" — cut from P128. To follow comets to the capital city of our collective consciousness. Resurrecting Atlantis."
P128_a-window_0,image,cut/out/thumbs/P128_a-window_0.webp,,06 RESURRECTING ATLANTIS,a window,archive · cut-outs,P128_a-window_0,"""a window"" — cut from P128. To follow comets to the capital city of our collective consciousness. Resurrecting Atlantis."
P128_a-window_1,image,cut/out/thumbs/P128_a-window_1.webp,,06 RESURRECTING ATLANTIS,a window,archive · cut-outs,P128_a-window_1,"""a window"" — cut from P128. To follow comets to the capital city of our collective consciousness. Resurrecting Atlantis."
P128_a-window_2,image,cut/out/thumbs/P128_a-window_2.webp,,06 RESURRECTING ATLANTIS,a window,archive · cut-outs,P128_a-window_2,"""a window"" — cut from P128. To follow comets to the capital city of our collective consciousness. Resurrecting Atlantis."
P128_a-window_3,image,cut/out/thumbs/P128_a-window_3.webp,,06 RESURRECTING ATLANTIS,a window,archive · cut-outs,P128_a-window_3,"""a window"" — cut from P128. To follow comets to the capital city of our collective consciousness. Resurrecting Atlantis."
P128_a-window_4,image,cut/out/thumbs/P128_a-window_4.webp,,06 RESURRECTING ATLANTIS,a window,archive · cut-outs,P128_a-window_4,"""a window"" — cut from P128. To follow comets to the capital city of our collective consciousness. Resurrecting Atlantis."
P128_a-window_5,image,cut/out/thumbs/P128_a-window_5.webp,,06 RESURRECTING ATLANTIS,a window,archive · cut-outs,P128_a-window_5,"""a window"" — cut from P128. To follow comets to the capital city of our collective consciousness. Resurrecting Atlantis."
P128_a-door_0,image,cut/out/thumbs/P128_a-door_0.webp,,06 RESURRECTING ATLANTIS,a door,archive · cut-outs,P128_a-door_0,"""a door"" — cut from P128. To follow comets to the capital city of our collective consciousness. Resurrecting Atlantis."
P128_a-light_3,image,cut/out/thumbs/P128_a-light_3.webp,,06 RESURRECTING ATLANTIS,a light,archive · cut-outs,P128_a-light_3,"""a light"" — cut from P128. To follow comets to the capital city of our collective consciousness. Resurrecting Atlantis."
P128_a-wall_0,image,cut/out/thumbs/P128_a-wall_0.webp,,06 RESURRECTING ATLANTIS,a wall,archive · cut-outs,P128_a-wall_0,"""a wall"" — cut from P128. To follow comets to the capital city of our collective consciousness. Resurrecting Atlantis."
P128_a-wall_1,image,cut/out/thumbs/P128_a-wall_1.webp,,06 RESURRECTING ATLANTIS,a wall,archive · cut-outs,P128_a-wall_1,"""a wall"" — cut from P128. To follow comets to the capital city of our collective consciousness. Resurrecting Atlantis."
P128_a-wall_2,image,cut/out/thumbs/P128_a-wall_2.webp,,06 RESURRECTING ATLANTIS,a wall,archive · cut-outs,P128_a-wall_2,"""a wall"" — cut from P128. To follow comets to the capital city of our collective consciousness. Resurrecting Atlantis."
P128_a-building_0,image,cut/out/thumbs/P128_a-building_0.webp,,06 RESURRECTING ATLANTIS,a building,archive · cut-outs,P128_a-building_0,"""a building"" — cut from P128. To follow comets to the capital city of our collective consciousness. Resurrecting Atlantis."
P128_the-sky_0,image,cut/out/thumbs/P128_the-sky_0.webp,,06 RESURRECTING ATLANTIS,the sky,archive · cut-outs,P128_the-sky_0,"""the sky"" — cut from P128. To follow comets to the capital city of our collective consciousness. Resurrecting Atlantis."
P129_a-person_0,image,cut/out/thumbs/P129_a-person_0.webp,,06 RESURRECTING ATLANTIS,a person,archive · cut-outs,P129_a-person_0,"""a person"" — cut from P129. To follow comets to the capital city of our collective consciousness. Resurrecting Atlantis."
P129_a-person_1,image,cut/out/thumbs/P129_a-person_1.webp,,06 RESURRECTING ATLANTIS,a person,archive · cut-outs,P129_a-person_1,"""a person"" — cut from P129. To follow comets to the capital city of our collective consciousness. Resurrecting Atlantis."
P129_a-human-face_0,image,cut/out/thumbs/P129_a-human-face_0.webp,,06 RESURRECTING ATLANTIS,a human face,archive · cut-outs,P129_a-human-face_0,"""a human face"" — cut from P129. To follow comets to the capital city of our collective consciousness. Resurrecting Atlantis."
P129_a-human-face_1,image,cut/out/thumbs/P129_a-human-face_1.webp,,06 RESURRECTING ATLANTIS,a human face,archive · cut-outs,P129_a-human-face_1,"""a human face"" — cut from P129. To follow comets to the capital city of our collective consciousness. Resurrecting Atlantis."
P129_a-person-in-mid-air_0,image,cut/out/thumbs/P129_a-person-in-mid-air_0.webp,,06 RESURRECTING ATLANTIS,a person in mid-air,archive · cut-outs,P129_a-person-in-mid-air_0,"""a person in mid-air"" — cut from P129. To follow comets to the capital city of our collective consciousness. Resurrecting Atlantis."
P129_a-window_0,image,cut/out/thumbs/P129_a-window_0.webp,,06 RESURRECTING ATLANTIS,a window,archive · cut-outs,P129_a-window_0,"""a window"" — cut from P129. To follow comets to the capital city of our collective consciousness. Resurrecting Atlantis."
P129_a-light_0,image,cut/out/thumbs/P129_a-light_0.webp,,06 RESURRECTING ATLANTIS,a light,archive · cut-outs,P129_a-light_0,"""a light"" — cut from P129. To follow comets to the capital city of our collective consciousness. Resurrecting Atlantis."
P129_a-light_1,image,cut/out/thumbs/P129_a-light_1.webp,,06 RESURRECTING ATLANTIS,a light,archive · cut-outs,P129_a-light_1,"""a light"" — cut from P129. To follow comets to the capital city of our collective consciousness. Resurrecting Atlantis."
P129_a-light_2,image,cut/out/thumbs/P129_a-light_2.webp,,06 RESURRECTING ATLANTIS,a light,archive · cut-outs,P129_a-light_2,"""a light"" — cut from P129. To follow comets to the capital city of our collective consciousness. Resurrecting Atlantis."
P129_a-light_3,image,cut/out/thumbs/P129_a-light_3.webp,,06 RESURRECTING ATLANTIS,a light,archive · cut-outs,P129_a-light_3,"""a light"" — cut from P129. To follow comets to the capital city of our collective consciousness. Resurrecting Atlantis."
P129_a-light_7,image,cut/out/thumbs/P129_a-light_7.webp,,06 RESURRECTING ATLANTIS,a light,archive · cut-outs,P129_a-light_7,"""a light"" — cut from P129. To follow comets to the capital city of our collective consciousness. Resurrecting Atlantis."
P129_a-light_9,image,cut/out/thumbs/P129_a-light_9.webp,,06 RESURRECTING ATLANTIS,a light,archive · cut-outs,P129_a-light_9,"""a light"" — cut from P129. To follow comets to the capital city of our collective consciousness. Resurrecting Atlantis."
P129_a-light_11,image,cut/out/thumbs/P129_a-light_11.webp,,06 RESURRECTING ATLANTIS,a light,archive · cut-outs,P129_a-light_11,"""a light"" — cut from P129. To follow comets to the capital city of our collective consciousness. Resurrecting Atlantis."
P129_a-light_12,image,cut/out/thumbs/P129_a-light_12.webp,,06 RESURRECTING ATLANTIS,a light,archive · cut-outs,P129_a-light_12,"""a light"" — cut from P129. To follow comets to the capital city of our collective consciousness. Resurrecting Atlantis."
P129_a-light_13,image,cut/out/thumbs/P129_a-light_13.webp,,06 RESURRECTING ATLANTIS,a light,archive · cut-outs,P129_a-light_13,"""a light"" — cut from P129. To follow comets to the capital city of our collective consciousness. Resurrecting Atlantis."
P129_a-light_16,image,cut/out/thumbs/P129_a-light_16.webp,,06 RESURRECTING ATLANTIS,a light,archive · cut-outs,P129_a-light_16,"""a light"" — cut from P129. To follow comets to the capital city of our collective consciousness. Resurrecting Atlantis."
P129_a-light_17,image,cut/out/thumbs/P129_a-light_17.webp,,06 RESURRECTING ATLANTIS,a light,archive · cut-outs,P129_a-light_17,"""a light"" — cut from P129. To follow comets to the capital city of our collective consciousness. Resurrecting Atlantis."
P129_a-light_18,image,cut/out/thumbs/P129_a-light_18.webp,,06 RESURRECTING ATLANTIS,a light,archive · cut-outs,P129_a-light_18,"""a light"" — cut from P129. To follow comets to the capital city of our collective consciousness. Resurrecting Atlantis."
P129_a-light_19,image,cut/out/thumbs/P129_a-light_19.webp,,06 RESURRECTING ATLANTIS,a light,archive · cut-outs,P129_a-light_19,"""a light"" — cut from P129. To follow comets to the capital city of our collective consciousness. Resurrecting Atlantis."
P129_a-light_20,image,cut/out/thumbs/P129_a-light_20.webp,,06 RESURRECTING ATLANTIS,a light,archive · cut-outs,P129_a-light_20,"""a light"" — cut from P129. To follow comets to the capital city of our collective consciousness. Resurrecting Atlantis."
P129_a-light_21,image,cut/out/thumbs/P129_a-light_21.webp,,06 RESURRECTING ATLANTIS,a light,archive · cut-outs,P129_a-light_21,"""a light"" — cut from P129. To follow comets to the capital city of our collective consciousness. Resurrecting Atlantis."
P129_a-light_23,image,cut/out/thumbs/P129_a-light_23.webp,,06 RESURRECTING ATLANTIS,a light,archive · cut-outs,P129_a-light_23,"""a light"" — cut from P129. To follow comets to the capital city of our collective consciousness. Resurrecting Atlantis."
P129_a-light_25,image,cut/out/thumbs/P129_a-light_25.webp,,06 RESURRECTING ATLANTIS,a light,archive · cut-outs,P129_a-light_25,"""a light"" — cut from P129. To follow comets to the capital city of our collective consciousness. Resurrecting Atlantis."
P129_a-light_27,image,cut/out/thumbs/P129_a-light_27.webp,,06 RESURRECTING ATLANTIS,a light,archive · cut-outs,P129_a-light_27,"""a light"" — cut from P129. To follow comets to the capital city of our collective consciousness. Resurrecting Atlantis."
P129_a-light_28,image,cut/out/thumbs/P129_a-light_28.webp,,06 RESURRECTING ATLANTIS,a light,archive · cut-outs,P129_a-light_28,"""a light"" — cut from P129. To follow comets to the capital city of our collective consciousness. Resurrecting Atlantis."
P129_a-light_31,image,cut/out/thumbs/P129_a-light_31.webp,,06 RESURRECTING ATLANTIS,a light,archive · cut-outs,P129_a-light_31,"""a light"" — cut from P129. To follow comets to the capital city of our collective consciousness. Resurrecting Atlantis."
P129_a-light_32,image,cut/out/thumbs/P129_a-light_32.webp,,06 RESURRECTING ATLANTIS,a light,archive · cut-outs,P129_a-light_32,"""a light"" — cut from P129. To follow comets to the capital city of our collective consciousness. Resurrecting Atlantis."
P129_a-road_0,image,cut/out/thumbs/P129_a-road_0.webp,,06 RESURRECTING ATLANTIS,a road,archive · cut-outs,P129_a-road_0,"""a road"" — cut from P129. To follow comets to the capital city of our collective consciousness. Resurrecting Atlantis."
P129_the-sky_0,image,cut/out/thumbs/P129_the-sky_0.webp,,06 RESURRECTING ATLANTIS,the sky,archive · cut-outs,P129_the-sky_0,"""the sky"" — cut from P129. To follow comets to the capital city of our collective consciousness. Resurrecting Atlantis."
P130_a-person_0,image,cut/out/thumbs/P130_a-person_0.webp,,06 RESURRECTING ATLANTIS,a person,archive · cut-outs,P130_a-person_0,"""a person"" — cut from P130. To follow comets to the capital city of our collective consciousness. Resurrecting Atlantis."
P130_a-person_1,image,cut/out/thumbs/P130_a-person_1.webp,,06 RESURRECTING ATLANTIS,a person,archive · cut-outs,P130_a-person_1,"""a person"" — cut from P130. To follow comets to the capital city of our collective consciousness. Resurrecting Atlantis."
P130_a-human-face_0,image,cut/out/thumbs/P130_a-human-face_0.webp,,06 RESURRECTING ATLANTIS,a human face,archive · cut-outs,P130_a-human-face_0,"""a human face"" — cut from P130. To follow comets to the capital city of our collective consciousness. Resurrecting Atlantis."
P130_a-human-face_1,image,cut/out/thumbs/P130_a-human-face_1.webp,,06 RESURRECTING ATLANTIS,a human face,archive · cut-outs,P130_a-human-face_1,"""a human face"" — cut from P130. To follow comets to the capital city of our collective consciousness. Resurrecting Atlantis."
P130_a-hand_0,image,cut/out/thumbs/P130_a-hand_0.webp,,06 RESURRECTING ATLANTIS,a hand,archive · cut-outs,P130_a-hand_0,"""a hand"" — cut from P130. To follow comets to the capital city of our collective consciousness. Resurrecting Atlantis."
P130_a-light_1,image,cut/out/thumbs/P130_a-light_1.webp,,06 RESURRECTING ATLANTIS,a light,archive · cut-outs,P130_a-light_1,"""a light"" — cut from P130. To follow comets to the capital city of our collective consciousness. Resurrecting Atlantis."
P130_a-light_4,image,cut/out/thumbs/P130_a-light_4.webp,,06 RESURRECTING ATLANTIS,a light,archive · cut-outs,P130_a-light_4,"""a light"" — cut from P130. To follow comets to the capital city of our collective consciousness. Resurrecting Atlantis."
P130_a-light_8,image,cut/out/thumbs/P130_a-light_8.webp,,06 RESURRECTING ATLANTIS,a light,archive · cut-outs,P130_a-light_8,"""a light"" — cut from P130. To follow comets to the capital city of our collective consciousness. Resurrecting Atlantis."
P130_a-light_13,image,cut/out/thumbs/P130_a-light_13.webp,,06 RESURRECTING ATLANTIS,a light,archive · cut-outs,P130_a-light_13,"""a light"" — cut from P130. To follow comets to the capital city of our collective consciousness. Resurrecting Atlantis."
P130_a-light_14,image,cut/out/thumbs/P130_a-light_14.webp,,06 RESURRECTING ATLANTIS,a light,archive · cut-outs,P130_a-light_14,"""a light"" — cut from P130. To follow comets to the capital city of our collective consciousness. Resurrecting Atlantis."
P130_a-light_15,image,cut/out/thumbs/P130_a-light_15.webp,,06 RESURRECTING ATLANTIS,a light,archive · cut-outs,P130_a-light_15,"""a light"" — cut from P130. To follow comets to the capital city of our collective consciousness. Resurrecting Atlantis."
P130_a-light_16,image,cut/out/thumbs/P130_a-light_16.webp,,06 RESURRECTING ATLANTIS,a light,archive · cut-outs,P130_a-light_16,"""a light"" — cut from P130. To follow comets to the capital city of our collective consciousness. Resurrecting Atlantis."
P130_a-light_17,image,cut/out/thumbs/P130_a-light_17.webp,,06 RESURRECTING ATLANTIS,a light,archive · cut-outs,P130_a-light_17,"""a light"" — cut from P130. To follow comets to the capital city of our collective consciousness. Resurrecting Atlantis."
P130_a-light_19,image,cut/out/thumbs/P130_a-light_19.webp,,06 RESURRECTING ATLANTIS,a light,archive · cut-outs,P130_a-light_19,"""a light"" — cut from P130. To follow comets to the capital city of our collective consciousness. Resurrecting Atlantis."
P130_a-light_21,image,cut/out/thumbs/P130_a-light_21.webp,,06 RESURRECTING ATLANTIS,a light,archive · cut-outs,P130_a-light_21,"""a light"" — cut from P130. To follow comets to the capital city of our collective consciousness. Resurrecting Atlantis."
P130_a-light_22,image,cut/out/thumbs/P130_a-light_22.webp,,06 RESURRECTING ATLANTIS,a light,archive · cut-outs,P130_a-light_22,"""a light"" — cut from P130. To follow comets to the capital city of our collective consciousness. Resurrecting Atlantis."
P130_a-light_23,image,cut/out/thumbs/P130_a-light_23.webp,,06 RESURRECTING ATLANTIS,a light,archive · cut-outs,P130_a-light_23,"""a light"" — cut from P130. To follow comets to the capital city of our collective consciousness. Resurrecting Atlantis."
P130_a-light_24,image,cut/out/thumbs/P130_a-light_24.webp,,06 RESURRECTING ATLANTIS,a light,archive · cut-outs,P130_a-light_24,"""a light"" — cut from P130. To follow comets to the capital city of our collective consciousness. Resurrecting Atlantis."
P130_a-light_25,image,cut/out/thumbs/P130_a-light_25.webp,,06 RESURRECTING ATLANTIS,a light,archive · cut-outs,P130_a-light_25,"""a light"" — cut from P130. To follow comets to the capital city of our collective consciousness. Resurrecting Atlantis."
P130_a-light_26,image,cut/out/thumbs/P130_a-light_26.webp,,06 RESURRECTING ATLANTIS,a light,archive · cut-outs,P130_a-light_26,"""a light"" — cut from P130. To follow comets to the capital city of our collective consciousness. Resurrecting Atlantis."
P130_a-light_29,image,cut/out/thumbs/P130_a-light_29.webp,,06 RESURRECTING ATLANTIS,a light,archive · cut-outs,P130_a-light_29,"""a light"" — cut from P130. To follow comets to the capital city of our collective consciousness. Resurrecting Atlantis."
P130_a-light_31,image,cut/out/thumbs/P130_a-light_31.webp,,06 RESURRECTING ATLANTIS,a light,archive · cut-outs,P130_a-light_31,"""a light"" — cut from P130. To follow comets to the capital city of our collective consciousness. Resurrecting Atlantis."
P130_a-light_32,image,cut/out/thumbs/P130_a-light_32.webp,,06 RESURRECTING ATLANTIS,a light,archive · cut-outs,P130_a-light_32,"""a light"" — cut from P130. To follow comets to the capital city of our collective consciousness. Resurrecting Atlantis."
P130_a-light_34,image,cut/out/thumbs/P130_a-light_34.webp,,06 RESURRECTING ATLANTIS,a light,archive · cut-outs,P130_a-light_34,"""a light"" — cut from P130. To follow comets to the capital city of our collective consciousness. Resurrecting Atlantis."
P130_a-light_36,image,cut/out/thumbs/P130_a-light_36.webp,,06 RESURRECTING ATLANTIS,a light,archive · cut-outs,P130_a-light_36,"""a light"" — cut from P130. To follow comets to the capital city of our collective consciousness. Resurrecting Atlantis."
P130_a-light_38,image,cut/out/thumbs/P130_a-light_38.webp,,06 RESURRECTING ATLANTIS,a light,archive · cut-outs,P130_a-light_38,"""a light"" — cut from P130. To follow comets to the capital city of our collective consciousness. Resurrecting Atlantis."
P130_a-light_40,image,cut/out/thumbs/P130_a-light_40.webp,,06 RESURRECTING ATLANTIS,a light,archive · cut-outs,P130_a-light_40,"""a light"" — cut from P130. To follow comets to the capital city of our collective consciousness. Resurrecting Atlantis."
P130_a-light_41,image,cut/out/thumbs/P130_a-light_41.webp,,06 RESURRECTING ATLANTIS,a light,archive · cut-outs,P130_a-light_41,"""a light"" — cut from P130. To follow comets to the capital city of our collective consciousness. Resurrecting Atlantis."
P130_a-light_42,image,cut/out/thumbs/P130_a-light_42.webp,,06 RESURRECTING ATLANTIS,a light,archive · cut-outs,P130_a-light_42,"""a light"" — cut from P130. To follow comets to the capital city of our collective consciousness. Resurrecting Atlantis."
P130_a-light_43,image,cut/out/thumbs/P130_a-light_43.webp,,06 RESURRECTING ATLANTIS,a light,archive · cut-outs,P130_a-light_43,"""a light"" — cut from P130. To follow comets to the capital city of our collective consciousness. Resurrecting Atlantis."
P130_a-light_44,image,cut/out/thumbs/P130_a-light_44.webp,,06 RESURRECTING ATLANTIS,a light,archive · cut-outs,P130_a-light_44,"""a light"" — cut from P130. To follow comets to the capital city of our collective consciousness. Resurrecting Atlantis."
P130_a-light_45,image,cut/out/thumbs/P130_a-light_45.webp,,06 RESURRECTING ATLANTIS,a light,archive · cut-outs,P130_a-light_45,"""a light"" — cut from P130. To follow comets to the capital city of our collective consciousness. Resurrecting Atlantis."
P130_a-light_46,image,cut/out/thumbs/P130_a-light_46.webp,,06 RESURRECTING ATLANTIS,a light,archive · cut-outs,P130_a-light_46,"""a light"" — cut from P130. To follow comets to the capital city of our collective consciousness. Resurrecting Atlantis."
P130_a-road_0,image,cut/out/thumbs/P130_a-road_0.webp,,06 RESURRECTING ATLANTIS,a road,archive · cut-outs,P130_a-road_0,"""a road"" — cut from P130. To follow comets to the capital city of our collective consciousness. Resurrecting Atlantis."
P130_the-sky_0,image,cut/out/thumbs/P130_the-sky_0.webp,,06 RESURRECTING ATLANTIS,the sky,archive · cut-outs,P130_the-sky_0,"""the sky"" — cut from P130. To follow comets to the capital city of our collective consciousness. Resurrecting Atlantis."
P131_a-building_1,image,cut/out/thumbs/P131_a-building_1.webp,,06 RESURRECTING ATLANTIS,a building,archive · cut-outs,P131_a-building_1,"""a building"" — cut from P131. To follow comets to the capital city of our collective consciousness. Resurrecting Atlantis."
P131_a-building_2,image,cut/out/thumbs/P131_a-building_2.webp,,06 RESURRECTING ATLANTIS,a building,archive · cut-outs,P131_a-building_2,"""a building"" — cut from P131. To follow comets to the capital city of our collective consciousness. Resurrecting Atlantis."
P131_a-building_3,image,cut/out/thumbs/P131_a-building_3.webp,,06 RESURRECTING ATLANTIS,a building,archive · cut-outs,P131_a-building_3,"""a building"" — cut from P131. To follow comets to the capital city of our collective consciousness. Resurrecting Atlantis."
P131_a-building_4,image,cut/out/thumbs/P131_a-building_4.webp,,06 RESURRECTING ATLANTIS,a building,archive · cut-outs,P131_a-building_4,"""a building"" — cut from P131. To follow comets to the capital city of our collective consciousness. Resurrecting Atlantis."
P131_a-building_5,image,cut/out/thumbs/P131_a-building_5.webp,,06 RESURRECTING ATLANTIS,a building,archive · cut-outs,P131_a-building_5,"""a building"" — cut from P131. To follow comets to the capital city of our collective consciousness. Resurrecting Atlantis."
P131_a-building_6,image,cut/out/thumbs/P131_a-building_6.webp,,06 RESURRECTING ATLANTIS,a building,archive · cut-outs,P131_a-building_6,"""a building"" — cut from P131. To follow comets to the capital city of our collective consciousness. Resurrecting Atlantis."
P131_a-building_7,image,cut/out/thumbs/P131_a-building_7.webp,,06 RESURRECTING ATLANTIS,a building,archive · cut-outs,P131_a-building_7,"""a building"" — cut from P131. To follow comets to the capital city of our collective consciousness. Resurrecting Atlantis."
P131_a-building_8,image,cut/out/thumbs/P131_a-building_8.webp,,06 RESURRECTING ATLANTIS,a building,archive · cut-outs,P131_a-building_8,"""a building"" — cut from P131. To follow comets to the capital city of our collective consciousness. Resurrecting Atlantis."
P131_a-building_9,image,cut/out/thumbs/P131_a-building_9.webp,,06 RESURRECTING ATLANTIS,a building,archive · cut-outs,P131_a-building_9,"""a building"" — cut from P131. To follow comets to the capital city of our collective consciousness. Resurrecting Atlantis."
P131_a-building_10,image,cut/out/thumbs/P131_a-building_10.webp,,06 RESURRECTING ATLANTIS,a building,archive · cut-outs,P131_a-building_10,"""a building"" — cut from P131. To follow comets to the capital city of our collective consciousness. Resurrecting Atlantis."
P131_a-building_11,image,cut/out/thumbs/P131_a-building_11.webp,,06 RESURRECTING ATLANTIS,a building,archive · cut-outs,P131_a-building_11,"""a building"" — cut from P131. To follow comets to the capital city of our collective consciousness. Resurrecting Atlantis."
P131_a-building_12,image,cut/out/thumbs/P131_a-building_12.webp,,06 RESURRECTING ATLANTIS,a building,archive · cut-outs,P131_a-building_12,"""a building"" — cut from P131. To follow comets to the capital city of our collective consciousness. Resurrecting Atlantis."
P131_a-building_13,image,cut/out/thumbs/P131_a-building_13.webp,,06 RESURRECTING ATLANTIS,a building,archive · cut-outs,P131_a-building_13,"""a building"" — cut from P131. To follow comets to the capital city of our collective consciousness. Resurrecting Atlantis."
P131_a-building_14,image,cut/out/thumbs/P131_a-building_14.webp,,06 RESURRECTING ATLANTIS,a building,archive · cut-outs,P131_a-building_14,"""a building"" — cut from P131. To follow comets to the capital city of our collective consciousness. Resurrecting Atlantis."
P131_a-building_15,image,cut/out/thumbs/P131_a-building_15.webp,,06 RESURRECTING ATLANTIS,a building,archive · cut-outs,P131_a-building_15,"""a building"" — cut from P131. To follow comets to the capital city of our collective consciousness. Resurrecting Atlantis."
P131_a-building_16,image,cut/out/thumbs/P131_a-building_16.webp,,06 RESURRECTING ATLANTIS,a building,archive · cut-outs,P131_a-building_16,"""a building"" — cut from P131. To follow comets to the capital city of our collective consciousness. Resurrecting Atlantis."
P131_a-building_17,image,cut/out/thumbs/P131_a-building_17.webp,,06 RESURRECTING ATLANTIS,a building,archive · cut-outs,P131_a-building_17,"""a building"" — cut from P131. To follow comets to the capital city of our collective consciousness. Resurrecting Atlantis."
P131_a-building_18,image,cut/out/thumbs/P131_a-building_18.webp,,06 RESURRECTING ATLANTIS,a building,archive · cut-outs,P131_a-building_18,"""a building"" — cut from P131. To follow comets to the capital city of our collective consciousness. Resurrecting Atlantis."
P131_a-building_19,image,cut/out/thumbs/P131_a-building_19.webp,,06 RESURRECTING ATLANTIS,a building,archive · cut-outs,P131_a-building_19,"""a building"" — cut from P131. To follow comets to the capital city of our collective consciousness. Resurrecting Atlantis."
P131_a-building_20,image,cut/out/thumbs/P131_a-building_20.webp,,06 RESURRECTING ATLANTIS,a building,archive · cut-outs,P131_a-building_20,"""a building"" — cut from P131. To follow comets to the capital city of our collective consciousness. Resurrecting Atlantis."
P131_a-building_21,image,cut/out/thumbs/P131_a-building_21.webp,,06 RESURRECTING ATLANTIS,a building,archive · cut-outs,P131_a-building_21,"""a building"" — cut from P131. To follow comets to the capital city of our collective consciousness. Resurrecting Atlantis."
P131_a-building_22,image,cut/out/thumbs/P131_a-building_22.webp,,06 RESURRECTING ATLANTIS,a building,archive · cut-outs,P131_a-building_22,"""a building"" — cut from P131. To follow comets to the capital city of our collective consciousness. Resurrecting Atlantis."
P131_a-building_23,image,cut/out/thumbs/P131_a-building_23.webp,,06 RESURRECTING ATLANTIS,a building,archive · cut-outs,P131_a-building_23,"""a building"" — cut from P131. To follow comets to the capital city of our collective consciousness. Resurrecting Atlantis."
P131_a-building_24,image,cut/out/thumbs/P131_a-building_24.webp,,06 RESURRECTING ATLANTIS,a building,archive · cut-outs,P131_a-building_24,"""a building"" — cut from P131. To follow comets to the capital city of our collective consciousness. Resurrecting Atlantis."
P131_a-building_26,image,cut/out/thumbs/P131_a-building_26.webp,,06 RESURRECTING ATLANTIS,a building,archive · cut-outs,P131_a-building_26,"""a building"" — cut from P131. To follow comets to the capital city of our collective consciousness. Resurrecting Atlantis."
P131_the-sky_0,image,cut/out/thumbs/P131_the-sky_0.webp,,06 RESURRECTING ATLANTIS,the sky,archive · cut-outs,P131_the-sky_0,"""the sky"" — cut from P131. To follow comets to the capital city of our collective consciousness. Resurrecting Atlantis."
P131_water_0,image,cut/out/thumbs/P131_water_0.webp,,06 RESURRECTING ATLANTIS,water,archive · cut-outs,P131_water_0,"""water"" — cut from P131. To follow comets to the capital city of our collective consciousness. Resurrecting Atlantis."
P132_a-person_0,image,cut/out/thumbs/P132_a-person_0.webp,,03 HOW TO BREAK OFF AN ENGAGEMENT,a person,archive · cut-outs,P132_a-person_0,"""a person"" — cut from P132. A broken promise. Glistening red fluid submersion and shorelines of release."
P132_a-human-face_0,image,cut/out/thumbs/P132_a-human-face_0.webp,,03 HOW TO BREAK OFF AN ENGAGEMENT,a human face,archive · cut-outs,P132_a-human-face_0,"""a human face"" — cut from P132. A broken promise. Glistening red fluid submersion and shorelines of release."
P132_a-person-in-mid-air_0,image,cut/out/thumbs/P132_a-person-in-mid-air_0.webp,,03 HOW TO BREAK OFF AN ENGAGEMENT,a person in mid-air,archive · cut-outs,P132_a-person-in-mid-air_0,"""a person in mid-air"" — cut from P132. A broken promise. Glistening red fluid submersion and shorelines of release."
P132_a-light_0,image,cut/out/thumbs/P132_a-light_0.webp,,03 HOW TO BREAK OFF AN ENGAGEMENT,a light,archive · cut-outs,P132_a-light_0,"""a light"" — cut from P132. A broken promise. Glistening red fluid submersion and shorelines of release."
P132_the-sky_0,image,cut/out/thumbs/P132_the-sky_0.webp,,03 HOW TO BREAK OFF AN ENGAGEMENT,the sky,archive · cut-outs,P132_the-sky_0,"""the sky"" — cut from P132. A broken promise. Glistening red fluid submersion and shorelines of release."
P132_water_0,image,cut/out/thumbs/P132_water_0.webp,,03 HOW TO BREAK OFF AN ENGAGEMENT,water,archive · cut-outs,P132_water_0,"""water"" — cut from P132. A broken promise. Glistening red fluid submersion and shorelines of release."
P132_water_1,image,cut/out/thumbs/P132_water_1.webp,,03 HOW TO BREAK OFF AN ENGAGEMENT,water,archive · cut-outs,P132_water_1,"""water"" — cut from P132. A broken promise. Glistening red fluid submersion and shorelines of release."
P133_a-person_0,image,cut/out/thumbs/P133_a-person_0.webp,,06 RESURRECTING ATLANTIS,a person,archive · cut-outs,P133_a-person_0,"""a person"" — cut from P133. To follow comets to the capital city of our collective consciousness. Resurrecting Atlantis."
P133_a-person_1,image,cut/out/thumbs/P133_a-person_1.webp,,06 RESURRECTING ATLANTIS,a person,archive · cut-outs,P133_a-person_1,"""a person"" — cut from P133. To follow comets to the capital city of our collective consciousness. Resurrecting Atlantis."
P133_a-person_2,image,cut/out/thumbs/P133_a-person_2.webp,,06 RESURRECTING ATLANTIS,a person,archive · cut-outs,P133_a-person_2,"""a person"" — cut from P133. To follow comets to the capital city of our collective consciousness. Resurrecting Atlantis."
P133_a-human-face_0,image,cut/out/thumbs/P133_a-human-face_0.webp,,06 RESURRECTING ATLANTIS,a human face,archive · cut-outs,P133_a-human-face_0,"""a human face"" — cut from P133. To follow comets to the capital city of our collective consciousness. Resurrecting Atlantis."
P133_a-human-face_1,image,cut/out/thumbs/P133_a-human-face_1.webp,,06 RESURRECTING ATLANTIS,a human face,archive · cut-outs,P133_a-human-face_1,"""a human face"" — cut from P133. To follow comets to the capital city of our collective consciousness. Resurrecting Atlantis."
P133_a-human-face_2,image,cut/out/thumbs/P133_a-human-face_2.webp,,06 RESURRECTING ATLANTIS,a human face,archive · cut-outs,P133_a-human-face_2,"""a human face"" — cut from P133. To follow comets to the capital city of our collective consciousness. Resurrecting Atlantis."
P133_a-wall_0,image,cut/out/thumbs/P133_a-wall_0.webp,,06 RESURRECTING ATLANTIS,a wall,archive · cut-outs,P133_a-wall_0,"""a wall"" — cut from P133. To follow comets to the capital city of our collective consciousness. Resurrecting Atlantis."
P134_a-person_0,image,cut/out/thumbs/P134_a-person_0.webp,,06 RESURRECTING ATLANTIS,a person,archive · cut-outs,P134_a-person_0,"""a person"" — cut from P134. To follow comets to the capital city of our collective consciousness. Resurrecting Atlantis."
P134_a-human-face_0,image,cut/out/thumbs/P134_a-human-face_0.webp,,06 RESURRECTING ATLANTIS,a human face,archive · cut-outs,P134_a-human-face_0,"""a human face"" — cut from P134. To follow comets to the capital city of our collective consciousness. Resurrecting Atlantis."
P134_a-person-in-mid-air_0,image,cut/out/thumbs/P134_a-person-in-mid-air_0.webp,,06 RESURRECTING ATLANTIS,a person in mid-air,archive · cut-outs,P134_a-person-in-mid-air_0,"""a person in mid-air"" — cut from P134. To follow comets to the capital city of our collective consciousness. Resurrecting Atlantis."
P134_a-light_0,image,cut/out/thumbs/P134_a-light_0.webp,,06 RESURRECTING ATLANTIS,a light,archive · cut-outs,P134_a-light_0,"""a light"" — cut from P134. To follow comets to the capital city of our collective consciousness. Resurrecting Atlantis."
P134_a-light_1,image,cut/out/thumbs/P134_a-light_1.webp,,06 RESURRECTING ATLANTIS,a light,archive · cut-outs,P134_a-light_1,"""a light"" — cut from P134. To follow comets to the capital city of our collective consciousness. Resurrecting Atlantis."
P134_a-light_2,image,cut/out/thumbs/P134_a-light_2.webp,,06 RESURRECTING ATLANTIS,a light,archive · cut-outs,P134_a-light_2,"""a light"" — cut from P134. To follow comets to the capital city of our collective consciousness. Resurrecting Atlantis."
P134_a-light_3,image,cut/out/thumbs/P134_a-light_3.webp,,06 RESURRECTING ATLANTIS,a light,archive · cut-outs,P134_a-light_3,"""a light"" — cut from P134. To follow comets to the capital city of our collective consciousness. Resurrecting Atlantis."
P134_a-light_4,image,cut/out/thumbs/P134_a-light_4.webp,,06 RESURRECTING ATLANTIS,a light,archive · cut-outs,P134_a-light_4,"""a light"" — cut from P134. To follow comets to the capital city of our collective consciousness. Resurrecting Atlantis."
P134_a-light_6,image,cut/out/thumbs/P134_a-light_6.webp,,06 RESURRECTING ATLANTIS,a light,archive · cut-outs,P134_a-light_6,"""a light"" — cut from P134. To follow comets to the capital city of our collective consciousness. Resurrecting Atlantis."
P134_a-light_7,image,cut/out/thumbs/P134_a-light_7.webp,,06 RESURRECTING ATLANTIS,a light,archive · cut-outs,P134_a-light_7,"""a light"" — cut from P134. To follow comets to the capital city of our collective consciousness. Resurrecting Atlantis."
P134_a-light_8,image,cut/out/thumbs/P134_a-light_8.webp,,06 RESURRECTING ATLANTIS,a light,archive · cut-outs,P134_a-light_8,"""a light"" — cut from P134. To follow comets to the capital city of our collective consciousness. Resurrecting Atlantis."
P134_a-light_9,image,cut/out/thumbs/P134_a-light_9.webp,,06 RESURRECTING ATLANTIS,a light,archive · cut-outs,P134_a-light_9,"""a light"" — cut from P134. To follow comets to the capital city of our collective consciousness. Resurrecting Atlantis."
P134_a-light_10,image,cut/out/thumbs/P134_a-light_10.webp,,06 RESURRECTING ATLANTIS,a light,archive · cut-outs,P134_a-light_10,"""a light"" — cut from P134. To follow comets to the capital city of our collective consciousness. Resurrecting Atlantis."
P134_a-light_11,image,cut/out/thumbs/P134_a-light_11.webp,,06 RESURRECTING ATLANTIS,a light,archive · cut-outs,P134_a-light_11,"""a light"" — cut from P134. To follow comets to the capital city of our collective consciousness. Resurrecting Atlantis."
P134_a-light_12,image,cut/out/thumbs/P134_a-light_12.webp,,06 RESURRECTING ATLANTIS,a light,archive · cut-outs,P134_a-light_12,"""a light"" — cut from P134. To follow comets to the capital city of our collective consciousness. Resurrecting Atlantis."
P134_a-light_14,image,cut/out/thumbs/P134_a-light_14.webp,,06 RESURRECTING ATLANTIS,a light,archive · cut-outs,P134_a-light_14,"""a light"" — cut from P134. To follow comets to the capital city of our collective consciousness. Resurrecting Atlantis."
P134_a-light_15,image,cut/out/thumbs/P134_a-light_15.webp,,06 RESURRECTING ATLANTIS,a light,archive · cut-outs,P134_a-light_15,"""a light"" — cut from P134. To follow comets to the capital city of our collective consciousness. Resurrecting Atlantis."
P134_a-light_16,image,cut/out/thumbs/P134_a-light_16.webp,,06 RESURRECTING ATLANTIS,a light,archive · cut-outs,P134_a-light_16,"""a light"" — cut from P134. To follow comets to the capital city of our collective consciousness. Resurrecting Atlantis."
P134_a-light_17,image,cut/out/thumbs/P134_a-light_17.webp,,06 RESURRECTING ATLANTIS,a light,archive · cut-outs,P134_a-light_17,"""a light"" — cut from P134. To follow comets to the capital city of our collective consciousness. Resurrecting Atlantis."
P134_a-light_20,image,cut/out/thumbs/P134_a-light_20.webp,,06 RESURRECTING ATLANTIS,a light,archive · cut-outs,P134_a-light_20,"""a light"" — cut from P134. To follow comets to the capital city of our collective consciousness. Resurrecting Atlantis."
P134_the-sky_0,image,cut/out/thumbs/P134_the-sky_0.webp,,06 RESURRECTING ATLANTIS,the sky,archive · cut-outs,P134_the-sky_0,"""the sky"" — cut from P134. To follow comets to the capital city of our collective consciousness. Resurrecting Atlantis."
P135_a-person_0,image,cut/out/thumbs/P135_a-person_0.webp,,03 HOW TO BREAK OFF AN ENGAGEMENT,a person,archive · cut-outs,P135_a-person_0,"""a person"" — cut from P135. A broken promise. Glistening red fluid submersion and shorelines of release."
P135_a-human-face_0,image,cut/out/thumbs/P135_a-human-face_0.webp,,03 HOW TO BREAK OFF AN ENGAGEMENT,a human face,archive · cut-outs,P135_a-human-face_0,"""a human face"" — cut from P135. A broken promise. Glistening red fluid submersion and shorelines of release."
P135_a-light_11,image,cut/out/thumbs/P135_a-light_11.webp,,03 HOW TO BREAK OFF AN ENGAGEMENT,a light,archive · cut-outs,P135_a-light_11,"""a light"" — cut from P135. A broken promise. Glistening red fluid submersion and shorelines of release."
P135_a-road_0,image,cut/out/thumbs/P135_a-road_0.webp,,03 HOW TO BREAK OFF AN ENGAGEMENT,a road,archive · cut-outs,P135_a-road_0,"""a road"" — cut from P135. A broken promise. Glistening red fluid submersion and shorelines of release."
P135_a-road_1,image,cut/out/thumbs/P135_a-road_1.webp,,03 HOW TO BREAK OFF AN ENGAGEMENT,a road,archive · cut-outs,P135_a-road_1,"""a road"" — cut from P135. A broken promise. Glistening red fluid submersion and shorelines of release."
P135_a-road_2,image,cut/out/thumbs/P135_a-road_2.webp,,03 HOW TO BREAK OFF AN ENGAGEMENT,a road,archive · cut-outs,P135_a-road_2,"""a road"" — cut from P135. A broken promise. Glistening red fluid submersion and shorelines of release."
P135_a-building_0,image,cut/out/thumbs/P135_a-building_0.webp,,03 HOW TO BREAK OFF AN ENGAGEMENT,a building,archive · cut-outs,P135_a-building_0,"""a building"" — cut from P135. A broken promise. Glistening red fluid submersion and shorelines of release."
P135_a-building_1,image,cut/out/thumbs/P135_a-building_1.webp,,03 HOW TO BREAK OFF AN ENGAGEMENT,a building,archive · cut-outs,P135_a-building_1,"""a building"" — cut from P135. A broken promise. Glistening red fluid submersion and shorelines of release."
P135_a-building_2,image,cut/out/thumbs/P135_a-building_2.webp,,03 HOW TO BREAK OFF AN ENGAGEMENT,a building,archive · cut-outs,P135_a-building_2,"""a building"" — cut from P135. A broken promise. Glistening red fluid submersion and shorelines of release."
P135_the-sky_0,image,cut/out/thumbs/P135_the-sky_0.webp,,03 HOW TO BREAK OFF AN ENGAGEMENT,the sky,archive · cut-outs,P135_the-sky_0,"""the sky"" — cut from P135. A broken promise. Glistening red fluid submersion and shorelines of release."
